Title,Text,Created,Date,Status,Subtitle,Direct URL,Image,Category,Tag,SEO title,SEO desc,SEO keywords
Где провести корпоратив в Санкт-Петербурге: ТОП-30 лучших площадок 2027 года,"<p class=""lead""><strong>Где провести корпоратив в Санкт-Петербурге: ТОП-30 лучших площадок 2027 года</strong> — ключевое руководство по организации идеального корпоративного мероприятия в Санкт-Петербурге и Ленинградской области в 2027 году. Обзор 30 лучших залов, лофтов и загородных отелей Санкт-Петербурга с разбором вместимости и среднего чека.</p>

<h2>Почему тема «Где провести корпоратив в Санкт-Петербурге: ТОП-30 лучших площадок 2027 года» актуальна для бизнеса в Санкт-Петербурге</h2>
<p>Организация корпоративного ивента в Северной Столице требует учета географических особенностей, формата площадки и специфики петербургской погоды. Выбирая данный формат, компании получают:</p>

<ul>
  <li><strong>Высокую вовлеченность (eNPS):</strong> До 95% положительных отзывов коллектива.</li>
  <li><strong>Сильный HR-бренд:</strong> Привлечение топовых кадров из IT и коммерческого сектора СПб.</li>
  <li><strong>Финансовую прозрачность:</strong> Четкое понимание структуры сметы без скрытых переплат.</li>
</ul>

<h2>Ключевые этапы и практические рекомендации по шагам</h2>
<p>При подготовке темы <em>где провести корпоратив в санкт-петербурге: топ-30 лучших площадок 2027 года</em> в Санкт-Петербурге рекомендуется соблюдать следующий алгоритм:</p>

<ol>
  <li><strong>Анализ площадки и логистики:</strong> Проверка транспортной доступности (метро, Западный Скоростной Диаметр, трансфер), парковки и технической оснащенности.</li>
  <li><strong>Согласование меню и напитков:</strong> Расчет 1200-1500г еды на человека, дегустация блюд и согласование условий по алкоголю.</li>
  <li><strong>Сценарий и шоу-программа:</strong> Наполнение интерактивами, подбор профессионального ведущего и кавер-группы.</li>
  <li><strong>Техническое обеспечение:</strong> Аренда качественного звука (не менее 3 кВт), света, экранов и дежурство техников.</li>
</ol>

<h2>Примерная структура сметы для СПб (из расчета на 50 человек)</h2>
<table border=""1"" cellpadding=""10"" cellspacing=""0"" style=""width:100%; border-collapse:collapse; margin:15px 0;"">
  <thead>
    <tr style=""background-color:#1e293b; color:#ffffff;"">
      <th>Категория расходов</th>
      <th>Средняя стоимость в СПб</th>
      <th>Примечание</th>
    </tr>
  </thead>
  <tbody>
    <tr>
      <td>Аренда площадки / Банкет</td>
      <td>200 000 – 350 000 ₽</td>
      <td>От 4000 ₽/чел + обслуживание</td>
    </tr>
    <tr>
      <td>Ведущий + DJ и оборудование</td>
      <td>80 000 – 150 000 ₽</td>
      <td>5 часов программы, звук и свет</td>
    </tr>
    <tr>
      <td>Шоу-программа / Интерактивы</td>
      <td>50 000 – 120 000 ₽</td>
      <td>Кавер-группа, фотозона или квест</td>
    </tr>
    <tr>
      <td>Фото и видеосъемка</td>
      <td>35 000 – 60 000 ₽</td>
      <td>6 часов работы + Reels/SMM клип</td>
    </tr>
  </tbody>
</table>

<h2>Совет от ивент-продюсеров EventPro СПб</h2>
<blockquote style=""border-left: 4px solid #6366f1; padding-left: 15px; font-style: italic; color: #475569;"">
«Главный фактор успеха корпоратива в Петербурге — закладывать резерв по времени и погоде. Всегда проверяйте наличие отапливаемой закрытой зоны и заказывайте трансфер с запасом 20 минут.»
</blockquote>

<h2>Часто задаваемые вопросы (FAQ)</h2>
<h3>За сколько недель до даты нужно бронировать локацию?</h3>
<p>Для летнего сезона и декабря в СПб оптимальный срок — за 2-4 месяца. В обычные месяцы достаточно 3-4 недель.</p>

<h3>Можно ли привезти свой алкоголь?</h3>
<p>Большинство заведений СПб предоставляют такую возможность с уплатой пробкового сбора (от 300 до 800 руб/чел) либо при достижении минимального чека депозита.</p>

<h2>Бесплатный подбор площадок в Санкт-Петербурге</h2>
<p>Оставьте заявку, и наши специалисты бесплатно подготовят для вас расчет сметы и подборку из 5 лучших площадок под ваш бюджет за 30 минут!</p>",2027-01-02 12:00:00,2027-01-02 12:00:00,published,"Гайд СПб 2027: Обзор 30 лучших залов, лофтов и загородных отелей Санкт-Петербурга с разбором вместимости и среднего чека.",article-1-где-провести-корпоратив-в,https://images.tildacdn.com/corporate_event_spb_2.jpg,Площадки и Локации,"Площадки и Локации, СПб, 2027, Гайд",Где провести корпоратив в Санкт-Петербурге: ТОП-30 лучших площадок 2027 года | Гайд СПб 2027,"Статья: Где провести корпоратив в Санкт-Петербурге: ТОП-30 лучших площадок 2027 года. Обзор 30 лучших залов, лофтов и загородных отелей Санкт-Петербурга с разбором вместимости и среднего чека. Полный разбор смет, чек-листов и лучших мест в Санкт-Петербурге.","где провести корпоратив спб, площадки для корпоратива санкт петербург, корпоратив спб, организация мероприятий петербург"
Банкетные залы для корпоратива в СПб: как выбрать и не переплатить,"<p class=""lead""><strong>Банкетные залы для корпоратива в СПб: как выбрать и не переплатить</strong> — ключевое руководство по организации идеального корпоративного мероприятия в Санкт-Петербурге и Ленинградской области в 2027 году. Секреты переговоров с банкетными менеджерами Петербурга, правила выбора зала и отсутствие скрытых сборов.</p>

<h2>Почему тема «Банкетные залы для корпоратива в СПб: как выбрать и не переплатить» актуальна для бизнеса в Санкт-Петербурге</h2>
<p>Организация корпоративного ивента в Северной Столице требует учета географических особенностей, формата площадки и специфики петербургской погоды. Выбирая данный формат, компании получают:</p>

<ul>
  <li><strong>Высокую вовлеченность (eNPS):</strong> До 95% положительных отзывов коллектива.</li>
  <li><strong>Сильный HR-бренд:</strong> Привлечение топовых кадров из IT и коммерческого сектора СПб.</li>
  <li><strong>Финансовую прозрачность:</strong> Четкое понимание структуры сметы без скрытых переплат.</li>
</ul>

<h2>Ключевые этапы и практические рекомендации по шагам</h2>
<p>При подготовке темы <em>банкетные залы для корпоратива в спб: как выбрать и не переплатить</em> в Санкт-Петербурге рекомендуется соблюдать следующий алгоритм:</p>

<ol>
  <li><strong>Анализ площадки и логистики:</strong> Проверка транспортной доступности (метро, Западный Скоростной Диаметр, трансфер), парковки и технической оснащенности.</li>
  <li><strong>Согласование меню и напитков:</strong> Расчет 1200-1500г еды на человека, дегустация блюд и согласование условий по алкоголю.</li>
  <li><strong>Сценарий и шоу-программа:</strong> Наполнение интерактивами, подбор профессионального ведущего и кавер-группы.</li>
  <li><strong>Техническое обеспечение:</strong> Аренда качественного звука (не менее 3 кВт), света, экранов и дежурство техников.</li>
</ol>

<h2>Примерная структура сметы для СПб (из расчета на 50 человек)</h2>
<table border=""1"" cellpadding=""10"" cellspacing=""0"" style=""width:100%; border-collapse:collapse; margin:15px 0;"">
  <thead>
    <tr style=""background-color:#1e293b; color:#ffffff;"">
      <th>Категория расходов</th>
      <th>Средняя стоимость в СПб</th>
      <th>Примечание</th>
    </tr>
  </thead>
  <tbody>
    <tr>
      <td>Аренда площадки / Банкет</td>
      <td>200 000 – 350 000 ₽</td>
      <td>От 4000 ₽/чел + обслуживание</td>
    </tr>
    <tr>
      <td>Ведущий + DJ и оборудование</td>
      <td>80 000 – 150 000 ₽</td>
      <td>5 часов программы, звук и свет</td>
    </tr>
    <tr>
      <td>Шоу-программа / Интерактивы</td>
      <td>50 000 – 120 000 ₽</td>
      <td>Кавер-группа, фотозона или квест</td>
    </tr>
    <tr>
      <td>Фото и видеосъемка</td>
      <td>35 000 – 60 000 ₽</td>
      <td>6 часов работы + Reels/SMM клип</td>
    </tr>
  </tbody>
</table>

<h2>Совет от ивент-продюсеров EventPro СПб</h2>
<blockquote style=""border-left: 4px solid #6366f1; padding-left: 15px; font-style: italic; color: #475569;"">
«Главный фактор успеха корпоратива в Петербурге — закладывать резерв по времени и погоде. Всегда проверяйте наличие отапливаемой закрытой зоны и заказывайте трансфер с запасом 20 минут.»
</blockquote>

<h2>Часто задаваемые вопросы (FAQ)</h2>
<h3>За сколько недель до даты нужно бронировать локацию?</h3>
<p>Для летнего сезона и декабря в СПб оптимальный срок — за 2-4 месяца. В обычные месяцы достаточно 3-4 недель.</p>

<h3>Можно ли привезти свой алкоголь?</h3>
<p>Большинство заведений СПб предоставляют такую возможность с уплатой пробкового сбора (от 300 до 800 руб/чел) либо при достижении минимального чека депозита.</p>

<h2>Бесплатный подбор площадок в Санкт-Петербурге</h2>
<p>Оставьте заявку, и наши специалисты бесплатно подготовят для вас расчет сметы и подборку из 5 лучших площадок под ваш бюджет за 30 минут!</p>",2027-01-03 12:00:00,2027-01-03 12:00:00,published,"Гайд СПб 2027: Секреты переговоров с банкетными менеджерами Петербурга, правила выбора зала и отсутствие скрытых сборов.",article-2-банкетные-залы-для-корпоратива,https://images.tildacdn.com/corporate_event_spb_3.jpg,Площадки и Локации,"Площадки и Локации, СПб, 2027, Гайд",Банкетные залы для корпоратива в СПб: как выбрать и не переплатить | Гайд СПб 2027,"Статья: Банкетные залы для корпоратива в СПб: как выбрать и не переплатить. Секреты переговоров с банкетными менеджерами Петербурга, правила выбора зала и отсутствие скрытых сборов. Полный разбор смет, чек-листов и лучших мест в Санкт-Петербурге.","банкетный зал для корпоратива спб, арендовать зал под корпоратив питер, корпоратив спб, организация мероприятий петербург"
Корпоратив на теплоходе по Неве и Финскому заливу: стоимость и маршруты,"<p class=""lead""><strong>Корпоратив на теплоходе по Неве и Финскому заливу: стоимость и маршруты</strong> — ключевое руководство по организации идеального корпоративного мероприятия в Санкт-Петербурге и Ленинградской области в 2027 году. Всё об аренде однопалубных и двухпалубных теплоходов в СПб: причалы, кейтеринг, развод мостов и безопасность.</p>

<h2>Почему тема «Корпоратив на теплоходе по Неве и Финскому заливу: стоимость и маршруты» актуальна для бизнеса в Санкт-Петербурге</h2>
<p>Организация корпоративного ивента в Северной Столице требует учета географических особенностей, формата площадки и специфики петербургской погоды. Выбирая данный формат, компании получают:</p>

<ul>
  <li><strong>Высокую вовлеченность (eNPS):</strong> До 95% положительных отзывов коллектива.</li>
  <li><strong>Сильный HR-бренд:</strong> Привлечение топовых кадров из IT и коммерческого сектора СПб.</li>
  <li><strong>Финансовую прозрачность:</strong> Четкое понимание структуры сметы без скрытых переплат.</li>
</ul>

<h2>Ключевые этапы и практические рекомендации по шагам</h2>
<p>При подготовке темы <em>корпоратив на теплоходе по неве и финскому заливу: стоимость и маршруты</em> в Санкт-Петербурге рекомендуется соблюдать следующий алгоритм:</p>

<ol>
  <li><strong>Анализ площадки и логистики:</strong> Проверка транспортной доступности (метро, Западный Скоростной Диаметр, трансфер), парковки и технической оснащенности.</li>
  <li><strong>Согласование меню и напитков:</strong> Расчет 1200-1500г еды на человека, дегустация блюд и согласование условий по алкоголю.</li>
  <li><strong>Сценарий и шоу-программа:</strong> Наполнение интерактивами, подбор профессионального ведущего и кавер-группы.</li>
  <li><strong>Техническое обеспечение:</strong> Аренда качественного звука (не менее 3 кВт), света, экранов и дежурство техников.</li>
</ol>

<h2>Примерная структура сметы для СПб (из расчета на 50 человек)</h2>
<table border=""1"" cellpadding=""10"" cellspacing=""0"" style=""width:100%; border-collapse:collapse; margin:15px 0;"">
  <thead>
    <tr style=""background-color:#1e293b; color:#ffffff;"">
      <th>Категория расходов</th>
      <th>Средняя стоимость в СПб</th>
      <th>Примечание</th>
    </tr>
  </thead>
  <tbody>
    <tr>
      <td>Аренда площадки / Банкет</td>
      <td>200 000 – 350 000 ₽</td>
      <td>От 4000 ₽/чел + обслуживание</td>
    </tr>
    <tr>
      <td>Ведущий + DJ и оборудование</td>
      <td>80 000 – 150 000 ₽</td>
      <td>5 часов программы, звук и свет</td>
    </tr>
    <tr>
      <td>Шоу-программа / Интерактивы</td>
      <td>50 000 – 120 000 ₽</td>
      <td>Кавер-группа, фотозона или квест</td>
    </tr>
    <tr>
      <td>Фото и видеосъемка</td>
      <td>35 000 – 60 000 ₽</td>
      <td>6 часов работы + Reels/SMM клип</td>
    </tr>
  </tbody>
</table>

<h2>Совет от ивент-продюсеров EventPro СПб</h2>
<blockquote style=""border-left: 4px solid #6366f1; padding-left: 15px; font-style: italic; color: #475569;"">
«Главный фактор успеха корпоратива в Петербурге — закладывать резерв по времени и погоде. Всегда проверяйте наличие отапливаемой закрытой зоны и заказывайте трансфер с запасом 20 минут.»
</blockquote>

<h2>Часто задаваемые вопросы (FAQ)</h2>
<h3>За сколько недель до даты нужно бронировать локацию?</h3>
<p>Для летнего сезона и декабря в СПб оптимальный срок — за 2-4 месяца. В обычные месяцы достаточно 3-4 недель.</p>

<h3>Можно ли привезти свой алкоголь?</h3>
<p>Большинство заведений СПб предоставляют такую возможность с уплатой пробкового сбора (от 300 до 800 руб/чел) либо при достижении минимального чека депозита.</p>

<h2>Бесплатный подбор площадок в Санкт-Петербурге</h2>
<p>Оставьте заявку, и наши специалисты бесплатно подготовят для вас расчет сметы и подборку из 5 лучших площадок под ваш бюджет за 30 минут!</p>",2027-01-04 12:00:00,2027-01-04 12:00:00,published,"Гайд СПб 2027: Всё об аренде однопалубных и двухпалубных теплоходов в СПб: причалы, кейтеринг, развод мостов и безопасность.",article-3-корпоратив-на-теплоходе-по,https://images.tildacdn.com/corporate_event_spb_4.jpg,Площадки и Локации,"Площадки и Локации, СПб, 2027, Гайд",Корпоратив на теплоходе по Неве и Финскому заливу: стоимость и маршруты | Гайд СПб 2027,"Статья: Корпоратив на теплоходе по Неве и Финскому заливу: стоимость и маршруты. Всё об аренде однопалубных и двухпалубных теплоходов в СПб: причалы, кейтеринг, развод мостов и безопасность. Полный разбор смет, чек-листов и лучших мест в Санкт-Петербурге.","корпоратив на теплоходе спб, аренда теплохода на корпоратив питер, корпоратив спб, организация мероприятий петербург"
Загородный корпоратив в Ленобласти: лучшие отели и курорты Курортного района,"<p class=""lead""><strong>Загородный корпоратив в Ленобласти: лучшие отели и курорты Курортного района</strong> — ключевое руководство по организации идеального корпоративного мероприятия в Санкт-Петербурге и Ленинградской области в 2027 году. Гид по Репино, Комарово и Зеленогорску: премиальные загородные отели для проживания и тимбилдинга команды.</p>

<h2>Почему тема «Загородный корпоратив в Ленобласти: лучшие отели и курорты Курортного района» актуальна для бизнеса в Санкт-Петербурге</h2>
<p>Организация корпоративного ивента в Северной Столице требует учета географических особенностей, формата площадки и специфики петербургской погоды. Выбирая данный формат, компании получают:</p>

<ul>
  <li><strong>Высокую вовлеченность (eNPS):</strong> До 95% положительных отзывов коллектива.</li>
  <li><strong>Сильный HR-бренд:</strong> Привлечение топовых кадров из IT и коммерческого сектора СПб.</li>
  <li><strong>Финансовую прозрачность:</strong> Четкое понимание структуры сметы без скрытых переплат.</li>
</ul>

<h2>Ключевые этапы и практические рекомендации по шагам</h2>
<p>При подготовке темы <em>загородный корпоратив в ленобласти: лучшие отели и курорты курортного района</em> в Санкт-Петербурге рекомендуется соблюдать следующий алгоритм:</p>

<ol>
  <li><strong>Анализ площадки и логистики:</strong> Проверка транспортной доступности (метро, Западный Скоростной Диаметр, трансфер), парковки и технической оснащенности.</li>
  <li><strong>Согласование меню и напитков:</strong> Расчет 1200-1500г еды на человека, дегустация блюд и согласование условий по алкоголю.</li>
  <li><strong>Сценарий и шоу-программа:</strong> Наполнение интерактивами, подбор профессионального ведущего и кавер-группы.</li>
  <li><strong>Техническое обеспечение:</strong> Аренда качественного звука (не менее 3 кВт), света, экранов и дежурство техников.</li>
</ol>

<h2>Примерная структура сметы для СПб (из расчета на 50 человек)</h2>
<table border=""1"" cellpadding=""10"" cellspacing=""0"" style=""width:100%; border-collapse:collapse; margin:15px 0;"">
  <thead>
    <tr style=""background-color:#1e293b; color:#ffffff;"">
      <th>Категория расходов</th>
      <th>Средняя стоимость в СПб</th>
      <th>Примечание</th>
    </tr>
  </thead>
  <tbody>
    <tr>
      <td>Аренда площадки / Банкет</td>
      <td>200 000 – 350 000 ₽</td>
      <td>От 4000 ₽/чел + обслуживание</td>
    </tr>
    <tr>
      <td>Ведущий + DJ и оборудование</td>
      <td>80 000 – 150 000 ₽</td>
      <td>5 часов программы, звук и свет</td>
    </tr>
    <tr>
      <td>Шоу-программа / Интерактивы</td>
      <td>50 000 – 120 000 ₽</td>
      <td>Кавер-группа, фотозона или квест</td>
    </tr>
    <tr>
      <td>Фото и видеосъемка</td>
      <td>35 000 – 60 000 ₽</td>
      <td>6 часов работы + Reels/SMM клип</td>
    </tr>
  </tbody>
</table>

<h2>Совет от ивент-продюсеров EventPro СПб</h2>
<blockquote style=""border-left: 4px solid #6366f1; padding-left: 15px; font-style: italic; color: #475569;"">
«Главный фактор успеха корпоратива в Петербурге — закладывать резерв по времени и погоде. Всегда проверяйте наличие отапливаемой закрытой зоны и заказывайте трансфер с запасом 20 минут.»
</blockquote>

<h2>Часто задаваемые вопросы (FAQ)</h2>
<h3>За сколько недель до даты нужно бронировать локацию?</h3>
<p>Для летнего сезона и декабря в СПб оптимальный срок — за 2-4 месяца. В обычные месяцы достаточно 3-4 недель.</p>

<h3>Можно ли привезти свой алкоголь?</h3>
<p>Большинство заведений СПб предоставляют такую возможность с уплатой пробкового сбора (от 300 до 800 руб/чел) либо при достижении минимального чека депозита.</p>

<h2>Бесплатный подбор площадок в Санкт-Петербурге</h2>
<p>Оставьте заявку, и наши специалисты бесплатно подготовят для вас расчет сметы и подборку из 5 лучших площадок под ваш бюджет за 30 минут!</p>",2027-01-05 12:00:00,2027-01-05 12:00:00,published,"Гайд СПб 2027: Гид по Репино, Комарово и Зеленогорску: премиальные загородные отели для проживания и тимбилдинга команды.",article-4-загородный-корпоратив-в-ленобласти,https://images.tildacdn.com/corporate_event_spb_5.jpg,Площадки и Локации,"Площадки и Локации, СПб, 2027, Гайд",Загородный корпоратив в Ленобласти: лучшие отели и курорты Курортного района | Гайд СПб 2027,"Статья: Загородный корпоратив в Ленобласти: лучшие отели и курорты Курортного района. Гид по Репино, Комарово и Зеленогорску: премиальные загородные отели для проживания и тимбилдинга команды. Полный разбор смет, чек-листов и лучших мест в Санкт-Петербурге.","загородный корпоратив ленобласть, корпоратив в отельном комплексе спб, корпоратив спб, организация мероприятий петербург"
Необычные площадки для корпоратива в СПб: от лофтов Севкабеля до крыш и оранжерей,"<p class=""lead""><strong>Необычные площадки для корпоратива в СПб: от лофтов Севкабеля до крыш и оранжерей</strong> — ключевое руководство по организации идеального корпоративного мероприятия в Санкт-Петербурге и Ленинградской области в 2027 году. Креативные локации Северной Столицы: Севкабель Порт, Бертгольд Центр, видовые крыши и ботанические сады.</p>

<h2>Почему тема «Необычные площадки для корпоратива в СПб: от лофтов Севкабеля до крыш и оранжерей» актуальна для бизнеса в Санкт-Петербурге</h2>
<p>Организация корпоративного ивента в Северной Столице требует учета географических особенностей, формата площадки и специфики петербургской погоды. Выбирая данный формат, компании получают:</p>

<ul>
  <li><strong>Высокую вовлеченность (eNPS):</strong> До 95% положительных отзывов коллектива.</li>
  <li><strong>Сильный HR-бренд:</strong> Привлечение топовых кадров из IT и коммерческого сектора СПб.</li>
  <li><strong>Финансовую прозрачность:</strong> Четкое понимание структуры сметы без скрытых переплат.</li>
</ul>

<h2>Ключевые этапы и практические рекомендации по шагам</h2>
<p>При подготовке темы <em>необычные площадки для корпоратива в спб: от лофтов севкабеля до крыш и оранжерей</em> в Санкт-Петербурге рекомендуется соблюдать следующий алгоритм:</p>

<ol>
  <li><strong>Анализ площадки и логистики:</strong> Проверка транспортной доступности (метро, Западный Скоростной Диаметр, трансфер), парковки и технической оснащенности.</li>
  <li><strong>Согласование меню и напитков:</strong> Расчет 1200-1500г еды на человека, дегустация блюд и согласование условий по алкоголю.</li>
  <li><strong>Сценарий и шоу-программа:</strong> Наполнение интерактивами, подбор профессионального ведущего и кавер-группы.</li>
  <li><strong>Техническое обеспечение:</strong> Аренда качественного звука (не менее 3 кВт), света, экранов и дежурство техников.</li>
</ol>

<h2>Примерная структура сметы для СПб (из расчета на 50 человек)</h2>
<table border=""1"" cellpadding=""10"" cellspacing=""0"" style=""width:100%; border-collapse:collapse; margin:15px 0;"">
  <thead>
    <tr style=""background-color:#1e293b; color:#ffffff;"">
      <th>Категория расходов</th>
      <th>Средняя стоимость в СПб</th>
      <th>Примечание</th>
    </tr>
  </thead>
  <tbody>
    <tr>
      <td>Аренда площадки / Банкет</td>
      <td>200 000 – 350 000 ₽</td>
      <td>От 4000 ₽/чел + обслуживание</td>
    </tr>
    <tr>
      <td>Ведущий + DJ и оборудование</td>
      <td>80 000 – 150 000 ₽</td>
      <td>5 часов программы, звук и свет</td>
    </tr>
    <tr>
      <td>Шоу-программа / Интерактивы</td>
      <td>50 000 – 120 000 ₽</td>
      <td>Кавер-группа, фотозона или квест</td>
    </tr>
    <tr>
      <td>Фото и видеосъемка</td>
      <td>35 000 – 60 000 ₽</td>
      <td>6 часов работы + Reels/SMM клип</td>
    </tr>
  </tbody>
</table>

<h2>Совет от ивент-продюсеров EventPro СПб</h2>
<blockquote style=""border-left: 4px solid #6366f1; padding-left: 15px; font-style: italic; color: #475569;"">
«Главный фактор успеха корпоратива в Петербурге — закладывать резерв по времени и погоде. Всегда проверяйте наличие отапливаемой закрытой зоны и заказывайте трансфер с запасом 20 минут.»
</blockquote>

<h2>Часто задаваемые вопросы (FAQ)</h2>
<h3>За сколько недель до даты нужно бронировать локацию?</h3>
<p>Для летнего сезона и декабря в СПб оптимальный срок — за 2-4 месяца. В обычные месяцы достаточно 3-4 недель.</p>

<h3>Можно ли привезти свой алкоголь?</h3>
<p>Большинство заведений СПб предоставляют такую возможность с уплатой пробкового сбора (от 300 до 800 руб/чел) либо при достижении минимального чека депозита.</p>

<h2>Бесплатный подбор площадок в Санкт-Петербурге</h2>
<p>Оставьте заявку, и наши специалисты бесплатно подготовят для вас расчет сметы и подборку из 5 лучших площадок под ваш бюджет за 30 минут!</p>",2027-01-06 12:00:00,2027-01-06 12:00:00,published,"Гайд СПб 2027: Креативные локации Северной Столицы: Севкабель Порт, Бертгольд Центр, видовые крыши и ботанические сады.",article-5-необычные-площадки-для-корпоратива,https://images.tildacdn.com/corporate_event_spb_6.jpg,Площадки и Локации,"Площадки и Локации, СПб, 2027, Гайд",Необычные площадки для корпоратива в СПб: от лофтов Севкабеля до крыш и оранжерей | Гайд СПб 2027,"Статья: Необычные площадки для корпоратива в СПб: от лофтов Севкабеля до крыш и оранжерей. Креативные локации Северной Столицы: Севкабель Порт, Бертгольд Центр, видовые крыши и ботанические сады. Полный разбор смет, чек-листов и лучших мест в Санкт-Петербурге.","необычные площадки для корпоратива спб, лофт для корпоратива питер, корпоратив спб, организация мероприятий петербург"
Аренда коттеджа в Ленинградской области на корпоратив: плюсы и подводные камни,"<p class=""lead""><strong>Аренда коттеджа в Ленинградской области на корпоратив: плюсы и подводные камни</strong> — ключевое руководство по организации идеального корпоративного мероприятия в Санкт-Петербурге и Ленинградской области в 2027 году. Как арендовать большой коттедж на 20-50 человек в Ленобласти, залоговые депозиты и шум после 23:00.</p>

<h2>Почему тема «Аренда коттеджа в Ленинградской области на корпоратив: плюсы и подводные камни» актуальна для бизнеса в Санкт-Петербурге</h2>
<p>Организация корпоративного ивента в Северной Столице требует учета географических особенностей, формата площадки и специфики петербургской погоды. Выбирая данный формат, компании получают:</p>

<ul>
  <li><strong>Высокую вовлеченность (eNPS):</strong> До 95% положительных отзывов коллектива.</li>
  <li><strong>Сильный HR-бренд:</strong> Привлечение топовых кадров из IT и коммерческого сектора СПб.</li>
  <li><strong>Финансовую прозрачность:</strong> Четкое понимание структуры сметы без скрытых переплат.</li>
</ul>

<h2>Ключевые этапы и практические рекомендации по шагам</h2>
<p>При подготовке темы <em>аренда коттеджа в ленинградской области на корпоратив: плюсы и подводные камни</em> в Санкт-Петербурге рекомендуется соблюдать следующий алгоритм:</p>

<ol>
  <li><strong>Анализ площадки и логистики:</strong> Проверка транспортной доступности (метро, Западный Скоростной Диаметр, трансфер), парковки и технической оснащенности.</li>
  <li><strong>Согласование меню и напитков:</strong> Расчет 1200-1500г еды на человека, дегустация блюд и согласование условий по алкоголю.</li>
  <li><strong>Сценарий и шоу-программа:</strong> Наполнение интерактивами, подбор профессионального ведущего и кавер-группы.</li>
  <li><strong>Техническое обеспечение:</strong> Аренда качественного звука (не менее 3 кВт), света, экранов и дежурство техников.</li>
</ol>

<h2>Примерная структура сметы для СПб (из расчета на 50 человек)</h2>
<table border=""1"" cellpadding=""10"" cellspacing=""0"" style=""width:100%; border-collapse:collapse; margin:15px 0;"">
  <thead>
    <tr style=""background-color:#1e293b; color:#ffffff;"">
      <th>Категория расходов</th>
      <th>Средняя стоимость в СПб</th>
      <th>Примечание</th>
    </tr>
  </thead>
  <tbody>
    <tr>
      <td>Аренда площадки / Банкет</td>
      <td>200 000 – 350 000 ₽</td>
      <td>От 4000 ₽/чел + обслуживание</td>
    </tr>
    <tr>
      <td>Ведущий + DJ и оборудование</td>
      <td>80 000 – 150 000 ₽</td>
      <td>5 часов программы, звук и свет</td>
    </tr>
    <tr>
      <td>Шоу-программа / Интерактивы</td>
      <td>50 000 – 120 000 ₽</td>
      <td>Кавер-группа, фотозона или квест</td>
    </tr>
    <tr>
      <td>Фото и видеосъемка</td>
      <td>35 000 – 60 000 ₽</td>
      <td>6 часов работы + Reels/SMM клип</td>
    </tr>
  </tbody>
</table>

<h2>Совет от ивент-продюсеров EventPro СПб</h2>
<blockquote style=""border-left: 4px solid #6366f1; padding-left: 15px; font-style: italic; color: #475569;"">
«Главный фактор успеха корпоратива в Петербурге — закладывать резерв по времени и погоде. Всегда проверяйте наличие отапливаемой закрытой зоны и заказывайте трансфер с запасом 20 минут.»
</blockquote>

<h2>Часто задаваемые вопросы (FAQ)</h2>
<h3>За сколько недель до даты нужно бронировать локацию?</h3>
<p>Для летнего сезона и декабря в СПб оптимальный срок — за 2-4 месяца. В обычные месяцы достаточно 3-4 недель.</p>

<h3>Можно ли привезти свой алкоголь?</h3>
<p>Большинство заведений СПб предоставляют такую возможность с уплатой пробкового сбора (от 300 до 800 руб/чел) либо при достижении минимального чека депозита.</p>

<h2>Бесплатный подбор площадок в Санкт-Петербурге</h2>
<p>Оставьте заявку, и наши специалисты бесплатно подготовят для вас расчет сметы и подборку из 5 лучших площадок под ваш бюджет за 30 минут!</p>",2027-01-07 12:00:00,2027-01-07 12:00:00,published,"Гайд СПб 2027: Как арендовать большой коттедж на 20-50 человек в Ленобласти, залоговые депозиты и шум после 23:00.",article-6-аренда-коттеджа-в-ленинградской,https://images.tildacdn.com/corporate_event_spb_7.jpg,Площадки и Локации,"Площадки и Локации, СПб, 2027, Гайд",Аренда коттеджа в Ленинградской области на корпоратив: плюсы и подводные камни | Гайд СПб 2027,"Статья: Аренда коттеджа в Ленинградской области на корпоратив: плюсы и подводные камни. Как арендовать большой коттедж на 20-50 человек в Ленобласти, залоговые депозиты и шум после 23:00. Полный разбор смет, чек-листов и лучших мест в Санкт-Петербурге.","аренда коттеджа на корпоратив спб, загородный дом под мероприятие ленобласть, корпоратив спб, организация мероприятий петербург"
Корпоратив в ресторане с отдельным залом в центре СПб: подборка мест,"<p class=""lead""><strong>Корпоратив в ресторане с отдельным залом в центре СПб: подборка мест</strong> — ключевое руководство по организации идеального корпоративного мероприятия в Санкт-Петербурге и Ленинградской области в 2027 году. Камерные VIP-залы в ресторанах на Невском проспекте, Петроградской стороне и Васильевском острове.</p>

<h2>Почему тема «Корпоратив в ресторане с отдельным залом в центре СПб: подборка мест» актуальна для бизнеса в Санкт-Петербурге</h2>
<p>Организация корпоративного ивента в Северной Столице требует учета географических особенностей, формата площадки и специфики петербургской погоды. Выбирая данный формат, компании получают:</p>

<ul>
  <li><strong>Высокую вовлеченность (eNPS):</strong> До 95% положительных отзывов коллектива.</li>
  <li><strong>Сильный HR-бренд:</strong> Привлечение топовых кадров из IT и коммерческого сектора СПб.</li>
  <li><strong>Финансовую прозрачность:</strong> Четкое понимание структуры сметы без скрытых переплат.</li>
</ul>

<h2>Ключевые этапы и практические рекомендации по шагам</h2>
<p>При подготовке темы <em>корпоратив в ресторане с отдельным залом в центре спб: подборка мест</em> в Санкт-Петербурге рекомендуется соблюдать следующий алгоритм:</p>

<ol>
  <li><strong>Анализ площадки и логистики:</strong> Проверка транспортной доступности (метро, Западный Скоростной Диаметр, трансфер), парковки и технической оснащенности.</li>
  <li><strong>Согласование меню и напитков:</strong> Расчет 1200-1500г еды на человека, дегустация блюд и согласование условий по алкоголю.</li>
  <li><strong>Сценарий и шоу-программа:</strong> Наполнение интерактивами, подбор профессионального ведущего и кавер-группы.</li>
  <li><strong>Техническое обеспечение:</strong> Аренда качественного звука (не менее 3 кВт), света, экранов и дежурство техников.</li>
</ol>

<h2>Примерная структура сметы для СПб (из расчета на 50 человек)</h2>
<table border=""1"" cellpadding=""10"" cellspacing=""0"" style=""width:100%; border-collapse:collapse; margin:15px 0;"">
  <thead>
    <tr style=""background-color:#1e293b; color:#ffffff;"">
      <th>Категория расходов</th>
      <th>Средняя стоимость в СПб</th>
      <th>Примечание</th>
    </tr>
  </thead>
  <tbody>
    <tr>
      <td>Аренда площадки / Банкет</td>
      <td>200 000 – 350 000 ₽</td>
      <td>От 4000 ₽/чел + обслуживание</td>
    </tr>
    <tr>
      <td>Ведущий + DJ и оборудование</td>
      <td>80 000 – 150 000 ₽</td>
      <td>5 часов программы, звук и свет</td>
    </tr>
    <tr>
      <td>Шоу-программа / Интерактивы</td>
      <td>50 000 – 120 000 ₽</td>
      <td>Кавер-группа, фотозона или квест</td>
    </tr>
    <tr>
      <td>Фото и видеосъемка</td>
      <td>35 000 – 60 000 ₽</td>
      <td>6 часов работы + Reels/SMM клип</td>
    </tr>
  </tbody>
</table>

<h2>Совет от ивент-продюсеров EventPro СПб</h2>
<blockquote style=""border-left: 4px solid #6366f1; padding-left: 15px; font-style: italic; color: #475569;"">
«Главный фактор успеха корпоратива в Петербурге — закладывать резерв по времени и погоде. Всегда проверяйте наличие отапливаемой закрытой зоны и заказывайте трансфер с запасом 20 минут.»
</blockquote>

<h2>Часто задаваемые вопросы (FAQ)</h2>
<h3>За сколько недель до даты нужно бронировать локацию?</h3>
<p>Для летнего сезона и декабря в СПб оптимальный срок — за 2-4 месяца. В обычные месяцы достаточно 3-4 недель.</p>

<h3>Можно ли привезти свой алкоголь?</h3>
<p>Большинство заведений СПб предоставляют такую возможность с уплатой пробкового сбора (от 300 до 800 руб/чел) либо при достижении минимального чека депозита.</p>

<h2>Бесплатный подбор площадок в Санкт-Петербурге</h2>
<p>Оставьте заявку, и наши специалисты бесплатно подготовят для вас расчет сметы и подборку из 5 лучших площадок под ваш бюджет за 30 минут!</p>",2027-01-08 12:00:00,2027-01-08 12:00:00,published,"Гайд СПб 2027: Камерные VIP-залы в ресторанах на Невском проспекте, Петроградской стороне и Васильевском острове.",article-7-корпоратив-в-ресторане-с,https://images.tildacdn.com/corporate_event_spb_8.jpg,Площадки и Локации,"Площадки и Локации, СПб, 2027, Гайд",Корпоратив в ресторане с отдельным залом в центре СПб: подборка мест | Гайд СПб 2027,"Статья: Корпоратив в ресторане с отдельным залом в центре СПб: подборка мест. Камерные VIP-залы в ресторанах на Невском проспекте, Петроградской стороне и Васильевском острове. Полный разбор смет, чек-листов и лучших мест в Санкт-Петербурге.","ресторан с отдельным залом корпоратив спб, корпоратив спб, организация мероприятий петербург"
Шатер для корпоратива на берегу Финского залива: особенности аренды,"<p class=""lead""><strong>Шатер для корпоратива на берегу Финского залива: особенности аренды</strong> — ключевое руководство по организации идеального корпоративного мероприятия в Санкт-Петербурге и Ленинградской области в 2027 году. Организация праздника под тентом у воды: ветрозащита, обогрев, кейтеринг и санузлы в полевых условиях.</p>

<h2>Почему тема «Шатер для корпоратива на берегу Финского залива: особенности аренды» актуальна для бизнеса в Санкт-Петербурге</h2>
<p>Организация корпоративного ивента в Северной Столице требует учета географических особенностей, формата площадки и специфики петербургской погоды. Выбирая данный формат, компании получают:</p>

<ul>
  <li><strong>Высокую вовлеченность (eNPS):</strong> До 95% положительных отзывов коллектива.</li>
  <li><strong>Сильный HR-бренд:</strong> Привлечение топовых кадров из IT и коммерческого сектора СПб.</li>
  <li><strong>Финансовую прозрачность:</strong> Четкое понимание структуры сметы без скрытых переплат.</li>
</ul>

<h2>Ключевые этапы и практические рекомендации по шагам</h2>
<p>При подготовке темы <em>шатер для корпоратива на берегу финского залива: особенности аренды</em> в Санкт-Петербурге рекомендуется соблюдать следующий алгоритм:</p>

<ol>
  <li><strong>Анализ площадки и логистики:</strong> Проверка транспортной доступности (метро, Западный Скоростной Диаметр, трансфер), парковки и технической оснащенности.</li>
  <li><strong>Согласование меню и напитков:</strong> Расчет 1200-1500г еды на человека, дегустация блюд и согласование условий по алкоголю.</li>
  <li><strong>Сценарий и шоу-программа:</strong> Наполнение интерактивами, подбор профессионального ведущего и кавер-группы.</li>
  <li><strong>Техническое обеспечение:</strong> Аренда качественного звука (не менее 3 кВт), света, экранов и дежурство техников.</li>
</ol>

<h2>Примерная структура сметы для СПб (из расчета на 50 человек)</h2>
<table border=""1"" cellpadding=""10"" cellspacing=""0"" style=""width:100%; border-collapse:collapse; margin:15px 0;"">
  <thead>
    <tr style=""background-color:#1e293b; color:#ffffff;"">
      <th>Категория расходов</th>
      <th>Средняя стоимость в СПб</th>
      <th>Примечание</th>
    </tr>
  </thead>
  <tbody>
    <tr>
      <td>Аренда площадки / Банкет</td>
      <td>200 000 – 350 000 ₽</td>
      <td>От 4000 ₽/чел + обслуживание</td>
    </tr>
    <tr>
      <td>Ведущий + DJ и оборудование</td>
      <td>80 000 – 150 000 ₽</td>
      <td>5 часов программы, звук и свет</td>
    </tr>
    <tr>
      <td>Шоу-программа / Интерактивы</td>
      <td>50 000 – 120 000 ₽</td>
      <td>Кавер-группа, фотозона или квест</td>
    </tr>
    <tr>
      <td>Фото и видеосъемка</td>
      <td>35 000 – 60 000 ₽</td>
      <td>6 часов работы + Reels/SMM клип</td>
    </tr>
  </tbody>
</table>

<h2>Совет от ивент-продюсеров EventPro СПб</h2>
<blockquote style=""border-left: 4px solid #6366f1; padding-left: 15px; font-style: italic; color: #475569;"">
«Главный фактор успеха корпоратива в Петербурге — закладывать резерв по времени и погоде. Всегда проверяйте наличие отапливаемой закрытой зоны и заказывайте трансфер с запасом 20 минут.»
</blockquote>

<h2>Часто задаваемые вопросы (FAQ)</h2>
<h3>За сколько недель до даты нужно бронировать локацию?</h3>
<p>Для летнего сезона и декабря в СПб оптимальный срок — за 2-4 месяца. В обычные месяцы достаточно 3-4 недель.</p>

<h3>Можно ли привезти свой алкоголь?</h3>
<p>Большинство заведений СПб предоставляют такую возможность с уплатой пробкового сбора (от 300 до 800 руб/чел) либо при достижении минимального чека депозита.</p>

<h2>Бесплатный подбор площадок в Санкт-Петербурге</h2>
<p>Оставьте заявку, и наши специалисты бесплатно подготовят для вас расчет сметы и подборку из 5 лучших площадок под ваш бюджет за 30 минут!</p>",2027-01-09 12:00:00,2027-01-09 12:00:00,published,"Гайд СПб 2027: Организация праздника под тентом у воды: ветрозащита, обогрев, кейтеринг и санузлы в полевых условиях.",article-8-шатер-для-корпоратива-на,https://images.tildacdn.com/corporate_event_spb_9.jpg,Площадки и Локации,"Площадки и Локации, СПб, 2027, Гайд",Шатер для корпоратива на берегу Финского залива: особенности аренды | Гайд СПб 2027,"Статья: Шатер для корпоратива на берегу Финского залива: особенности аренды. Организация праздника под тентом у воды: ветрозащита, обогрев, кейтеринг и санузлы в полевых условиях. Полный разбор смет, чек-листов и лучших мест в Санкт-Петербурге.","шатер для корпоратива финский залив, площадка у воды спб, корпоратив спб, организация мероприятий петербург"
Видовые рестораны СПб для корпоратива на Петроградке и Васильевском,"<p class=""lead""><strong>Видовые рестораны СПб для корпоратива на Петроградке и Васильевском</strong> — ключевое руководство по организации идеального корпоративного мероприятия в Санкт-Петербурге и Ленинградской области в 2027 году. Панорамный вид на Исаакиевский собор, Неву и Лахта Центр: топовые видовые заведения Петербурга.</p>

<h2>Почему тема «Видовые рестораны СПб для корпоратива на Петроградке и Васильевском» актуальна для бизнеса в Санкт-Петербурге</h2>
<p>Организация корпоративного ивента в Северной Столице требует учета географических особенностей, формата площадки и специфики петербургской погоды. Выбирая данный формат, компании получают:</p>

<ul>
  <li><strong>Высокую вовлеченность (eNPS):</strong> До 95% положительных отзывов коллектива.</li>
  <li><strong>Сильный HR-бренд:</strong> Привлечение топовых кадров из IT и коммерческого сектора СПб.</li>
  <li><strong>Финансовую прозрачность:</strong> Четкое понимание структуры сметы без скрытых переплат.</li>
</ul>

<h2>Ключевые этапы и практические рекомендации по шагам</h2>
<p>При подготовке темы <em>видовые рестораны спб для корпоратива на петроградке и васильевском</em> в Санкт-Петербурге рекомендуется соблюдать следующий алгоритм:</p>

<ol>
  <li><strong>Анализ площадки и логистики:</strong> Проверка транспортной доступности (метро, Западный Скоростной Диаметр, трансфер), парковки и технической оснащенности.</li>
  <li><strong>Согласование меню и напитков:</strong> Расчет 1200-1500г еды на человека, дегустация блюд и согласование условий по алкоголю.</li>
  <li><strong>Сценарий и шоу-программа:</strong> Наполнение интерактивами, подбор профессионального ведущего и кавер-группы.</li>
  <li><strong>Техническое обеспечение:</strong> Аренда качественного звука (не менее 3 кВт), света, экранов и дежурство техников.</li>
</ol>

<h2>Примерная структура сметы для СПб (из расчета на 50 человек)</h2>
<table border=""1"" cellpadding=""10"" cellspacing=""0"" style=""width:100%; border-collapse:collapse; margin:15px 0;"">
  <thead>
    <tr style=""background-color:#1e293b; color:#ffffff;"">
      <th>Категория расходов</th>
      <th>Средняя стоимость в СПб</th>
      <th>Примечание</th>
    </tr>
  </thead>
  <tbody>
    <tr>
      <td>Аренда площадки / Банкет</td>
      <td>200 000 – 350 000 ₽</td>
      <td>От 4000 ₽/чел + обслуживание</td>
    </tr>
    <tr>
      <td>Ведущий + DJ и оборудование</td>
      <td>80 000 – 150 000 ₽</td>
      <td>5 часов программы, звук и свет</td>
    </tr>
    <tr>
      <td>Шоу-программа / Интерактивы</td>
      <td>50 000 – 120 000 ₽</td>
      <td>Кавер-группа, фотозона или квест</td>
    </tr>
    <tr>
      <td>Фото и видеосъемка</td>
      <td>35 000 – 60 000 ₽</td>
      <td>6 часов работы + Reels/SMM клип</td>
    </tr>
  </tbody>
</table>

<h2>Совет от ивент-продюсеров EventPro СПб</h2>
<blockquote style=""border-left: 4px solid #6366f1; padding-left: 15px; font-style: italic; color: #475569;"">
«Главный фактор успеха корпоратива в Петербурге — закладывать резерв по времени и погоде. Всегда проверяйте наличие отапливаемой закрытой зоны и заказывайте трансфер с запасом 20 минут.»
</blockquote>

<h2>Часто задаваемые вопросы (FAQ)</h2>
<h3>За сколько недель до даты нужно бронировать локацию?</h3>
<p>Для летнего сезона и декабря в СПб оптимальный срок — за 2-4 месяца. В обычные месяцы достаточно 3-4 недель.</p>

<h3>Можно ли привезти свой алкоголь?</h3>
<p>Большинство заведений СПб предоставляют такую возможность с уплатой пробкового сбора (от 300 до 800 руб/чел) либо при достижении минимального чека депозита.</p>

<h2>Бесплатный подбор площадок в Санкт-Петербурге</h2>
<p>Оставьте заявку, и наши специалисты бесплатно подготовят для вас расчет сметы и подборку из 5 лучших площадок под ваш бюджет за 30 минут!</p>",2027-01-10 12:00:00,2027-01-10 12:00:00,published,"Гайд СПб 2027: Панорамный вид на Исаакиевский собор, Неву и Лахта Центр: топовые видовые заведения Петербурга.",article-9-видовые-рестораны-спб-для,https://images.tildacdn.com/corporate_event_spb_10.jpg,Площадки и Локации,"Площадки и Локации, СПб, 2027, Гайд",Видовые рестораны СПб для корпоратива на Петроградке и Васильевском | Гайд СПб 2027,"Статья: Видовые рестораны СПб для корпоратива на Петроградке и Васильевском. Панорамный вид на Исаакиевский собор, Неву и Лахта Центр: топовые видовые заведения Петербурга. Полный разбор смет, чек-листов и лучших мест в Санкт-Петербурге.","видовой ресторан корпоратив спб, корпоратив спб, организация мероприятий петербург"
Загородные клубы Всеволожского и Выборгского районов под премиум корпоратив,"<p class=""lead""><strong>Загородные клубы Всеволожского и Выборгского районов под премиум корпоратив</strong> — ключевое руководство по организации идеального корпоративного мероприятия в Санкт-Петербурге и Ленинградской области в 2027 году. Премиальные закрытые клубы с гольфом, конными прогулками и СПА для руководства и ключевых партнеров.</p>

<h2>Почему тема «Загородные клубы Всеволожского и Выборгского районов под премиум корпоратив» актуальна для бизнеса в Санкт-Петербурге</h2>
<p>Организация корпоративного ивента в Северной Столице требует учета географических особенностей, формата площадки и специфики петербургской погоды. Выбирая данный формат, компании получают:</p>

<ul>
  <li><strong>Высокую вовлеченность (eNPS):</strong> До 95% положительных отзывов коллектива.</li>
  <li><strong>Сильный HR-бренд:</strong> Привлечение топовых кадров из IT и коммерческого сектора СПб.</li>
  <li><strong>Финансовую прозрачность:</strong> Четкое понимание структуры сметы без скрытых переплат.</li>
</ul>

<h2>Ключевые этапы и практические рекомендации по шагам</h2>
<p>При подготовке темы <em>загородные клубы всеволожского и выборгского районов под премиум корпоратив</em> в Санкт-Петербурге рекомендуется соблюдать следующий алгоритм:</p>

<ol>
  <li><strong>Анализ площадки и логистики:</strong> Проверка транспортной доступности (метро, Западный Скоростной Диаметр, трансфер), парковки и технической оснащенности.</li>
  <li><strong>Согласование меню и напитков:</strong> Расчет 1200-1500г еды на человека, дегустация блюд и согласование условий по алкоголю.</li>
  <li><strong>Сценарий и шоу-программа:</strong> Наполнение интерактивами, подбор профессионального ведущего и кавер-группы.</li>
  <li><strong>Техническое обеспечение:</strong> Аренда качественного звука (не менее 3 кВт), света, экранов и дежурство техников.</li>
</ol>

<h2>Примерная структура сметы для СПб (из расчета на 50 человек)</h2>
<table border=""1"" cellpadding=""10"" cellspacing=""0"" style=""width:100%; border-collapse:collapse; margin:15px 0;"">
  <thead>
    <tr style=""background-color:#1e293b; color:#ffffff;"">
      <th>Категория расходов</th>
      <th>Средняя стоимость в СПб</th>
      <th>Примечание</th>
    </tr>
  </thead>
  <tbody>
    <tr>
      <td>Аренда площадки / Банкет</td>
      <td>200 000 – 350 000 ₽</td>
      <td>От 4000 ₽/чел + обслуживание</td>
    </tr>
    <tr>
      <td>Ведущий + DJ и оборудование</td>
      <td>80 000 – 150 000 ₽</td>
      <td>5 часов программы, звук и свет</td>
    </tr>
    <tr>
      <td>Шоу-программа / Интерактивы</td>
      <td>50 000 – 120 000 ₽</td>
      <td>Кавер-группа, фотозона или квест</td>
    </tr>
    <tr>
      <td>Фото и видеосъемка</td>
      <td>35 000 – 60 000 ₽</td>
      <td>6 часов работы + Reels/SMM клип</td>
    </tr>
  </tbody>
</table>

<h2>Совет от ивент-продюсеров EventPro СПб</h2>
<blockquote style=""border-left: 4px solid #6366f1; padding-left: 15px; font-style: italic; color: #475569;"">
«Главный фактор успеха корпоратива в Петербурге — закладывать резерв по времени и погоде. Всегда проверяйте наличие отапливаемой закрытой зоны и заказывайте трансфер с запасом 20 минут.»
</blockquote>

<h2>Часто задаваемые вопросы (FAQ)</h2>
<h3>За сколько недель до даты нужно бронировать локацию?</h3>
<p>Для летнего сезона и декабря в СПб оптимальный срок — за 2-4 месяца. В обычные месяцы достаточно 3-4 недель.</p>

<h3>Можно ли привезти свой алкоголь?</h3>
<p>Большинство заведений СПб предоставляют такую возможность с уплатой пробкового сбора (от 300 до 800 руб/чел) либо при достижении минимального чека депозита.</p>

<h2>Бесплатный подбор площадок в Санкт-Петербурге</h2>
<p>Оставьте заявку, и наши специалисты бесплатно подготовят для вас расчет сметы и подборку из 5 лучших площадок под ваш бюджет за 30 минут!</p>",2027-01-11 12:00:00,2027-01-11 12:00:00,published,"Гайд СПб 2027: Премиальные закрытые клубы с гольфом, конными прогулками и СПА для руководства и ключевых партнеров.",article-10-загородные-клубы-всеволожского-и,https://images.tildacdn.com/corporate_event_spb_1.jpg,Площадки и Локации,"Площадки и Локации, СПб, 2027, Гайд",Загородные клубы Всеволожского и Выборгского районов под премиум корпоратив | Гайд СПб 2027,"Статья: Загородные клубы Всеволожского и Выборгского районов под премиум корпоратив. Премиальные закрытые клубы с гольфом, конными прогулками и СПА для руководства и ключевых партнеров. Полный разбор смет, чек-листов и лучших мест в Санкт-Петербурге.","загородный клуб корпоратив ленобласть премиум, корпоратив спб, организация мероприятий петербург"
Лофт в стиле лофт-кварталов СПб под модную вечеринку компании,"<p class=""lead""><strong>Лофт в стиле лофт-кварталов СПб под модную вечеринку компании</strong> — ключевое руководство по организации идеального корпоративного мероприятия в Санкт-Петербурге и Ленинградской области в 2027 году. Аренда кирпичных лофтов с высоким потолком, профессиональным светом и отсутствием ограничений по шуму.</p>

<h2>Почему тема «Лофт в стиле лофт-кварталов СПб под модную вечеринку компании» актуальна для бизнеса в Санкт-Петербурге</h2>
<p>Организация корпоративного ивента в Северной Столице требует учета географических особенностей, формата площадки и специфики петербургской погоды. Выбирая данный формат, компании получают:</p>

<ul>
  <li><strong>Высокую вовлеченность (eNPS):</strong> До 95% положительных отзывов коллектива.</li>
  <li><strong>Сильный HR-бренд:</strong> Привлечение топовых кадров из IT и коммерческого сектора СПб.</li>
  <li><strong>Финансовую прозрачность:</strong> Четкое понимание структуры сметы без скрытых переплат.</li>
</ul>

<h2>Ключевые этапы и практические рекомендации по шагам</h2>
<p>При подготовке темы <em>лофт в стиле лофт-кварталов спб под модную вечеринку компании</em> в Санкт-Петербурге рекомендуется соблюдать следующий алгоритм:</p>

<ol>
  <li><strong>Анализ площадки и логистики:</strong> Проверка транспортной доступности (метро, Западный Скоростной Диаметр, трансфер), парковки и технической оснащенности.</li>
  <li><strong>Согласование меню и напитков:</strong> Расчет 1200-1500г еды на человека, дегустация блюд и согласование условий по алкоголю.</li>
  <li><strong>Сценарий и шоу-программа:</strong> Наполнение интерактивами, подбор профессионального ведущего и кавер-группы.</li>
  <li><strong>Техническое обеспечение:</strong> Аренда качественного звука (не менее 3 кВт), света, экранов и дежурство техников.</li>
</ol>

<h2>Примерная структура сметы для СПб (из расчета на 50 человек)</h2>
<table border=""1"" cellpadding=""10"" cellspacing=""0"" style=""width:100%; border-collapse:collapse; margin:15px 0;"">
  <thead>
    <tr style=""background-color:#1e293b; color:#ffffff;"">
      <th>Категория расходов</th>
      <th>Средняя стоимость в СПб</th>
      <th>Примечание</th>
    </tr>
  </thead>
  <tbody>
    <tr>
      <td>Аренда площадки / Банкет</td>
      <td>200 000 – 350 000 ₽</td>
      <td>От 4000 ₽/чел + обслуживание</td>
    </tr>
    <tr>
      <td>Ведущий + DJ и оборудование</td>
      <td>80 000 – 150 000 ₽</td>
      <td>5 часов программы, звук и свет</td>
    </tr>
    <tr>
      <td>Шоу-программа / Интерактивы</td>
      <td>50 000 – 120 000 ₽</td>
      <td>Кавер-группа, фотозона или квест</td>
    </tr>
    <tr>
      <td>Фото и видеосъемка</td>
      <td>35 000 – 60 000 ₽</td>
      <td>6 часов работы + Reels/SMM клип</td>
    </tr>
  </tbody>
</table>

<h2>Совет от ивент-продюсеров EventPro СПб</h2>
<blockquote style=""border-left: 4px solid #6366f1; padding-left: 15px; font-style: italic; color: #475569;"">
«Главный фактор успеха корпоратива в Петербурге — закладывать резерв по времени и погоде. Всегда проверяйте наличие отапливаемой закрытой зоны и заказывайте трансфер с запасом 20 минут.»
</blockquote>

<h2>Часто задаваемые вопросы (FAQ)</h2>
<h3>За сколько недель до даты нужно бронировать локацию?</h3>
<p>Для летнего сезона и декабря в СПб оптимальный срок — за 2-4 месяца. В обычные месяцы достаточно 3-4 недель.</p>

<h3>Можно ли привезти свой алкоголь?</h3>
<p>Большинство заведений СПб предоставляют такую возможность с уплатой пробкового сбора (от 300 до 800 руб/чел) либо при достижении минимального чека депозита.</p>

<h2>Бесплатный подбор площадок в Санкт-Петербурге</h2>
<p>Оставьте заявку, и наши специалисты бесплатно подготовят для вас расчет сметы и подборку из 5 лучших площадок под ваш бюджет за 30 минут!</p>",2027-01-12 12:00:00,2027-01-12 12:00:00,published,"Гайд СПб 2027: Аренда кирпичных лофтов с высоким потолком, профессиональным светом и отсутствием ограничений по шуму.",article-11-лофт-в-стиле-лофт-кварталов,https://images.tildacdn.com/corporate_event_spb_2.jpg,Площадки и Локации,"Площадки и Локации, СПб, 2027, Гайд",Лофт в стиле лофт-кварталов СПб под модную вечеринку компании | Гайд СПб 2027,"Статья: Лофт в стиле лофт-кварталов СПб под модную вечеринку компании. Аренда кирпичных лофтов с высоким потолком, профессиональным светом и отсутствием ограничений по шуму. Полный разбор смет, чек-листов и лучших мест в Санкт-Петербурге.","стильный лофт для корпоратива спб, корпоратив спб, организация мероприятий петербург"
Залы для корпоратива на 100+ человек в Санкт-Петербурге,"<p class=""lead""><strong>Залы для корпоратива на 100+ человек в Санкт-Петербурге</strong> — ключевое руководство по организации идеального корпоративного мероприятия в Санкт-Петербурге и Ленинградской области в 2027 году. Логистика, зонирование, сцены и гардеробы для масштаба 100, 200 и 500 человек в концертных залах СПб.</p>

<h2>Почему тема «Залы для корпоратива на 100+ человек в Санкт-Петербурге» актуальна для бизнеса в Санкт-Петербурге</h2>
<p>Организация корпоративного ивента в Северной Столице требует учета географических особенностей, формата площадки и специфики петербургской погоды. Выбирая данный формат, компании получают:</p>

<ul>
  <li><strong>Высокую вовлеченность (eNPS):</strong> До 95% положительных отзывов коллектива.</li>
  <li><strong>Сильный HR-бренд:</strong> Привлечение топовых кадров из IT и коммерческого сектора СПб.</li>
  <li><strong>Финансовую прозрачность:</strong> Четкое понимание структуры сметы без скрытых переплат.</li>
</ul>

<h2>Ключевые этапы и практические рекомендации по шагам</h2>
<p>При подготовке темы <em>залы для корпоратива на 100+ человек в санкт-петербурге</em> в Санкт-Петербурге рекомендуется соблюдать следующий алгоритм:</p>

<ol>
  <li><strong>Анализ площадки и логистики:</strong> Проверка транспортной доступности (метро, Западный Скоростной Диаметр, трансфер), парковки и технической оснащенности.</li>
  <li><strong>Согласование меню и напитков:</strong> Расчет 1200-1500г еды на человека, дегустация блюд и согласование условий по алкоголю.</li>
  <li><strong>Сценарий и шоу-программа:</strong> Наполнение интерактивами, подбор профессионального ведущего и кавер-группы.</li>
  <li><strong>Техническое обеспечение:</strong> Аренда качественного звука (не менее 3 кВт), света, экранов и дежурство техников.</li>
</ol>

<h2>Примерная структура сметы для СПб (из расчета на 50 человек)</h2>
<table border=""1"" cellpadding=""10"" cellspacing=""0"" style=""width:100%; border-collapse:collapse; margin:15px 0;"">
  <thead>
    <tr style=""background-color:#1e293b; color:#ffffff;"">
      <th>Категория расходов</th>
      <th>Средняя стоимость в СПб</th>
      <th>Примечание</th>
    </tr>
  </thead>
  <tbody>
    <tr>
      <td>Аренда площадки / Банкет</td>
      <td>200 000 – 350 000 ₽</td>
      <td>От 4000 ₽/чел + обслуживание</td>
    </tr>
    <tr>
      <td>Ведущий + DJ и оборудование</td>
      <td>80 000 – 150 000 ₽</td>
      <td>5 часов программы, звук и свет</td>
    </tr>
    <tr>
      <td>Шоу-программа / Интерактивы</td>
      <td>50 000 – 120 000 ₽</td>
      <td>Кавер-группа, фотозона или квест</td>
    </tr>
    <tr>
      <td>Фото и видеосъемка</td>
      <td>35 000 – 60 000 ₽</td>
      <td>6 часов работы + Reels/SMM клип</td>
    </tr>
  </tbody>
</table>

<h2>Совет от ивент-продюсеров EventPro СПб</h2>
<blockquote style=""border-left: 4px solid #6366f1; padding-left: 15px; font-style: italic; color: #475569;"">
«Главный фактор успеха корпоратива в Петербурге — закладывать резерв по времени и погоде. Всегда проверяйте наличие отапливаемой закрытой зоны и заказывайте трансфер с запасом 20 минут.»
</blockquote>

<h2>Часто задаваемые вопросы (FAQ)</h2>
<h3>За сколько недель до даты нужно бронировать локацию?</h3>
<p>Для летнего сезона и декабря в СПб оптимальный срок — за 2-4 месяца. В обычные месяцы достаточно 3-4 недель.</p>

<h3>Можно ли привезти свой алкоголь?</h3>
<p>Большинство заведений СПб предоставляют такую возможность с уплатой пробкового сбора (от 300 до 800 руб/чел) либо при достижении минимального чека депозита.</p>

<h2>Бесплатный подбор площадок в Санкт-Петербурге</h2>
<p>Оставьте заявку, и наши специалисты бесплатно подготовят для вас расчет сметы и подборку из 5 лучших площадок под ваш бюджет за 30 минут!</p>",2027-01-13 12:00:00,2027-01-13 12:00:00,published,"Гайд СПб 2027: Логистика, зонирование, сцены и гардеробы для масштаба 100, 200 и 500 человек в концертных залах СПб.",article-12-залы-для-корпоратива-на,https://images.tildacdn.com/corporate_event_spb_3.jpg,Площадки и Локации,"Площадки и Локации, СПб, 2027, Гайд",Залы для корпоратива на 100+ человек в Санкт-Петербурге | Гайд СПб 2027,"Статья: Залы для корпоратива на 100+ человек в Санкт-Петербурге. Логистика, зонирование, сцены и гардеробы для масштаба 100, 200 и 500 человек в концертных залах СПб. Полный разбор смет, чек-листов и лучших мест в Санкт-Петербурге.","большой зал для корпоратива 100 человек спб, корпоратив спб, организация мероприятий петербург"
Камерный корпоратив на 15-30 человек в атмосферных ресторанах Питера,"<p class=""lead""><strong>Камерный корпоратив на 15-30 человек в атмосферных ресторанах Питера</strong> — ключевое руководство по организации идеального корпоративного мероприятия в Санкт-Петербурге и Ленинградской области в 2027 году. Уютный вечер для небольших отделов и стартапов: душевные гастробары и концептуальные рестораны.</p>

<h2>Почему тема «Камерный корпоратив на 15-30 человек в атмосферных ресторанах Питера» актуальна для бизнеса в Санкт-Петербурге</h2>
<p>Организация корпоративного ивента в Северной Столице требует учета географических особенностей, формата площадки и специфики петербургской погоды. Выбирая данный формат, компании получают:</p>

<ul>
  <li><strong>Высокую вовлеченность (eNPS):</strong> До 95% положительных отзывов коллектива.</li>
  <li><strong>Сильный HR-бренд:</strong> Привлечение топовых кадров из IT и коммерческого сектора СПб.</li>
  <li><strong>Финансовую прозрачность:</strong> Четкое понимание структуры сметы без скрытых переплат.</li>
</ul>

<h2>Ключевые этапы и практические рекомендации по шагам</h2>
<p>При подготовке темы <em>камерный корпоратив на 15-30 человек в атмосферных ресторанах питера</em> в Санкт-Петербурге рекомендуется соблюдать следующий алгоритм:</p>

<ol>
  <li><strong>Анализ площадки и логистики:</strong> Проверка транспортной доступности (метро, Западный Скоростной Диаметр, трансфер), парковки и технической оснащенности.</li>
  <li><strong>Согласование меню и напитков:</strong> Расчет 1200-1500г еды на человека, дегустация блюд и согласование условий по алкоголю.</li>
  <li><strong>Сценарий и шоу-программа:</strong> Наполнение интерактивами, подбор профессионального ведущего и кавер-группы.</li>
  <li><strong>Техническое обеспечение:</strong> Аренда качественного звука (не менее 3 кВт), света, экранов и дежурство техников.</li>
</ol>

<h2>Примерная структура сметы для СПб (из расчета на 50 человек)</h2>
<table border=""1"" cellpadding=""10"" cellspacing=""0"" style=""width:100%; border-collapse:collapse; margin:15px 0;"">
  <thead>
    <tr style=""background-color:#1e293b; color:#ffffff;"">
      <th>Категория расходов</th>
      <th>Средняя стоимость в СПб</th>
      <th>Примечание</th>
    </tr>
  </thead>
  <tbody>
    <tr>
      <td>Аренда площадки / Банкет</td>
      <td>200 000 – 350 000 ₽</td>
      <td>От 4000 ₽/чел + обслуживание</td>
    </tr>
    <tr>
      <td>Ведущий + DJ и оборудование</td>
      <td>80 000 – 150 000 ₽</td>
      <td>5 часов программы, звук и свет</td>
    </tr>
    <tr>
      <td>Шоу-программа / Интерактивы</td>
      <td>50 000 – 120 000 ₽</td>
      <td>Кавер-группа, фотозона или квест</td>
    </tr>
    <tr>
      <td>Фото и видеосъемка</td>
      <td>35 000 – 60 000 ₽</td>
      <td>6 часов работы + Reels/SMM клип</td>
    </tr>
  </tbody>
</table>

<h2>Совет от ивент-продюсеров EventPro СПб</h2>
<blockquote style=""border-left: 4px solid #6366f1; padding-left: 15px; font-style: italic; color: #475569;"">
«Главный фактор успеха корпоратива в Петербурге — закладывать резерв по времени и погоде. Всегда проверяйте наличие отапливаемой закрытой зоны и заказывайте трансфер с запасом 20 минут.»
</blockquote>

<h2>Часто задаваемые вопросы (FAQ)</h2>
<h3>За сколько недель до даты нужно бронировать локацию?</h3>
<p>Для летнего сезона и декабря в СПб оптимальный срок — за 2-4 месяца. В обычные месяцы достаточно 3-4 недель.</p>

<h3>Можно ли привезти свой алкоголь?</h3>
<p>Большинство заведений СПб предоставляют такую возможность с уплатой пробкового сбора (от 300 до 800 руб/чел) либо при достижении минимального чека депозита.</p>

<h2>Бесплатный подбор площадок в Санкт-Петербурге</h2>
<p>Оставьте заявку, и наши специалисты бесплатно подготовят для вас расчет сметы и подборку из 5 лучших площадок под ваш бюджет за 30 минут!</p>",2027-01-14 12:00:00,2027-01-14 12:00:00,published,Гайд СПб 2027: Уютный вечер для небольших отделов и стартапов: душевные гастробары и концептуальные рестораны.,article-13-камерный-корпоратив-на-15-30,https://images.tildacdn.com/corporate_event_spb_4.jpg,Площадки и Локации,"Площадки и Локации, СПб, 2027, Гайд",Камерный корпоратив на 15-30 человек в атмосферных ресторанах Питера | Гайд СПб 2027,"Статья: Камерный корпоратив на 15-30 человек в атмосферных ресторанах Питера. Уютный вечер для небольших отделов и стартапов: душевные гастробары и концептуальные рестораны. Полный разбор смет, чек-листов и лучших мест в Санкт-Петербурге.","маленький корпоратив ресторан спб, корпоратив спб, организация мероприятий петербург"
Площадки под корпоратив с собственным причалом и выходом к воде в СПб,"<p class=""lead""><strong>Площадки под корпоратив с собственным причалом и выходом к воде в СПб</strong> — ключевое руководство по организации идеального корпоративного мероприятия в Санкт-Петербурге и Ленинградской области в 2027 году. Как совместить водную прогулку на катере с банкетом в прибрежном ресторане на Крестовском острове.</p>

<h2>Почему тема «Площадки под корпоратив с собственным причалом и выходом к воде в СПб» актуальна для бизнеса в Санкт-Петербурге</h2>
<p>Организация корпоративного ивента в Северной Столице требует учета географических особенностей, формата площадки и специфики петербургской погоды. Выбирая данный формат, компании получают:</p>

<ul>
  <li><strong>Высокую вовлеченность (eNPS):</strong> До 95% положительных отзывов коллектива.</li>
  <li><strong>Сильный HR-бренд:</strong> Привлечение топовых кадров из IT и коммерческого сектора СПб.</li>
  <li><strong>Финансовую прозрачность:</strong> Четкое понимание структуры сметы без скрытых переплат.</li>
</ul>

<h2>Ключевые этапы и практические рекомендации по шагам</h2>
<p>При подготовке темы <em>площадки под корпоратив с собственным причалом и выходом к воде в спб</em> в Санкт-Петербурге рекомендуется соблюдать следующий алгоритм:</p>

<ol>
  <li><strong>Анализ площадки и логистики:</strong> Проверка транспортной доступности (метро, Западный Скоростной Диаметр, трансфер), парковки и технической оснащенности.</li>
  <li><strong>Согласование меню и напитков:</strong> Расчет 1200-1500г еды на человека, дегустация блюд и согласование условий по алкоголю.</li>
  <li><strong>Сценарий и шоу-программа:</strong> Наполнение интерактивами, подбор профессионального ведущего и кавер-группы.</li>
  <li><strong>Техническое обеспечение:</strong> Аренда качественного звука (не менее 3 кВт), света, экранов и дежурство техников.</li>
</ol>

<h2>Примерная структура сметы для СПб (из расчета на 50 человек)</h2>
<table border=""1"" cellpadding=""10"" cellspacing=""0"" style=""width:100%; border-collapse:collapse; margin:15px 0;"">
  <thead>
    <tr style=""background-color:#1e293b; color:#ffffff;"">
      <th>Категория расходов</th>
      <th>Средняя стоимость в СПб</th>
      <th>Примечание</th>
    </tr>
  </thead>
  <tbody>
    <tr>
      <td>Аренда площадки / Банкет</td>
      <td>200 000 – 350 000 ₽</td>
      <td>От 4000 ₽/чел + обслуживание</td>
    </tr>
    <tr>
      <td>Ведущий + DJ и оборудование</td>
      <td>80 000 – 150 000 ₽</td>
      <td>5 часов программы, звук и свет</td>
    </tr>
    <tr>
      <td>Шоу-программа / Интерактивы</td>
      <td>50 000 – 120 000 ₽</td>
      <td>Кавер-группа, фотозона или квест</td>
    </tr>
    <tr>
      <td>Фото и видеосъемка</td>
      <td>35 000 – 60 000 ₽</td>
      <td>6 часов работы + Reels/SMM клип</td>
    </tr>
  </tbody>
</table>

<h2>Совет от ивент-продюсеров EventPro СПб</h2>
<blockquote style=""border-left: 4px solid #6366f1; padding-left: 15px; font-style: italic; color: #475569;"">
«Главный фактор успеха корпоратива в Петербурге — закладывать резерв по времени и погоде. Всегда проверяйте наличие отапливаемой закрытой зоны и заказывайте трансфер с запасом 20 минут.»
</blockquote>

<h2>Часто задаваемые вопросы (FAQ)</h2>
<h3>За сколько недель до даты нужно бронировать локацию?</h3>
<p>Для летнего сезона и декабря в СПб оптимальный срок — за 2-4 месяца. В обычные месяцы достаточно 3-4 недель.</p>

<h3>Можно ли привезти свой алкоголь?</h3>
<p>Большинство заведений СПб предоставляют такую возможность с уплатой пробкового сбора (от 300 до 800 руб/чел) либо при достижении минимального чека депозита.</p>

<h2>Бесплатный подбор площадок в Санкт-Петербурге</h2>
<p>Оставьте заявку, и наши специалисты бесплатно подготовят для вас расчет сметы и подборку из 5 лучших площадок под ваш бюджет за 30 минут!</p>",2027-01-15 12:00:00,2027-01-15 12:00:00,published,Гайд СПб 2027: Как совместить водную прогулку на катере с банкетом в прибрежном ресторане на Крестовском острове.,article-14-площадки-под-корпоратив-с,https://images.tildacdn.com/corporate_event_spb_5.jpg,Площадки и Локации,"Площадки и Локации, СПб, 2027, Гайд",Площадки под корпоратив с собственным причалом и выходом к воде в СПб | Гайд СПб 2027,"Статья: Площадки под корпоратив с собственным причалом и выходом к воде в СПб. Как совместить водную прогулку на катере с банкетом в прибрежном ресторане на Крестовском острове. Полный разбор смет, чек-листов и лучших мест в Санкт-Петербурге.","корпоратив у воды причал спб, корпоратив спб, организация мероприятий петербург"
Глэмпинг в Ленобласти для корпоратива: трендовый загородный отдых,"<p class=""lead""><strong>Глэмпинг в Ленобласти для корпоратива: трендовый загородный отдых</strong> — ключевое руководство по организации идеального корпоративного мероприятия в Санкт-Петербурге и Ленинградской области в 2027 году. Купольные сферы, сафари-тенты, кострища и фурако: эко-отдых для IT и современных команд.</p>

<h2>Почему тема «Глэмпинг в Ленобласти для корпоратива: трендовый загородный отдых» актуальна для бизнеса в Санкт-Петербурге</h2>
<p>Организация корпоративного ивента в Северной Столице требует учета географических особенностей, формата площадки и специфики петербургской погоды. Выбирая данный формат, компании получают:</p>

<ul>
  <li><strong>Высокую вовлеченность (eNPS):</strong> До 95% положительных отзывов коллектива.</li>
  <li><strong>Сильный HR-бренд:</strong> Привлечение топовых кадров из IT и коммерческого сектора СПб.</li>
  <li><strong>Финансовую прозрачность:</strong> Четкое понимание структуры сметы без скрытых переплат.</li>
</ul>

<h2>Ключевые этапы и практические рекомендации по шагам</h2>
<p>При подготовке темы <em>глэмпинг в ленобласти для корпоратива: трендовый загородный отдых</em> в Санкт-Петербурге рекомендуется соблюдать следующий алгоритм:</p>

<ol>
  <li><strong>Анализ площадки и логистики:</strong> Проверка транспортной доступности (метро, Западный Скоростной Диаметр, трансфер), парковки и технической оснащенности.</li>
  <li><strong>Согласование меню и напитков:</strong> Расчет 1200-1500г еды на человека, дегустация блюд и согласование условий по алкоголю.</li>
  <li><strong>Сценарий и шоу-программа:</strong> Наполнение интерактивами, подбор профессионального ведущего и кавер-группы.</li>
  <li><strong>Техническое обеспечение:</strong> Аренда качественного звука (не менее 3 кВт), света, экранов и дежурство техников.</li>
</ol>

<h2>Примерная структура сметы для СПб (из расчета на 50 человек)</h2>
<table border=""1"" cellpadding=""10"" cellspacing=""0"" style=""width:100%; border-collapse:collapse; margin:15px 0;"">
  <thead>
    <tr style=""background-color:#1e293b; color:#ffffff;"">
      <th>Категория расходов</th>
      <th>Средняя стоимость в СПб</th>
      <th>Примечание</th>
    </tr>
  </thead>
  <tbody>
    <tr>
      <td>Аренда площадки / Банкет</td>
      <td>200 000 – 350 000 ₽</td>
      <td>От 4000 ₽/чел + обслуживание</td>
    </tr>
    <tr>
      <td>Ведущий + DJ и оборудование</td>
      <td>80 000 – 150 000 ₽</td>
      <td>5 часов программы, звук и свет</td>
    </tr>
    <tr>
      <td>Шоу-программа / Интерактивы</td>
      <td>50 000 – 120 000 ₽</td>
      <td>Кавер-группа, фотозона или квест</td>
    </tr>
    <tr>
      <td>Фото и видеосъемка</td>
      <td>35 000 – 60 000 ₽</td>
      <td>6 часов работы + Reels/SMM клип</td>
    </tr>
  </tbody>
</table>

<h2>Совет от ивент-продюсеров EventPro СПб</h2>
<blockquote style=""border-left: 4px solid #6366f1; padding-left: 15px; font-style: italic; color: #475569;"">
«Главный фактор успеха корпоратива в Петербурге — закладывать резерв по времени и погоде. Всегда проверяйте наличие отапливаемой закрытой зоны и заказывайте трансфер с запасом 20 минут.»
</blockquote>

<h2>Часто задаваемые вопросы (FAQ)</h2>
<h3>За сколько недель до даты нужно бронировать локацию?</h3>
<p>Для летнего сезона и декабря в СПб оптимальный срок — за 2-4 месяца. В обычные месяцы достаточно 3-4 недель.</p>

<h3>Можно ли привезти свой алкоголь?</h3>
<p>Большинство заведений СПб предоставляют такую возможность с уплатой пробкового сбора (от 300 до 800 руб/чел) либо при достижении минимального чека депозита.</p>

<h2>Бесплатный подбор площадок в Санкт-Петербурге</h2>
<p>Оставьте заявку, и наши специалисты бесплатно подготовят для вас расчет сметы и подборку из 5 лучших площадок под ваш бюджет за 30 минут!</p>",2027-01-16 12:00:00,2027-01-16 12:00:00,published,"Гайд СПб 2027: Купольные сферы, сафари-тенты, кострища и фурако: эко-отдых для IT и современных команд.",article-15-глэмпинг-в-ленобласти-для,https://images.tildacdn.com/corporate_event_spb_6.jpg,Площадки и Локации,"Площадки и Локации, СПб, 2027, Гайд",Глэмпинг в Ленобласти для корпоратива: трендовый загородный отдых | Гайд СПб 2027,"Статья: Глэмпинг в Ленобласти для корпоратива: трендовый загородный отдых. Купольные сферы, сафари-тенты, кострища и фурако: эко-отдых для IT и современных команд. Полный разбор смет, чек-листов и лучших мест в Санкт-Петербурге.","глэмпинг корпоратив ленобласть, корпоратив спб, организация мероприятий петербург"
Тренды корпоративных мероприятий 2027 в СПб: от ИИ до арт-фестивалей,"<p class=""lead""><strong>Тренды корпоративных мероприятий 2027 в СПб: от ИИ до арт-фестивалей</strong> — ключевое руководство по организации идеального корпоративного мероприятия в Санкт-Петербурге и Ленинградской области в 2027 году. ИИ-нейросети для генерации конкурсов, эко-ответственность, иммерсивность и метавселенные.</p>

<h2>Почему тема «Тренды корпоративных мероприятий 2027 в СПб: от ИИ до арт-фестивалей» актуальна для бизнеса в Санкт-Петербурге</h2>
<p>Организация корпоративного ивента в Северной Столице требует учета географических особенностей, формата площадки и специфики петербургской погоды. Выбирая данный формат, компании получают:</p>

<ul>
  <li><strong>Высокую вовлеченность (eNPS):</strong> До 95% положительных отзывов коллектива.</li>
  <li><strong>Сильный HR-бренд:</strong> Привлечение топовых кадров из IT и коммерческого сектора СПб.</li>
  <li><strong>Финансовую прозрачность:</strong> Четкое понимание структуры сметы без скрытых переплат.</li>
</ul>

<h2>Ключевые этапы и практические рекомендации по шагам</h2>
<p>При подготовке темы <em>тренды корпоративных мероприятий 2027 в спб: от ии до арт-фестивалей</em> в Санкт-Петербурге рекомендуется соблюдать следующий алгоритм:</p>

<ol>
  <li><strong>Анализ площадки и логистики:</strong> Проверка транспортной доступности (метро, Западный Скоростной Диаметр, трансфер), парковки и технической оснащенности.</li>
  <li><strong>Согласование меню и напитков:</strong> Расчет 1200-1500г еды на человека, дегустация блюд и согласование условий по алкоголю.</li>
  <li><strong>Сценарий и шоу-программа:</strong> Наполнение интерактивами, подбор профессионального ведущего и кавер-группы.</li>
  <li><strong>Техническое обеспечение:</strong> Аренда качественного звука (не менее 3 кВт), света, экранов и дежурство техников.</li>
</ol>

<h2>Примерная структура сметы для СПб (из расчета на 50 человек)</h2>
<table border=""1"" cellpadding=""10"" cellspacing=""0"" style=""width:100%; border-collapse:collapse; margin:15px 0;"">
  <thead>
    <tr style=""background-color:#1e293b; color:#ffffff;"">
      <th>Категория расходов</th>
      <th>Средняя стоимость в СПб</th>
      <th>Примечание</th>
    </tr>
  </thead>
  <tbody>
    <tr>
      <td>Аренда площадки / Банкет</td>
      <td>200 000 – 350 000 ₽</td>
      <td>От 4000 ₽/чел + обслуживание</td>
    </tr>
    <tr>
      <td>Ведущий + DJ и оборудование</td>
      <td>80 000 – 150 000 ₽</td>
      <td>5 часов программы, звук и свет</td>
    </tr>
    <tr>
      <td>Шоу-программа / Интерактивы</td>
      <td>50 000 – 120 000 ₽</td>
      <td>Кавер-группа, фотозона или квест</td>
    </tr>
    <tr>
      <td>Фото и видеосъемка</td>
      <td>35 000 – 60 000 ₽</td>
      <td>6 часов работы + Reels/SMM клип</td>
    </tr>
  </tbody>
</table>

<h2>Совет от ивент-продюсеров EventPro СПб</h2>
<blockquote style=""border-left: 4px solid #6366f1; padding-left: 15px; font-style: italic; color: #475569;"">
«Главный фактор успеха корпоратива в Петербурге — закладывать резерв по времени и погоде. Всегда проверяйте наличие отапливаемой закрытой зоны и заказывайте трансфер с запасом 20 минут.»
</blockquote>

<h2>Часто задаваемые вопросы (FAQ)</h2>
<h3>За сколько недель до даты нужно бронировать локацию?</h3>
<p>Для летнего сезона и декабря в СПб оптимальный срок — за 2-4 месяца. В обычные месяцы достаточно 3-4 недель.</p>

<h3>Можно ли привезти свой алкоголь?</h3>
<p>Большинство заведений СПб предоставляют такую возможность с уплатой пробкового сбора (от 300 до 800 руб/чел) либо при достижении минимального чека депозита.</p>

<h2>Бесплатный подбор площадок в Санкт-Петербурге</h2>
<p>Оставьте заявку, и наши специалисты бесплатно подготовят для вас расчет сметы и подборку из 5 лучших площадок под ваш бюджет за 30 минут!</p>",2027-01-17 12:00:00,2027-01-17 12:00:00,published,"Гайд СПб 2027: ИИ-нейросети для генерации конкурсов, эко-ответственность, иммерсивность и метавселенные.",article-16-тренды-корпоративных-мероприятий-2027,https://images.tildacdn.com/corporate_event_spb_7.jpg,Сценарии и Тренды,"Сценарии и Тренды, СПб, 2027, Гайд",Тренды корпоративных мероприятий 2027 в СПб: от ИИ до арт-фестивалей | Гайд СПб 2027,"Статья: Тренды корпоративных мероприятий 2027 в СПб: от ИИ до арт-фестивалей. ИИ-нейросети для генерации конкурсов, эко-ответственность, иммерсивность и метавселенные. Полный разбор смет, чек-листов и лучших мест в Санкт-Петербурге.","тренды корпоративов 2027 спб, концепция корпоратива питер, корпоратив спб, организация мероприятий петербург"
Сценарий корпоратива в стиле «Петербуржские Тайны» и «Оскар»,"<p class=""lead""><strong>Сценарий корпоратива в стиле «Петербуржские Тайны» и «Оскар»</strong> — ключевое руководство по организации идеального корпоративного мероприятия в Санкт-Петербурге и Ленинградской области в 2027 году. Красная дорожка, золотые статуэтки, костюмы эпохи и съемка фильма о сотрудниках компании.</p>

<h2>Почему тема «Сценарий корпоратива в стиле «Петербуржские Тайны» и «Оскар»» актуальна для бизнеса в Санкт-Петербурге</h2>
<p>Организация корпоративного ивента в Северной Столице требует учета географических особенностей, формата площадки и специфики петербургской погоды. Выбирая данный формат, компании получают:</p>

<ul>
  <li><strong>Высокую вовлеченность (eNPS):</strong> До 95% положительных отзывов коллектива.</li>
  <li><strong>Сильный HR-бренд:</strong> Привлечение топовых кадров из IT и коммерческого сектора СПб.</li>
  <li><strong>Финансовую прозрачность:</strong> Четкое понимание структуры сметы без скрытых переплат.</li>
</ul>

<h2>Ключевые этапы и практические рекомендации по шагам</h2>
<p>При подготовке темы <em>сценарий корпоратива в стиле «петербуржские тайны» и «оскар»</em> в Санкт-Петербурге рекомендуется соблюдать следующий алгоритм:</p>

<ol>
  <li><strong>Анализ площадки и логистики:</strong> Проверка транспортной доступности (метро, Западный Скоростной Диаметр, трансфер), парковки и технической оснащенности.</li>
  <li><strong>Согласование меню и напитков:</strong> Расчет 1200-1500г еды на человека, дегустация блюд и согласование условий по алкоголю.</li>
  <li><strong>Сценарий и шоу-программа:</strong> Наполнение интерактивами, подбор профессионального ведущего и кавер-группы.</li>
  <li><strong>Техническое обеспечение:</strong> Аренда качественного звука (не менее 3 кВт), света, экранов и дежурство техников.</li>
</ol>

<h2>Примерная структура сметы для СПб (из расчета на 50 человек)</h2>
<table border=""1"" cellpadding=""10"" cellspacing=""0"" style=""width:100%; border-collapse:collapse; margin:15px 0;"">
  <thead>
    <tr style=""background-color:#1e293b; color:#ffffff;"">
      <th>Категория расходов</th>
      <th>Средняя стоимость в СПб</th>
      <th>Примечание</th>
    </tr>
  </thead>
  <tbody>
    <tr>
      <td>Аренда площадки / Банкет</td>
      <td>200 000 – 350 000 ₽</td>
      <td>От 4000 ₽/чел + обслуживание</td>
    </tr>
    <tr>
      <td>Ведущий + DJ и оборудование</td>
      <td>80 000 – 150 000 ₽</td>
      <td>5 часов программы, звук и свет</td>
    </tr>
    <tr>
      <td>Шоу-программа / Интерактивы</td>
      <td>50 000 – 120 000 ₽</td>
      <td>Кавер-группа, фотозона или квест</td>
    </tr>
    <tr>
      <td>Фото и видеосъемка</td>
      <td>35 000 – 60 000 ₽</td>
      <td>6 часов работы + Reels/SMM клип</td>
    </tr>
  </tbody>
</table>

<h2>Совет от ивент-продюсеров EventPro СПб</h2>
<blockquote style=""border-left: 4px solid #6366f1; padding-left: 15px; font-style: italic; color: #475569;"">
«Главный фактор успеха корпоратива в Петербурге — закладывать резерв по времени и погоде. Всегда проверяйте наличие отапливаемой закрытой зоны и заказывайте трансфер с запасом 20 минут.»
</blockquote>

<h2>Часто задаваемые вопросы (FAQ)</h2>
<h3>За сколько недель до даты нужно бронировать локацию?</h3>
<p>Для летнего сезона и декабря в СПб оптимальный срок — за 2-4 месяца. В обычные месяцы достаточно 3-4 недель.</p>

<h3>Можно ли привезти свой алкоголь?</h3>
<p>Большинство заведений СПб предоставляют такую возможность с уплатой пробкового сбора (от 300 до 800 руб/чел) либо при достижении минимального чека депозита.</p>

<h2>Бесплатный подбор площадок в Санкт-Петербурге</h2>
<p>Оставьте заявку, и наши специалисты бесплатно подготовят для вас расчет сметы и подборку из 5 лучших площадок под ваш бюджет за 30 минут!</p>",2027-01-18 12:00:00,2027-01-18 12:00:00,published,"Гайд СПб 2027: Красная дорожка, золотые статуэтки, костюмы эпохи и съемка фильма о сотрудниках компании.",article-17-сценарий-корпоратива-в-стиле,https://images.tildacdn.com/corporate_event_spb_8.jpg,Сценарии и Тренды,"Сценарии и Тренды, СПб, 2027, Гайд",Сценарий корпоратива в стиле «Петербуржские Тайны» и «Оскар» | Гайд СПб 2027,"Статья: Сценарий корпоратива в стиле «Петербуржские Тайны» и «Оскар». Красная дорожка, золотые статуэтки, костюмы эпохи и съемка фильма о сотрудниках компании. Полный разбор смет, чек-листов и лучших мест в Санкт-Петербурге.","сценарий корпоратива оскар спб, петербургская вечеринка, корпоратив спб, организация мероприятий петербург"
Киберпанк и неоновая вечеринка в лофтах Санкт-Петербурга,"<p class=""lead""><strong>Киберпанк и неоновая вечеринка в лофтах Санкт-Петербурга</strong> — ключевое руководство по организации идеального корпоративного мероприятия в Санкт-Петербурге и Ленинградской области в 2027 году. Лазерные шоу, VR-интерактивы, неоновый грим, коктейли с сухим льдом и synthwave диджей-сеты.</p>

<h2>Почему тема «Киберпанк и неоновая вечеринка в лофтах Санкт-Петербурга» актуальна для бизнеса в Санкт-Петербурге</h2>
<p>Организация корпоративного ивента в Северной Столице требует учета географических особенностей, формата площадки и специфики петербургской погоды. Выбирая данный формат, компании получают:</p>

<ul>
  <li><strong>Высокую вовлеченность (eNPS):</strong> До 95% положительных отзывов коллектива.</li>
  <li><strong>Сильный HR-бренд:</strong> Привлечение топовых кадров из IT и коммерческого сектора СПб.</li>
  <li><strong>Финансовую прозрачность:</strong> Четкое понимание структуры сметы без скрытых переплат.</li>
</ul>

<h2>Ключевые этапы и практические рекомендации по шагам</h2>
<p>При подготовке темы <em>киберпанк и неоновая вечеринка в лофтах санкт-петербурга</em> в Санкт-Петербурге рекомендуется соблюдать следующий алгоритм:</p>

<ol>
  <li><strong>Анализ площадки и логистики:</strong> Проверка транспортной доступности (метро, Западный Скоростной Диаметр, трансфер), парковки и технической оснащенности.</li>
  <li><strong>Согласование меню и напитков:</strong> Расчет 1200-1500г еды на человека, дегустация блюд и согласование условий по алкоголю.</li>
  <li><strong>Сценарий и шоу-программа:</strong> Наполнение интерактивами, подбор профессионального ведущего и кавер-группы.</li>
  <li><strong>Техническое обеспечение:</strong> Аренда качественного звука (не менее 3 кВт), света, экранов и дежурство техников.</li>
</ol>

<h2>Примерная структура сметы для СПб (из расчета на 50 человек)</h2>
<table border=""1"" cellpadding=""10"" cellspacing=""0"" style=""width:100%; border-collapse:collapse; margin:15px 0;"">
  <thead>
    <tr style=""background-color:#1e293b; color:#ffffff;"">
      <th>Категория расходов</th>
      <th>Средняя стоимость в СПб</th>
      <th>Примечание</th>
    </tr>
  </thead>
  <tbody>
    <tr>
      <td>Аренда площадки / Банкет</td>
      <td>200 000 – 350 000 ₽</td>
      <td>От 4000 ₽/чел + обслуживание</td>
    </tr>
    <tr>
      <td>Ведущий + DJ и оборудование</td>
      <td>80 000 – 150 000 ₽</td>
      <td>5 часов программы, звук и свет</td>
    </tr>
    <tr>
      <td>Шоу-программа / Интерактивы</td>
      <td>50 000 – 120 000 ₽</td>
      <td>Кавер-группа, фотозона или квест</td>
    </tr>
    <tr>
      <td>Фото и видеосъемка</td>
      <td>35 000 – 60 000 ₽</td>
      <td>6 часов работы + Reels/SMM клип</td>
    </tr>
  </tbody>
</table>

<h2>Совет от ивент-продюсеров EventPro СПб</h2>
<blockquote style=""border-left: 4px solid #6366f1; padding-left: 15px; font-style: italic; color: #475569;"">
«Главный фактор успеха корпоратива в Петербурге — закладывать резерв по времени и погоде. Всегда проверяйте наличие отапливаемой закрытой зоны и заказывайте трансфер с запасом 20 минут.»
</blockquote>

<h2>Часто задаваемые вопросы (FAQ)</h2>
<h3>За сколько недель до даты нужно бронировать локацию?</h3>
<p>Для летнего сезона и декабря в СПб оптимальный срок — за 2-4 месяца. В обычные месяцы достаточно 3-4 недель.</p>

<h3>Можно ли привезти свой алкоголь?</h3>
<p>Большинство заведений СПб предоставляют такую возможность с уплатой пробкового сбора (от 300 до 800 руб/чел) либо при достижении минимального чека депозита.</p>

<h2>Бесплатный подбор площадок в Санкт-Петербурге</h2>
<p>Оставьте заявку, и наши специалисты бесплатно подготовят для вас расчет сметы и подборку из 5 лучших площадок под ваш бюджет за 30 минут!</p>",2027-01-19 12:00:00,2027-01-19 12:00:00,published,"Гайд СПб 2027: Лазерные шоу, VR-интерактивы, неоновый грим, коктейли с сухим льдом и synthwave диджей-сеты.",article-18-киберпанк-и-неоновая-вечеринка,https://images.tildacdn.com/corporate_event_spb_9.jpg,Сценарии и Тренды,"Сценарии и Тренды, СПб, 2027, Гайд",Киберпанк и неоновая вечеринка в лофтах Санкт-Петербурга | Гайд СПб 2027,"Статья: Киберпанк и неоновая вечеринка в лофтах Санкт-Петербурга. Лазерные шоу, VR-интерактивы, неоновый грим, коктейли с сухим льдом и synthwave диджей-сеты. Полный разбор смет, чек-листов и лучших мест в Санкт-Петербурге.","неоновый корпоратив сценарий спб, корпоратив спб, организация мероприятий петербург"
Ретро-корпоратив в стиле «Великий Гэтсби» в исторических особняках СПб,"<p class=""lead""><strong>Ретро-корпоратив в стиле «Великий Гэтсби» в исторических особняках СПб</strong> — ключевое руководство по организации идеального корпоративного мероприятия в Санкт-Петербурге и Ленинградской области в 2027 году. Джаз-бэнд, перья, казино, пирамиды из шампанского и атмосферная эстетика 1920-х годов.</p>

<h2>Почему тема «Ретро-корпоратив в стиле «Великий Гэтсби» в исторических особняках СПб» актуальна для бизнеса в Санкт-Петербурге</h2>
<p>Организация корпоративного ивента в Северной Столице требует учета географических особенностей, формата площадки и специфики петербургской погоды. Выбирая данный формат, компании получают:</p>

<ul>
  <li><strong>Высокую вовлеченность (eNPS):</strong> До 95% положительных отзывов коллектива.</li>
  <li><strong>Сильный HR-бренд:</strong> Привлечение топовых кадров из IT и коммерческого сектора СПб.</li>
  <li><strong>Финансовую прозрачность:</strong> Четкое понимание структуры сметы без скрытых переплат.</li>
</ul>

<h2>Ключевые этапы и практические рекомендации по шагам</h2>
<p>При подготовке темы <em>ретро-корпоратив в стиле «великий гэтсби» в исторических особняках спб</em> в Санкт-Петербурге рекомендуется соблюдать следующий алгоритм:</p>

<ol>
  <li><strong>Анализ площадки и логистики:</strong> Проверка транспортной доступности (метро, Западный Скоростной Диаметр, трансфер), парковки и технической оснащенности.</li>
  <li><strong>Согласование меню и напитков:</strong> Расчет 1200-1500г еды на человека, дегустация блюд и согласование условий по алкоголю.</li>
  <li><strong>Сценарий и шоу-программа:</strong> Наполнение интерактивами, подбор профессионального ведущего и кавер-группы.</li>
  <li><strong>Техническое обеспечение:</strong> Аренда качественного звука (не менее 3 кВт), света, экранов и дежурство техников.</li>
</ol>

<h2>Примерная структура сметы для СПб (из расчета на 50 человек)</h2>
<table border=""1"" cellpadding=""10"" cellspacing=""0"" style=""width:100%; border-collapse:collapse; margin:15px 0;"">
  <thead>
    <tr style=""background-color:#1e293b; color:#ffffff;"">
      <th>Категория расходов</th>
      <th>Средняя стоимость в СПб</th>
      <th>Примечание</th>
    </tr>
  </thead>
  <tbody>
    <tr>
      <td>Аренда площадки / Банкет</td>
      <td>200 000 – 350 000 ₽</td>
      <td>От 4000 ₽/чел + обслуживание</td>
    </tr>
    <tr>
      <td>Ведущий + DJ и оборудование</td>
      <td>80 000 – 150 000 ₽</td>
      <td>5 часов программы, звук и свет</td>
    </tr>
    <tr>
      <td>Шоу-программа / Интерактивы</td>
      <td>50 000 – 120 000 ₽</td>
      <td>Кавер-группа, фотозона или квест</td>
    </tr>
    <tr>
      <td>Фото и видеосъемка</td>
      <td>35 000 – 60 000 ₽</td>
      <td>6 часов работы + Reels/SMM клип</td>
    </tr>
  </tbody>
</table>

<h2>Совет от ивент-продюсеров EventPro СПб</h2>
<blockquote style=""border-left: 4px solid #6366f1; padding-left: 15px; font-style: italic; color: #475569;"">
«Главный фактор успеха корпоратива в Петербурге — закладывать резерв по времени и погоде. Всегда проверяйте наличие отапливаемой закрытой зоны и заказывайте трансфер с запасом 20 минут.»
</blockquote>

<h2>Часто задаваемые вопросы (FAQ)</h2>
<h3>За сколько недель до даты нужно бронировать локацию?</h3>
<p>Для летнего сезона и декабря в СПб оптимальный срок — за 2-4 месяца. В обычные месяцы достаточно 3-4 недель.</p>

<h3>Можно ли привезти свой алкоголь?</h3>
<p>Большинство заведений СПб предоставляют такую возможность с уплатой пробкового сбора (от 300 до 800 руб/чел) либо при достижении минимального чека депозита.</p>

<h2>Бесплатный подбор площадок в Санкт-Петербурге</h2>
<p>Оставьте заявку, и наши специалисты бесплатно подготовят для вас расчет сметы и подборку из 5 лучших площадок под ваш бюджет за 30 минут!</p>",2027-01-20 12:00:00,2027-01-20 12:00:00,published,"Гайд СПб 2027: Джаз-бэнд, перья, казино, пирамиды из шампанского и атмосферная эстетика 1920-х годов.",article-19-ретро-корпоратив-в-стиле-великий,https://images.tildacdn.com/corporate_event_spb_10.jpg,Сценарии и Тренды,"Сценарии и Тренды, СПб, 2027, Гайд",Ретро-корпоратив в стиле «Великий Гэтсби» в исторических особняках СПб | Гайд СПб 2027,"Статья: Ретро-корпоратив в стиле «Великий Гэтсби» в исторических особняках СПб. Джаз-бэнд, перья, казино, пирамиды из шампанского и атмосферная эстетика 1920-х годов. Полный разбор смет, чек-листов и лучших мест в Санкт-Петербурге.","корпоратив в стиле гэтсби особняк спб, корпоратив спб, организация мероприятий петербург"
Детективный квест по историческому центру Санкт-Петербурга,"<p class=""lead""><strong>Детективный квест по историческому центру Санкт-Петербурга</strong> — ключевое руководство по организации идеального корпоративного мероприятия в Санкт-Петербурге и Ленинградской области в 2027 году. Загадки дворов-колодцев, тайные шифры, актеры в образах и расследование главного «преступления» века.</p>

<h2>Почему тема «Детективный квест по историческому центру Санкт-Петербурга» актуальна для бизнеса в Санкт-Петербурге</h2>
<p>Организация корпоративного ивента в Северной Столице требует учета географических особенностей, формата площадки и специфики петербургской погоды. Выбирая данный формат, компании получают:</p>

<ul>
  <li><strong>Высокую вовлеченность (eNPS):</strong> До 95% положительных отзывов коллектива.</li>
  <li><strong>Сильный HR-бренд:</strong> Привлечение топовых кадров из IT и коммерческого сектора СПб.</li>
  <li><strong>Финансовую прозрачность:</strong> Четкое понимание структуры сметы без скрытых переплат.</li>
</ul>

<h2>Ключевые этапы и практические рекомендации по шагам</h2>
<p>При подготовке темы <em>детективный квест по историческому центру санкт-петербурга</em> в Санкт-Петербурге рекомендуется соблюдать следующий алгоритм:</p>

<ol>
  <li><strong>Анализ площадки и логистики:</strong> Проверка транспортной доступности (метро, Западный Скоростной Диаметр, трансфер), парковки и технической оснащенности.</li>
  <li><strong>Согласование меню и напитков:</strong> Расчет 1200-1500г еды на человека, дегустация блюд и согласование условий по алкоголю.</li>
  <li><strong>Сценарий и шоу-программа:</strong> Наполнение интерактивами, подбор профессионального ведущего и кавер-группы.</li>
  <li><strong>Техническое обеспечение:</strong> Аренда качественного звука (не менее 3 кВт), света, экранов и дежурство техников.</li>
</ol>

<h2>Примерная структура сметы для СПб (из расчета на 50 человек)</h2>
<table border=""1"" cellpadding=""10"" cellspacing=""0"" style=""width:100%; border-collapse:collapse; margin:15px 0;"">
  <thead>
    <tr style=""background-color:#1e293b; color:#ffffff;"">
      <th>Категория расходов</th>
      <th>Средняя стоимость в СПб</th>
      <th>Примечание</th>
    </tr>
  </thead>
  <tbody>
    <tr>
      <td>Аренда площадки / Банкет</td>
      <td>200 000 – 350 000 ₽</td>
      <td>От 4000 ₽/чел + обслуживание</td>
    </tr>
    <tr>
      <td>Ведущий + DJ и оборудование</td>
      <td>80 000 – 150 000 ₽</td>
      <td>5 часов программы, звук и свет</td>
    </tr>
    <tr>
      <td>Шоу-программа / Интерактивы</td>
      <td>50 000 – 120 000 ₽</td>
      <td>Кавер-группа, фотозона или квест</td>
    </tr>
    <tr>
      <td>Фото и видеосъемка</td>
      <td>35 000 – 60 000 ₽</td>
      <td>6 часов работы + Reels/SMM клип</td>
    </tr>
  </tbody>
</table>

<h2>Совет от ивент-продюсеров EventPro СПб</h2>
<blockquote style=""border-left: 4px solid #6366f1; padding-left: 15px; font-style: italic; color: #475569;"">
«Главный фактор успеха корпоратива в Петербурге — закладывать резерв по времени и погоде. Всегда проверяйте наличие отапливаемой закрытой зоны и заказывайте трансфер с запасом 20 минут.»
</blockquote>

<h2>Часто задаваемые вопросы (FAQ)</h2>
<h3>За сколько недель до даты нужно бронировать локацию?</h3>
<p>Для летнего сезона и декабря в СПб оптимальный срок — за 2-4 месяца. В обычные месяцы достаточно 3-4 недель.</p>

<h3>Можно ли привезти свой алкоголь?</h3>
<p>Большинство заведений СПб предоставляют такую возможность с уплатой пробкового сбора (от 300 до 800 руб/чел) либо при достижении минимального чека депозита.</p>

<h2>Бесплатный подбор площадок в Санкт-Петербурге</h2>
<p>Оставьте заявку, и наши специалисты бесплатно подготовят для вас расчет сметы и подборку из 5 лучших площадок под ваш бюджет за 30 минут!</p>",2027-01-21 12:00:00,2027-01-21 12:00:00,published,"Гайд СПб 2027: Загадки дворов-колодцев, тайные шифры, актеры в образах и расследование главного «преступления» века.",article-20-детективный-квест-по-историческому,https://images.tildacdn.com/corporate_event_spb_1.jpg,Сценарии и Тренды,"Сценарии и Тренды, СПб, 2027, Гайд",Детективный квест по историческому центру Санкт-Петербурга | Гайд СПб 2027,"Статья: Детективный квест по историческому центру Санкт-Петербурга. Загадки дворов-колодцев, тайные шифры, актеры в образах и расследование главного «преступления» века. Полный разбор смет, чек-листов и лучших мест в Санкт-Петербурге.","детективный квест корпоратив спб, корпоратив спб, организация мероприятий петербург"
Иммерсивный шоу-корпоратив в дворянском стиле СПб,"<p class=""lead""><strong>Иммерсивный шоу-корпоратив в дворянском стиле СПб</strong> — ключевое руководство по организации идеального корпоративного мероприятия в Санкт-Петербурге и Ленинградской области в 2027 году. Актеры среди гостей, погружение в сюжет балов 19 века, живой оркестр и театрализованные перформансы.</p>

<h2>Почему тема «Иммерсивный шоу-корпоратив в дворянском стиле СПб» актуальна для бизнеса в Санкт-Петербурге</h2>
<p>Организация корпоративного ивента в Северной Столице требует учета географических особенностей, формата площадки и специфики петербургской погоды. Выбирая данный формат, компании получают:</p>

<ul>
  <li><strong>Высокую вовлеченность (eNPS):</strong> До 95% положительных отзывов коллектива.</li>
  <li><strong>Сильный HR-бренд:</strong> Привлечение топовых кадров из IT и коммерческого сектора СПб.</li>
  <li><strong>Финансовую прозрачность:</strong> Четкое понимание структуры сметы без скрытых переплат.</li>
</ul>

<h2>Ключевые этапы и практические рекомендации по шагам</h2>
<p>При подготовке темы <em>иммерсивный шоу-корпоратив в дворянском стиле спб</em> в Санкт-Петербурге рекомендуется соблюдать следующий алгоритм:</p>

<ol>
  <li><strong>Анализ площадки и логистики:</strong> Проверка транспортной доступности (метро, Западный Скоростной Диаметр, трансфер), парковки и технической оснащенности.</li>
  <li><strong>Согласование меню и напитков:</strong> Расчет 1200-1500г еды на человека, дегустация блюд и согласование условий по алкоголю.</li>
  <li><strong>Сценарий и шоу-программа:</strong> Наполнение интерактивами, подбор профессионального ведущего и кавер-группы.</li>
  <li><strong>Техническое обеспечение:</strong> Аренда качественного звука (не менее 3 кВт), света, экранов и дежурство техников.</li>
</ol>

<h2>Примерная структура сметы для СПб (из расчета на 50 человек)</h2>
<table border=""1"" cellpadding=""10"" cellspacing=""0"" style=""width:100%; border-collapse:collapse; margin:15px 0;"">
  <thead>
    <tr style=""background-color:#1e293b; color:#ffffff;"">
      <th>Категория расходов</th>
      <th>Средняя стоимость в СПб</th>
      <th>Примечание</th>
    </tr>
  </thead>
  <tbody>
    <tr>
      <td>Аренда площадки / Банкет</td>
      <td>200 000 – 350 000 ₽</td>
      <td>От 4000 ₽/чел + обслуживание</td>
    </tr>
    <tr>
      <td>Ведущий + DJ и оборудование</td>
      <td>80 000 – 150 000 ₽</td>
      <td>5 часов программы, звук и свет</td>
    </tr>
    <tr>
      <td>Шоу-программа / Интерактивы</td>
      <td>50 000 – 120 000 ₽</td>
      <td>Кавер-группа, фотозона или квест</td>
    </tr>
    <tr>
      <td>Фото и видеосъемка</td>
      <td>35 000 – 60 000 ₽</td>
      <td>6 часов работы + Reels/SMM клип</td>
    </tr>
  </tbody>
</table>

<h2>Совет от ивент-продюсеров EventPro СПб</h2>
<blockquote style=""border-left: 4px solid #6366f1; padding-left: 15px; font-style: italic; color: #475569;"">
«Главный фактор успеха корпоратива в Петербурге — закладывать резерв по времени и погоде. Всегда проверяйте наличие отапливаемой закрытой зоны и заказывайте трансфер с запасом 20 минут.»
</blockquote>

<h2>Часто задаваемые вопросы (FAQ)</h2>
<h3>За сколько недель до даты нужно бронировать локацию?</h3>
<p>Для летнего сезона и декабря в СПб оптимальный срок — за 2-4 месяца. В обычные месяцы достаточно 3-4 недель.</p>

<h3>Можно ли привезти свой алкоголь?</h3>
<p>Большинство заведений СПб предоставляют такую возможность с уплатой пробкового сбора (от 300 до 800 руб/чел) либо при достижении минимального чека депозита.</p>

<h2>Бесплатный подбор площадок в Санкт-Петербурге</h2>
<p>Оставьте заявку, и наши специалисты бесплатно подготовят для вас расчет сметы и подборку из 5 лучших площадок под ваш бюджет за 30 минут!</p>",2027-01-22 12:00:00,2027-01-22 12:00:00,published,"Гайд СПб 2027: Актеры среди гостей, погружение в сюжет балов 19 века, живой оркестр и театрализованные перформансы.",article-21-иммерсивный-шоу-корпоратив-в-дворянском,https://images.tildacdn.com/corporate_event_spb_2.jpg,Сценарии и Тренды,"Сценарии и Тренды, СПб, 2027, Гайд",Иммерсивный шоу-корпоратив в дворянском стиле СПб | Гайд СПб 2027,"Статья: Иммерсивный шоу-корпоратив в дворянском стиле СПб. Актеры среди гостей, погружение в сюжет балов 19 века, живой оркестр и театрализованные перформансы. Полный разбор смет, чек-листов и лучших мест в Санкт-Петербурге.","иммерсивное шоу корпоратив спб, корпоратив спб, организация мероприятий петербург"
Кулинарный поединок для компании в гастростудиях Петербурга,"<p class=""lead""><strong>Кулинарный поединок для компании в гастростудиях Петербурга</strong> — ключевое руководство по организации идеального корпоративного мероприятия в Санкт-Петербурге и Ленинградской области в 2027 году. Баттл команд под руководством бренд-шефов: приготовление 3 блюд, дегустация и слепой тест вин.</p>

<h2>Почему тема «Кулинарный поединок для компании в гастростудиях Петербурга» актуальна для бизнеса в Санкт-Петербурге</h2>
<p>Организация корпоративного ивента в Северной Столице требует учета географических особенностей, формата площадки и специфики петербургской погоды. Выбирая данный формат, компании получают:</p>

<ul>
  <li><strong>Высокую вовлеченность (eNPS):</strong> До 95% положительных отзывов коллектива.</li>
  <li><strong>Сильный HR-бренд:</strong> Привлечение топовых кадров из IT и коммерческого сектора СПб.</li>
  <li><strong>Финансовую прозрачность:</strong> Четкое понимание структуры сметы без скрытых переплат.</li>
</ul>

<h2>Ключевые этапы и практические рекомендации по шагам</h2>
<p>При подготовке темы <em>кулинарный поединок для компании в гастростудиях петербурга</em> в Санкт-Петербурге рекомендуется соблюдать следующий алгоритм:</p>

<ol>
  <li><strong>Анализ площадки и логистики:</strong> Проверка транспортной доступности (метро, Западный Скоростной Диаметр, трансфер), парковки и технической оснащенности.</li>
  <li><strong>Согласование меню и напитков:</strong> Расчет 1200-1500г еды на человека, дегустация блюд и согласование условий по алкоголю.</li>
  <li><strong>Сценарий и шоу-программа:</strong> Наполнение интерактивами, подбор профессионального ведущего и кавер-группы.</li>
  <li><strong>Техническое обеспечение:</strong> Аренда качественного звука (не менее 3 кВт), света, экранов и дежурство техников.</li>
</ol>

<h2>Примерная структура сметы для СПб (из расчета на 50 человек)</h2>
<table border=""1"" cellpadding=""10"" cellspacing=""0"" style=""width:100%; border-collapse:collapse; margin:15px 0;"">
  <thead>
    <tr style=""background-color:#1e293b; color:#ffffff;"">
      <th>Категория расходов</th>
      <th>Средняя стоимость в СПб</th>
      <th>Примечание</th>
    </tr>
  </thead>
  <tbody>
    <tr>
      <td>Аренда площадки / Банкет</td>
      <td>200 000 – 350 000 ₽</td>
      <td>От 4000 ₽/чел + обслуживание</td>
    </tr>
    <tr>
      <td>Ведущий + DJ и оборудование</td>
      <td>80 000 – 150 000 ₽</td>
      <td>5 часов программы, звук и свет</td>
    </tr>
    <tr>
      <td>Шоу-программа / Интерактивы</td>
      <td>50 000 – 120 000 ₽</td>
      <td>Кавер-группа, фотозона или квест</td>
    </tr>
    <tr>
      <td>Фото и видеосъемка</td>
      <td>35 000 – 60 000 ₽</td>
      <td>6 часов работы + Reels/SMM клип</td>
    </tr>
  </tbody>
</table>

<h2>Совет от ивент-продюсеров EventPro СПб</h2>
<blockquote style=""border-left: 4px solid #6366f1; padding-left: 15px; font-style: italic; color: #475569;"">
«Главный фактор успеха корпоратива в Петербурге — закладывать резерв по времени и погоде. Всегда проверяйте наличие отапливаемой закрытой зоны и заказывайте трансфер с запасом 20 минут.»
</blockquote>

<h2>Часто задаваемые вопросы (FAQ)</h2>
<h3>За сколько недель до даты нужно бронировать локацию?</h3>
<p>Для летнего сезона и декабря в СПб оптимальный срок — за 2-4 месяца. В обычные месяцы достаточно 3-4 недель.</p>

<h3>Можно ли привезти свой алкоголь?</h3>
<p>Большинство заведений СПб предоставляют такую возможность с уплатой пробкового сбора (от 300 до 800 руб/чел) либо при достижении минимального чека депозита.</p>

<h2>Бесплатный подбор площадок в Санкт-Петербурге</h2>
<p>Оставьте заявку, и наши специалисты бесплатно подготовят для вас расчет сметы и подборку из 5 лучших площадок под ваш бюджет за 30 минут!</p>",2027-01-23 12:00:00,2027-01-23 12:00:00,published,"Гайд СПб 2027: Баттл команд под руководством бренд-шефов: приготовление 3 блюд, дегустация и слепой тест вин.",article-22-кулинарный-поединок-для-компании,https://images.tildacdn.com/corporate_event_spb_3.jpg,Сценарии и Тренды,"Сценарии и Тренды, СПб, 2027, Гайд",Кулинарный поединок для компании в гастростудиях Петербурга | Гайд СПб 2027,"Статья: Кулинарный поединок для компании в гастростудиях Петербурга. Баттл команд под руководством бренд-шефов: приготовление 3 блюд, дегустация и слепой тест вин. Полный разбор смет, чек-листов и лучших мест в Санкт-Петербурге.","кулинарный корпоратив спб, корпоратив спб, организация мероприятий петербург"
Музыкальный корпоратив: рок-премия и баттл кавер-групп СПб,"<p class=""lead""><strong>Музыкальный корпоратив: рок-премия и баттл кавер-групп СПб</strong> — ключевое руководство по организации идеального корпоративного мероприятия в Санкт-Петербурге и Ленинградской области в 2027 году. Выступление сотрудников со своими рок-номерами, профессиональный звук и сценический декор.</p>

<h2>Почему тема «Музыкальный корпоратив: рок-премия и баттл кавер-групп СПб» актуальна для бизнеса в Санкт-Петербурге</h2>
<p>Организация корпоративного ивента в Северной Столице требует учета географических особенностей, формата площадки и специфики петербургской погоды. Выбирая данный формат, компании получают:</p>

<ul>
  <li><strong>Высокую вовлеченность (eNPS):</strong> До 95% положительных отзывов коллектива.</li>
  <li><strong>Сильный HR-бренд:</strong> Привлечение топовых кадров из IT и коммерческого сектора СПб.</li>
  <li><strong>Финансовую прозрачность:</strong> Четкое понимание структуры сметы без скрытых переплат.</li>
</ul>

<h2>Ключевые этапы и практические рекомендации по шагам</h2>
<p>При подготовке темы <em>музыкальный корпоратив: рок-премия и баттл кавер-групп спб</em> в Санкт-Петербурге рекомендуется соблюдать следующий алгоритм:</p>

<ol>
  <li><strong>Анализ площадки и логистики:</strong> Проверка транспортной доступности (метро, Западный Скоростной Диаметр, трансфер), парковки и технической оснащенности.</li>
  <li><strong>Согласование меню и напитков:</strong> Расчет 1200-1500г еды на человека, дегустация блюд и согласование условий по алкоголю.</li>
  <li><strong>Сценарий и шоу-программа:</strong> Наполнение интерактивами, подбор профессионального ведущего и кавер-группы.</li>
  <li><strong>Техническое обеспечение:</strong> Аренда качественного звука (не менее 3 кВт), света, экранов и дежурство техников.</li>
</ol>

<h2>Примерная структура сметы для СПб (из расчета на 50 человек)</h2>
<table border=""1"" cellpadding=""10"" cellspacing=""0"" style=""width:100%; border-collapse:collapse; margin:15px 0;"">
  <thead>
    <tr style=""background-color:#1e293b; color:#ffffff;"">
      <th>Категория расходов</th>
      <th>Средняя стоимость в СПб</th>
      <th>Примечание</th>
    </tr>
  </thead>
  <tbody>
    <tr>
      <td>Аренда площадки / Банкет</td>
      <td>200 000 – 350 000 ₽</td>
      <td>От 4000 ₽/чел + обслуживание</td>
    </tr>
    <tr>
      <td>Ведущий + DJ и оборудование</td>
      <td>80 000 – 150 000 ₽</td>
      <td>5 часов программы, звук и свет</td>
    </tr>
    <tr>
      <td>Шоу-программа / Интерактивы</td>
      <td>50 000 – 120 000 ₽</td>
      <td>Кавер-группа, фотозона или квест</td>
    </tr>
    <tr>
      <td>Фото и видеосъемка</td>
      <td>35 000 – 60 000 ₽</td>
      <td>6 часов работы + Reels/SMM клип</td>
    </tr>
  </tbody>
</table>

<h2>Совет от ивент-продюсеров EventPro СПб</h2>
<blockquote style=""border-left: 4px solid #6366f1; padding-left: 15px; font-style: italic; color: #475569;"">
«Главный фактор успеха корпоратива в Петербурге — закладывать резерв по времени и погоде. Всегда проверяйте наличие отапливаемой закрытой зоны и заказывайте трансфер с запасом 20 минут.»
</blockquote>

<h2>Часто задаваемые вопросы (FAQ)</h2>
<h3>За сколько недель до даты нужно бронировать локацию?</h3>
<p>Для летнего сезона и декабря в СПб оптимальный срок — за 2-4 месяца. В обычные месяцы достаточно 3-4 недель.</p>

<h3>Можно ли привезти свой алкоголь?</h3>
<p>Большинство заведений СПб предоставляют такую возможность с уплатой пробкового сбора (от 300 до 800 руб/чел) либо при достижении минимального чека депозита.</p>

<h2>Бесплатный подбор площадок в Санкт-Петербурге</h2>
<p>Оставьте заявку, и наши специалисты бесплатно подготовят для вас расчет сметы и подборку из 5 лучших площадок под ваш бюджет за 30 минут!</p>",2027-01-24 12:00:00,2027-01-24 12:00:00,published,"Гайд СПб 2027: Выступление сотрудников со своими рок-номерами, профессиональный звук и сценический декор.",article-23-музыкальный-корпоратив-рок-премия-и,https://images.tildacdn.com/corporate_event_spb_4.jpg,Сценарии и Тренды,"Сценарии и Тренды, СПб, 2027, Гайд",Музыкальный корпоратив: рок-премия и баттл кавер-групп СПб | Гайд СПб 2027,"Статья: Музыкальный корпоратив: рок-премия и баттл кавер-групп СПб. Выступление сотрудников со своими рок-номерами, профессиональный звук и сценический декор. Полный разбор смет, чек-листов и лучших мест в Санкт-Петербурге.","музыкальный корпоратив кавер группа спб, корпоратив спб, организация мероприятий петербург"
Арт-корпоратив: рисование видов Петербурга вином и эпоксидной смолой,"<p class=""lead""><strong>Арт-корпоратив: рисование видов Петербурга вином и эпоксидной смолой</strong> — ключевое руководство по организации идеального корпоративного мероприятия в Санкт-Петербурге и Ленинградской области в 2027 году. Творческая мастерская: каждый сотрудник создает свою картину или участвует в написании общей картины 2x3м.</p>

<h2>Почему тема «Арт-корпоратив: рисование видов Петербурга вином и эпоксидной смолой» актуальна для бизнеса в Санкт-Петербурге</h2>
<p>Организация корпоративного ивента в Северной Столице требует учета географических особенностей, формата площадки и специфики петербургской погоды. Выбирая данный формат, компании получают:</p>

<ul>
  <li><strong>Высокую вовлеченность (eNPS):</strong> До 95% положительных отзывов коллектива.</li>
  <li><strong>Сильный HR-бренд:</strong> Привлечение топовых кадров из IT и коммерческого сектора СПб.</li>
  <li><strong>Финансовую прозрачность:</strong> Четкое понимание структуры сметы без скрытых переплат.</li>
</ul>

<h2>Ключевые этапы и практические рекомендации по шагам</h2>
<p>При подготовке темы <em>арт-корпоратив: рисование видов петербурга вином и эпоксидной смолой</em> в Санкт-Петербурге рекомендуется соблюдать следующий алгоритм:</p>

<ol>
  <li><strong>Анализ площадки и логистики:</strong> Проверка транспортной доступности (метро, Западный Скоростной Диаметр, трансфер), парковки и технической оснащенности.</li>
  <li><strong>Согласование меню и напитков:</strong> Расчет 1200-1500г еды на человека, дегустация блюд и согласование условий по алкоголю.</li>
  <li><strong>Сценарий и шоу-программа:</strong> Наполнение интерактивами, подбор профессионального ведущего и кавер-группы.</li>
  <li><strong>Техническое обеспечение:</strong> Аренда качественного звука (не менее 3 кВт), света, экранов и дежурство техников.</li>
</ol>

<h2>Примерная структура сметы для СПб (из расчета на 50 человек)</h2>
<table border=""1"" cellpadding=""10"" cellspacing=""0"" style=""width:100%; border-collapse:collapse; margin:15px 0;"">
  <thead>
    <tr style=""background-color:#1e293b; color:#ffffff;"">
      <th>Категория расходов</th>
      <th>Средняя стоимость в СПб</th>
      <th>Примечание</th>
    </tr>
  </thead>
  <tbody>
    <tr>
      <td>Аренда площадки / Банкет</td>
      <td>200 000 – 350 000 ₽</td>
      <td>От 4000 ₽/чел + обслуживание</td>
    </tr>
    <tr>
      <td>Ведущий + DJ и оборудование</td>
      <td>80 000 – 150 000 ₽</td>
      <td>5 часов программы, звук и свет</td>
    </tr>
    <tr>
      <td>Шоу-программа / Интерактивы</td>
      <td>50 000 – 120 000 ₽</td>
      <td>Кавер-группа, фотозона или квест</td>
    </tr>
    <tr>
      <td>Фото и видеосъемка</td>
      <td>35 000 – 60 000 ₽</td>
      <td>6 часов работы + Reels/SMM клип</td>
    </tr>
  </tbody>
</table>

<h2>Совет от ивент-продюсеров EventPro СПб</h2>
<blockquote style=""border-left: 4px solid #6366f1; padding-left: 15px; font-style: italic; color: #475569;"">
«Главный фактор успеха корпоратива в Петербурге — закладывать резерв по времени и погоде. Всегда проверяйте наличие отапливаемой закрытой зоны и заказывайте трансфер с запасом 20 минут.»
</blockquote>

<h2>Часто задаваемые вопросы (FAQ)</h2>
<h3>За сколько недель до даты нужно бронировать локацию?</h3>
<p>Для летнего сезона и декабря в СПб оптимальный срок — за 2-4 месяца. В обычные месяцы достаточно 3-4 недель.</p>

<h3>Можно ли привезти свой алкоголь?</h3>
<p>Большинство заведений СПб предоставляют такую возможность с уплатой пробкового сбора (от 300 до 800 руб/чел) либо при достижении минимального чека депозита.</p>

<h2>Бесплатный подбор площадок в Санкт-Петербурге</h2>
<p>Оставьте заявку, и наши специалисты бесплатно подготовят для вас расчет сметы и подборку из 5 лучших площадок под ваш бюджет за 30 минут!</p>",2027-01-25 12:00:00,2027-01-25 12:00:00,published,Гайд СПб 2027: Творческая мастерская: каждый сотрудник создает свою картину или участвует в написании общей картины 2x3м.,article-24-арт-корпоратив-рисование-видов-петербурга,https://images.tildacdn.com/corporate_event_spb_5.jpg,Сценарии и Тренды,"Сценарии и Тренды, СПб, 2027, Гайд",Арт-корпоратив: рисование видов Петербурга вином и эпоксидной смолой | Гайд СПб 2027,"Статья: Арт-корпоратив: рисование видов Петербурга вином и эпоксидной смолой. Творческая мастерская: каждый сотрудник создает свою картину или участвует в написании общей картины 2x3м. Полный разбор смет, чек-листов и лучших мест в Санкт-Петербурге.","арт корпоратив рисование вином спб, корпоратив спб, организация мероприятий петербург"
Интеллектуальная игра «Петербуржский Квиз» на корпоратив,"<p class=""lead""><strong>Интеллектуальная игра «Петербуржский Квиз» на корпоратив</strong> — ключевое руководство по организации идеального корпоративного мероприятия в Санкт-Петербурге и Ленинградской области в 2027 году. Интерактивные вопросы с медиа-экранов, логика, юмор, факты о компании и командный азарт.</p>

<h2>Почему тема «Интеллектуальная игра «Петербуржский Квиз» на корпоратив» актуальна для бизнеса в Санкт-Петербурге</h2>
<p>Организация корпоративного ивента в Северной Столице требует учета географических особенностей, формата площадки и специфики петербургской погоды. Выбирая данный формат, компании получают:</p>

<ul>
  <li><strong>Высокую вовлеченность (eNPS):</strong> До 95% положительных отзывов коллектива.</li>
  <li><strong>Сильный HR-бренд:</strong> Привлечение топовых кадров из IT и коммерческого сектора СПб.</li>
  <li><strong>Финансовую прозрачность:</strong> Четкое понимание структуры сметы без скрытых переплат.</li>
</ul>

<h2>Ключевые этапы и практические рекомендации по шагам</h2>
<p>При подготовке темы <em>интеллектуальная игра «петербуржский квиз» на корпоратив</em> в Санкт-Петербурге рекомендуется соблюдать следующий алгоритм:</p>

<ol>
  <li><strong>Анализ площадки и логистики:</strong> Проверка транспортной доступности (метро, Западный Скоростной Диаметр, трансфер), парковки и технической оснащенности.</li>
  <li><strong>Согласование меню и напитков:</strong> Расчет 1200-1500г еды на человека, дегустация блюд и согласование условий по алкоголю.</li>
  <li><strong>Сценарий и шоу-программа:</strong> Наполнение интерактивами, подбор профессионального ведущего и кавер-группы.</li>
  <li><strong>Техническое обеспечение:</strong> Аренда качественного звука (не менее 3 кВт), света, экранов и дежурство техников.</li>
</ol>

<h2>Примерная структура сметы для СПб (из расчета на 50 человек)</h2>
<table border=""1"" cellpadding=""10"" cellspacing=""0"" style=""width:100%; border-collapse:collapse; margin:15px 0;"">
  <thead>
    <tr style=""background-color:#1e293b; color:#ffffff;"">
      <th>Категория расходов</th>
      <th>Средняя стоимость в СПб</th>
      <th>Примечание</th>
    </tr>
  </thead>
  <tbody>
    <tr>
      <td>Аренда площадки / Банкет</td>
      <td>200 000 – 350 000 ₽</td>
      <td>От 4000 ₽/чел + обслуживание</td>
    </tr>
    <tr>
      <td>Ведущий + DJ и оборудование</td>
      <td>80 000 – 150 000 ₽</td>
      <td>5 часов программы, звук и свет</td>
    </tr>
    <tr>
      <td>Шоу-программа / Интерактивы</td>
      <td>50 000 – 120 000 ₽</td>
      <td>Кавер-группа, фотозона или квест</td>
    </tr>
    <tr>
      <td>Фото и видеосъемка</td>
      <td>35 000 – 60 000 ₽</td>
      <td>6 часов работы + Reels/SMM клип</td>
    </tr>
  </tbody>
</table>

<h2>Совет от ивент-продюсеров EventPro СПб</h2>
<blockquote style=""border-left: 4px solid #6366f1; padding-left: 15px; font-style: italic; color: #475569;"">
«Главный фактор успеха корпоратива в Петербурге — закладывать резерв по времени и погоде. Всегда проверяйте наличие отапливаемой закрытой зоны и заказывайте трансфер с запасом 20 минут.»
</blockquote>

<h2>Часто задаваемые вопросы (FAQ)</h2>
<h3>За сколько недель до даты нужно бронировать локацию?</h3>
<p>Для летнего сезона и декабря в СПб оптимальный срок — за 2-4 месяца. В обычные месяцы достаточно 3-4 недель.</p>

<h3>Можно ли привезти свой алкоголь?</h3>
<p>Большинство заведений СПб предоставляют такую возможность с уплатой пробкового сбора (от 300 до 800 руб/чел) либо при достижении минимального чека депозита.</p>

<h2>Бесплатный подбор площадок в Санкт-Петербурге</h2>
<p>Оставьте заявку, и наши специалисты бесплатно подготовят для вас расчет сметы и подборку из 5 лучших площадок под ваш бюджет за 30 минут!</p>",2027-01-26 12:00:00,2027-01-26 12:00:00,published,"Гайд СПб 2027: Интерактивные вопросы с медиа-экранов, логика, юмор, факты о компании и командный азарт.",article-25-интеллектуальная-игра-петербуржский-квиз,https://images.tildacdn.com/corporate_event_spb_6.jpg,Сценарии и Тренды,"Сценарии и Тренды, СПб, 2027, Гайд",Интеллектуальная игра «Петербуржский Квиз» на корпоратив | Гайд СПб 2027,"Статья: Интеллектуальная игра «Петербуржский Квиз» на корпоратив. Интерактивные вопросы с медиа-экранов, логика, юмор, факты о компании и командный азарт. Полный разбор смет, чек-листов и лучших мест в Санкт-Петербурге.","квиз на корпоратив спб, корпоратив спб, организация мероприятий петербург"
Интерактивное шоу для IT-компаний Санкт-Петербурга,"<p class=""lead""><strong>Интерактивное шоу для IT-компаний Санкт-Петербурга</strong> — ключевое руководство по организации идеального корпоративного мероприятия в Санкт-Петербурге и Ленинградской области в 2027 году. Мемы, IT-юмор, нейросетевой квиз, соревнования по ровобоксу и кибертурниры.</p>

<h2>Почему тема «Интерактивное шоу для IT-компаний Санкт-Петербурга» актуальна для бизнеса в Санкт-Петербурге</h2>
<p>Организация корпоративного ивента в Северной Столице требует учета географических особенностей, формата площадки и специфики петербургской погоды. Выбирая данный формат, компании получают:</p>

<ul>
  <li><strong>Высокую вовлеченность (eNPS):</strong> До 95% положительных отзывов коллектива.</li>
  <li><strong>Сильный HR-бренд:</strong> Привлечение топовых кадров из IT и коммерческого сектора СПб.</li>
  <li><strong>Финансовую прозрачность:</strong> Четкое понимание структуры сметы без скрытых переплат.</li>
</ul>

<h2>Ключевые этапы и практические рекомендации по шагам</h2>
<p>При подготовке темы <em>интерактивное шоу для it-компаний санкт-петербурга</em> в Санкт-Петербурге рекомендуется соблюдать следующий алгоритм:</p>

<ol>
  <li><strong>Анализ площадки и логистики:</strong> Проверка транспортной доступности (метро, Западный Скоростной Диаметр, трансфер), парковки и технической оснащенности.</li>
  <li><strong>Согласование меню и напитков:</strong> Расчет 1200-1500г еды на человека, дегустация блюд и согласование условий по алкоголю.</li>
  <li><strong>Сценарий и шоу-программа:</strong> Наполнение интерактивами, подбор профессионального ведущего и кавер-группы.</li>
  <li><strong>Техническое обеспечение:</strong> Аренда качественного звука (не менее 3 кВт), света, экранов и дежурство техников.</li>
</ol>

<h2>Примерная структура сметы для СПб (из расчета на 50 человек)</h2>
<table border=""1"" cellpadding=""10"" cellspacing=""0"" style=""width:100%; border-collapse:collapse; margin:15px 0;"">
  <thead>
    <tr style=""background-color:#1e293b; color:#ffffff;"">
      <th>Категория расходов</th>
      <th>Средняя стоимость в СПб</th>
      <th>Примечание</th>
    </tr>
  </thead>
  <tbody>
    <tr>
      <td>Аренда площадки / Банкет</td>
      <td>200 000 – 350 000 ₽</td>
      <td>От 4000 ₽/чел + обслуживание</td>
    </tr>
    <tr>
      <td>Ведущий + DJ и оборудование</td>
      <td>80 000 – 150 000 ₽</td>
      <td>5 часов программы, звук и свет</td>
    </tr>
    <tr>
      <td>Шоу-программа / Интерактивы</td>
      <td>50 000 – 120 000 ₽</td>
      <td>Кавер-группа, фотозона или квест</td>
    </tr>
    <tr>
      <td>Фото и видеосъемка</td>
      <td>35 000 – 60 000 ₽</td>
      <td>6 часов работы + Reels/SMM клип</td>
    </tr>
  </tbody>
</table>

<h2>Совет от ивент-продюсеров EventPro СПб</h2>
<blockquote style=""border-left: 4px solid #6366f1; padding-left: 15px; font-style: italic; color: #475569;"">
«Главный фактор успеха корпоратива в Петербурге — закладывать резерв по времени и погоде. Всегда проверяйте наличие отапливаемой закрытой зоны и заказывайте трансфер с запасом 20 минут.»
</blockquote>

<h2>Часто задаваемые вопросы (FAQ)</h2>
<h3>За сколько недель до даты нужно бронировать локацию?</h3>
<p>Для летнего сезона и декабря в СПб оптимальный срок — за 2-4 месяца. В обычные месяцы достаточно 3-4 недель.</p>

<h3>Можно ли привезти свой алкоголь?</h3>
<p>Большинство заведений СПб предоставляют такую возможность с уплатой пробкового сбора (от 300 до 800 руб/чел) либо при достижении минимального чека депозита.</p>

<h2>Бесплатный подбор площадок в Санкт-Петербурге</h2>
<p>Оставьте заявку, и наши специалисты бесплатно подготовят для вас расчет сметы и подборку из 5 лучших площадок под ваш бюджет за 30 минут!</p>",2027-01-27 12:00:00,2027-01-27 12:00:00,published,"Гайд СПб 2027: Мемы, IT-юмор, нейросетевой квиз, соревнования по ровобоксу и кибертурниры.",article-26-интерактивное-шоу-для-it-компаний,https://images.tildacdn.com/corporate_event_spb_7.jpg,Сценарии и Тренды,"Сценарии и Тренды, СПб, 2027, Гайд",Интерактивное шоу для IT-компаний Санкт-Петербурга | Гайд СПб 2027,"Статья: Интерактивное шоу для IT-компаний Санкт-Петербурга. Мемы, IT-юмор, нейросетевой квиз, соревнования по ровобоксу и кибертурниры. Полный разбор смет, чек-листов и лучших мест в Санкт-Петербурге.","интерактивное шоу на корпоратив спб, корпоратив спб, организация мероприятий петербург"
Винное казино и дегустация в винных погребах Питера,"<p class=""lead""><strong>Винное казино и дегустация в винных погребах Питера</strong> — ключевое руководство по организации идеального корпоративного мероприятия в Санкт-Петербурге и Ленинградской области в 2027 году. Сомелье, слепая дегустация сортов вин и сыров, ставки фишками и призы для знатоков.</p>

<h2>Почему тема «Винное казино и дегустация в винных погребах Питера» актуальна для бизнеса в Санкт-Петербурге</h2>
<p>Организация корпоративного ивента в Северной Столице требует учета географических особенностей, формата площадки и специфики петербургской погоды. Выбирая данный формат, компании получают:</p>

<ul>
  <li><strong>Высокую вовлеченность (eNPS):</strong> До 95% положительных отзывов коллектива.</li>
  <li><strong>Сильный HR-бренд:</strong> Привлечение топовых кадров из IT и коммерческого сектора СПб.</li>
  <li><strong>Финансовую прозрачность:</strong> Четкое понимание структуры сметы без скрытых переплат.</li>
</ul>

<h2>Ключевые этапы и практические рекомендации по шагам</h2>
<p>При подготовке темы <em>винное казино и дегустация в винных погребах питера</em> в Санкт-Петербурге рекомендуется соблюдать следующий алгоритм:</p>

<ol>
  <li><strong>Анализ площадки и логистики:</strong> Проверка транспортной доступности (метро, Западный Скоростной Диаметр, трансфер), парковки и технической оснащенности.</li>
  <li><strong>Согласование меню и напитков:</strong> Расчет 1200-1500г еды на человека, дегустация блюд и согласование условий по алкоголю.</li>
  <li><strong>Сценарий и шоу-программа:</strong> Наполнение интерактивами, подбор профессионального ведущего и кавер-группы.</li>
  <li><strong>Техническое обеспечение:</strong> Аренда качественного звука (не менее 3 кВт), света, экранов и дежурство техников.</li>
</ol>

<h2>Примерная структура сметы для СПб (из расчета на 50 человек)</h2>
<table border=""1"" cellpadding=""10"" cellspacing=""0"" style=""width:100%; border-collapse:collapse; margin:15px 0;"">
  <thead>
    <tr style=""background-color:#1e293b; color:#ffffff;"">
      <th>Категория расходов</th>
      <th>Средняя стоимость в СПб</th>
      <th>Примечание</th>
    </tr>
  </thead>
  <tbody>
    <tr>
      <td>Аренда площадки / Банкет</td>
      <td>200 000 – 350 000 ₽</td>
      <td>От 4000 ₽/чел + обслуживание</td>
    </tr>
    <tr>
      <td>Ведущий + DJ и оборудование</td>
      <td>80 000 – 150 000 ₽</td>
      <td>5 часов программы, звук и свет</td>
    </tr>
    <tr>
      <td>Шоу-программа / Интерактивы</td>
      <td>50 000 – 120 000 ₽</td>
      <td>Кавер-группа, фотозона или квест</td>
    </tr>
    <tr>
      <td>Фото и видеосъемка</td>
      <td>35 000 – 60 000 ₽</td>
      <td>6 часов работы + Reels/SMM клип</td>
    </tr>
  </tbody>
</table>

<h2>Совет от ивент-продюсеров EventPro СПб</h2>
<blockquote style=""border-left: 4px solid #6366f1; padding-left: 15px; font-style: italic; color: #475569;"">
«Главный фактор успеха корпоратива в Петербурге — закладывать резерв по времени и погоде. Всегда проверяйте наличие отапливаемой закрытой зоны и заказывайте трансфер с запасом 20 минут.»
</blockquote>

<h2>Часто задаваемые вопросы (FAQ)</h2>
<h3>За сколько недель до даты нужно бронировать локацию?</h3>
<p>Для летнего сезона и декабря в СПб оптимальный срок — за 2-4 месяца. В обычные месяцы достаточно 3-4 недель.</p>

<h3>Можно ли привезти свой алкоголь?</h3>
<p>Большинство заведений СПб предоставляют такую возможность с уплатой пробкового сбора (от 300 до 800 руб/чел) либо при достижении минимального чека депозита.</p>

<h2>Бесплатный подбор площадок в Санкт-Петербурге</h2>
<p>Оставьте заявку, и наши специалисты бесплатно подготовят для вас расчет сметы и подборку из 5 лучших площадок под ваш бюджет за 30 минут!</p>",2027-01-28 12:00:00,2027-01-28 12:00:00,published,"Гайд СПб 2027: Сомелье, слепая дегустация сортов вин и сыров, ставки фишками и призы для знатоков.",article-27-винное-казино-и-дегустация,https://images.tildacdn.com/corporate_event_spb_8.jpg,Сценарии и Тренды,"Сценарии и Тренды, СПб, 2027, Гайд",Винное казино и дегустация в винных погребах Питера | Гайд СПб 2027,"Статья: Винное казино и дегустация в винных погребах Питера. Сомелье, слепая дегустация сортов вин и сыров, ставки фишками и призы для знатоков. Полный разбор смет, чек-листов и лучших мест в Санкт-Петербурге.","винное казино корпоратив спб, корпоратив спб, организация мероприятий петербург"
Сценарий тематической вечеринки «Алые Паруса для Команды»,"<p class=""lead""><strong>Сценарий тематической вечеринки «Алые Паруса для Команды»</strong> — ключевое руководство по организации идеального корпоративного мероприятия в Санкт-Петербурге и Ленинградской области в 2027 году. Романтика Петербурга, мотивирующие речи лидеров, символический пуск корабля и загадывание желаний.</p>

<h2>Почему тема «Сценарий тематической вечеринки «Алые Паруса для Команды»» актуальна для бизнеса в Санкт-Петербурге</h2>
<p>Организация корпоративного ивента в Северной Столице требует учета географических особенностей, формата площадки и специфики петербургской погоды. Выбирая данный формат, компании получают:</p>

<ul>
  <li><strong>Высокую вовлеченность (eNPS):</strong> До 95% положительных отзывов коллектива.</li>
  <li><strong>Сильный HR-бренд:</strong> Привлечение топовых кадров из IT и коммерческого сектора СПб.</li>
  <li><strong>Финансовую прозрачность:</strong> Четкое понимание структуры сметы без скрытых переплат.</li>
</ul>

<h2>Ключевые этапы и практические рекомендации по шагам</h2>
<p>При подготовке темы <em>сценарий тематической вечеринки «алые паруса для команды»</em> в Санкт-Петербурге рекомендуется соблюдать следующий алгоритм:</p>

<ol>
  <li><strong>Анализ площадки и логистики:</strong> Проверка транспортной доступности (метро, Западный Скоростной Диаметр, трансфер), парковки и технической оснащенности.</li>
  <li><strong>Согласование меню и напитков:</strong> Расчет 1200-1500г еды на человека, дегустация блюд и согласование условий по алкоголю.</li>
  <li><strong>Сценарий и шоу-программа:</strong> Наполнение интерактивами, подбор профессионального ведущего и кавер-группы.</li>
  <li><strong>Техническое обеспечение:</strong> Аренда качественного звука (не менее 3 кВт), света, экранов и дежурство техников.</li>
</ol>

<h2>Примерная структура сметы для СПб (из расчета на 50 человек)</h2>
<table border=""1"" cellpadding=""10"" cellspacing=""0"" style=""width:100%; border-collapse:collapse; margin:15px 0;"">
  <thead>
    <tr style=""background-color:#1e293b; color:#ffffff;"">
      <th>Категория расходов</th>
      <th>Средняя стоимость в СПб</th>
      <th>Примечание</th>
    </tr>
  </thead>
  <tbody>
    <tr>
      <td>Аренда площадки / Банкет</td>
      <td>200 000 – 350 000 ₽</td>
      <td>От 4000 ₽/чел + обслуживание</td>
    </tr>
    <tr>
      <td>Ведущий + DJ и оборудование</td>
      <td>80 000 – 150 000 ₽</td>
      <td>5 часов программы, звук и свет</td>
    </tr>
    <tr>
      <td>Шоу-программа / Интерактивы</td>
      <td>50 000 – 120 000 ₽</td>
      <td>Кавер-группа, фотозона или квест</td>
    </tr>
    <tr>
      <td>Фото и видеосъемка</td>
      <td>35 000 – 60 000 ₽</td>
      <td>6 часов работы + Reels/SMM клип</td>
    </tr>
  </tbody>
</table>

<h2>Совет от ивент-продюсеров EventPro СПб</h2>
<blockquote style=""border-left: 4px solid #6366f1; padding-left: 15px; font-style: italic; color: #475569;"">
«Главный фактор успеха корпоратива в Петербурге — закладывать резерв по времени и погоде. Всегда проверяйте наличие отапливаемой закрытой зоны и заказывайте трансфер с запасом 20 минут.»
</blockquote>

<h2>Часто задаваемые вопросы (FAQ)</h2>
<h3>За сколько недель до даты нужно бронировать локацию?</h3>
<p>Для летнего сезона и декабря в СПб оптимальный срок — за 2-4 месяца. В обычные месяцы достаточно 3-4 недель.</p>

<h3>Можно ли привезти свой алкоголь?</h3>
<p>Большинство заведений СПб предоставляют такую возможность с уплатой пробкового сбора (от 300 до 800 руб/чел) либо при достижении минимального чека депозита.</p>

<h2>Бесплатный подбор площадок в Санкт-Петербурге</h2>
<p>Оставьте заявку, и наши специалисты бесплатно подготовят для вас расчет сметы и подборку из 5 лучших площадок под ваш бюджет за 30 минут!</p>",2027-01-01 12:00:00,2027-01-01 12:00:00,published,"Гайд СПб 2027: Романтика Петербурга, мотивирующие речи лидеров, символический пуск корабля и загадывание желаний.",article-28-сценарий-тематической-вечеринки-алые,https://images.tildacdn.com/corporate_event_spb_9.jpg,Сценарии и Тренды,"Сценарии и Тренды, СПб, 2027, Гайд",Сценарий тематической вечеринки «Алые Паруса для Команды» | Гайд СПб 2027,"Статья: Сценарий тематической вечеринки «Алые Паруса для Команды». Романтика Петербурга, мотивирующие речи лидеров, символический пуск корабля и загадывание желаний. Полный разбор смет, чек-листов и лучших мест в Санкт-Петербурге.","тематический корпоратив алые паруса, корпоратив спб, организация мероприятий петербург"
Бал-маскарад в исторических дворцах и замках Петербурга,"<p class=""lead""><strong>Бал-маскарад в исторических дворцах и замках Петербурга</strong> — ключевое руководство по организации идеального корпоративного мероприятия в Санкт-Петербурге и Ленинградской области в 2027 году. Венецианские маски, исторический дресс-код, обучение менуэту и вальсу, факелы и скрипичные квартеты.</p>

<h2>Почему тема «Бал-маскарад в исторических дворцах и замках Петербурга» актуальна для бизнеса в Санкт-Петербурге</h2>
<p>Организация корпоративного ивента в Северной Столице требует учета географических особенностей, формата площадки и специфики петербургской погоды. Выбирая данный формат, компании получают:</p>

<ul>
  <li><strong>Высокую вовлеченность (eNPS):</strong> До 95% положительных отзывов коллектива.</li>
  <li><strong>Сильный HR-бренд:</strong> Привлечение топовых кадров из IT и коммерческого сектора СПб.</li>
  <li><strong>Финансовую прозрачность:</strong> Четкое понимание структуры сметы без скрытых переплат.</li>
</ul>

<h2>Ключевые этапы и практические рекомендации по шагам</h2>
<p>При подготовке темы <em>бал-маскарад в исторических дворцах и замках петербурга</em> в Санкт-Петербурге рекомендуется соблюдать следующий алгоритм:</p>

<ol>
  <li><strong>Анализ площадки и логистики:</strong> Проверка транспортной доступности (метро, Западный Скоростной Диаметр, трансфер), парковки и технической оснащенности.</li>
  <li><strong>Согласование меню и напитков:</strong> Расчет 1200-1500г еды на человека, дегустация блюд и согласование условий по алкоголю.</li>
  <li><strong>Сценарий и шоу-программа:</strong> Наполнение интерактивами, подбор профессионального ведущего и кавер-группы.</li>
  <li><strong>Техническое обеспечение:</strong> Аренда качественного звука (не менее 3 кВт), света, экранов и дежурство техников.</li>
</ol>

<h2>Примерная структура сметы для СПб (из расчета на 50 человек)</h2>
<table border=""1"" cellpadding=""10"" cellspacing=""0"" style=""width:100%; border-collapse:collapse; margin:15px 0;"">
  <thead>
    <tr style=""background-color:#1e293b; color:#ffffff;"">
      <th>Категория расходов</th>
      <th>Средняя стоимость в СПб</th>
      <th>Примечание</th>
    </tr>
  </thead>
  <tbody>
    <tr>
      <td>Аренда площадки / Банкет</td>
      <td>200 000 – 350 000 ₽</td>
      <td>От 4000 ₽/чел + обслуживание</td>
    </tr>
    <tr>
      <td>Ведущий + DJ и оборудование</td>
      <td>80 000 – 150 000 ₽</td>
      <td>5 часов программы, звук и свет</td>
    </tr>
    <tr>
      <td>Шоу-программа / Интерактивы</td>
      <td>50 000 – 120 000 ₽</td>
      <td>Кавер-группа, фотозона или квест</td>
    </tr>
    <tr>
      <td>Фото и видеосъемка</td>
      <td>35 000 – 60 000 ₽</td>
      <td>6 часов работы + Reels/SMM клип</td>
    </tr>
  </tbody>
</table>

<h2>Совет от ивент-продюсеров EventPro СПб</h2>
<blockquote style=""border-left: 4px solid #6366f1; padding-left: 15px; font-style: italic; color: #475569;"">
«Главный фактор успеха корпоратива в Петербурге — закладывать резерв по времени и погоде. Всегда проверяйте наличие отапливаемой закрытой зоны и заказывайте трансфер с запасом 20 минут.»
</blockquote>

<h2>Часто задаваемые вопросы (FAQ)</h2>
<h3>За сколько недель до даты нужно бронировать локацию?</h3>
<p>Для летнего сезона и декабря в СПб оптимальный срок — за 2-4 месяца. В обычные месяцы достаточно 3-4 недель.</p>

<h3>Можно ли привезти свой алкоголь?</h3>
<p>Большинство заведений СПб предоставляют такую возможность с уплатой пробкового сбора (от 300 до 800 руб/чел) либо при достижении минимального чека депозита.</p>

<h2>Бесплатный подбор площадок в Санкт-Петербурге</h2>
<p>Оставьте заявку, и наши специалисты бесплатно подготовят для вас расчет сметы и подборку из 5 лучших площадок под ваш бюджет за 30 минут!</p>",2027-01-02 12:00:00,2027-01-02 12:00:00,published,"Гайд СПб 2027: Венецианские маски, исторический дресс-код, обучение менуэту и вальсу, факелы и скрипичные квартеты.",article-29-бал-маскарад-в-исторических-дворцах,https://images.tildacdn.com/corporate_event_spb_10.jpg,Сценарии и Тренды,"Сценарии и Тренды, СПб, 2027, Гайд",Бал-маскарад в исторических дворцах и замках Петербурга | Гайд СПб 2027,"Статья: Бал-маскарад в исторических дворцах и замках Петербурга. Венецианские маски, исторический дресс-код, обучение менуэту и вальсу, факелы и скрипичные квартеты. Полный разбор смет, чек-листов и лучших мест в Санкт-Петербурге.","vip корпоратив дворец спб, корпоратив спб, организация мероприятий петербург"
Спортивно-развлекательный фест в парках и пригородах СПб,"<p class=""lead""><strong>Спортивно-развлекательный фест в парках и пригородах СПб</strong> — ключевое руководство по организации идеального корпоративного мероприятия в Санкт-Петербурге и Ленинградской области в 2027 году. Фудкорты, несколько сцен, йога-зоны, турниры по сапбордингу и настолкам под открытым небом.</p>

<h2>Почему тема «Спортивно-развлекательный фест в парках и пригородах СПб» актуальна для бизнеса в Санкт-Петербурге</h2>
<p>Организация корпоративного ивента в Северной Столице требует учета географических особенностей, формата площадки и специфики петербургской погоды. Выбирая данный формат, компании получают:</p>

<ul>
  <li><strong>Высокую вовлеченность (eNPS):</strong> До 95% положительных отзывов коллектива.</li>
  <li><strong>Сильный HR-бренд:</strong> Привлечение топовых кадров из IT и коммерческого сектора СПб.</li>
  <li><strong>Финансовую прозрачность:</strong> Четкое понимание структуры сметы без скрытых переплат.</li>
</ul>

<h2>Ключевые этапы и практические рекомендации по шагам</h2>
<p>При подготовке темы <em>спортивно-развлекательный фест в парках и пригородах спб</em> в Санкт-Петербурге рекомендуется соблюдать следующий алгоритм:</p>

<ol>
  <li><strong>Анализ площадки и логистики:</strong> Проверка транспортной доступности (метро, Западный Скоростной Диаметр, трансфер), парковки и технической оснащенности.</li>
  <li><strong>Согласование меню и напитков:</strong> Расчет 1200-1500г еды на человека, дегустация блюд и согласование условий по алкоголю.</li>
  <li><strong>Сценарий и шоу-программа:</strong> Наполнение интерактивами, подбор профессионального ведущего и кавер-группы.</li>
  <li><strong>Техническое обеспечение:</strong> Аренда качественного звука (не менее 3 кВт), света, экранов и дежурство техников.</li>
</ol>

<h2>Примерная структура сметы для СПб (из расчета на 50 человек)</h2>
<table border=""1"" cellpadding=""10"" cellspacing=""0"" style=""width:100%; border-collapse:collapse; margin:15px 0;"">
  <thead>
    <tr style=""background-color:#1e293b; color:#ffffff;"">
      <th>Категория расходов</th>
      <th>Средняя стоимость в СПб</th>
      <th>Примечание</th>
    </tr>
  </thead>
  <tbody>
    <tr>
      <td>Аренда площадки / Банкет</td>
      <td>200 000 – 350 000 ₽</td>
      <td>От 4000 ₽/чел + обслуживание</td>
    </tr>
    <tr>
      <td>Ведущий + DJ и оборудование</td>
      <td>80 000 – 150 000 ₽</td>
      <td>5 часов программы, звук и свет</td>
    </tr>
    <tr>
      <td>Шоу-программа / Интерактивы</td>
      <td>50 000 – 120 000 ₽</td>
      <td>Кавер-группа, фотозона или квест</td>
    </tr>
    <tr>
      <td>Фото и видеосъемка</td>
      <td>35 000 – 60 000 ₽</td>
      <td>6 часов работы + Reels/SMM клип</td>
    </tr>
  </tbody>
</table>

<h2>Совет от ивент-продюсеров EventPro СПб</h2>
<blockquote style=""border-left: 4px solid #6366f1; padding-left: 15px; font-style: italic; color: #475569;"">
«Главный фактор успеха корпоратива в Петербурге — закладывать резерв по времени и погоде. Всегда проверяйте наличие отапливаемой закрытой зоны и заказывайте трансфер с запасом 20 минут.»
</blockquote>

<h2>Часто задаваемые вопросы (FAQ)</h2>
<h3>За сколько недель до даты нужно бронировать локацию?</h3>
<p>Для летнего сезона и декабря в СПб оптимальный срок — за 2-4 месяца. В обычные месяцы достаточно 3-4 недель.</p>

<h3>Можно ли привезти свой алкоголь?</h3>
<p>Большинство заведений СПб предоставляют такую возможность с уплатой пробкового сбора (от 300 до 800 руб/чел) либо при достижении минимального чека депозита.</p>

<h2>Бесплатный подбор площадок в Санкт-Петербурге</h2>
<p>Оставьте заявку, и наши специалисты бесплатно подготовят для вас расчет сметы и подборку из 5 лучших площадок под ваш бюджет за 30 минут!</p>",2027-01-03 12:00:00,2027-01-03 12:00:00,published,"Гайд СПб 2027: Фудкорты, несколько сцен, йога-зоны, турниры по сапбордингу и настолкам под открытым небом.",article-30-спортивно-развлекательный-фест-в-парках,https://images.tildacdn.com/corporate_event_spb_1.jpg,Сценарии и Тренды,"Сценарии и Тренды, СПб, 2027, Гайд",Спортивно-развлекательный фест в парках и пригородах СПб | Гайд СПб 2027,"Статья: Спортивно-развлекательный фест в парках и пригородах СПб. Фудкорты, несколько сцен, йога-зоны, турниры по сапбордингу и настолкам под открытым небом. Полный разбор смет, чек-листов и лучших мест в Санкт-Петербурге.","фестивальный корпоратив на природе спб, корпоратив спб, организация мероприятий петербург"
Тимбилдинг на природе в Ленобласти: 15 лучших программ для сплочения,"<p class=""lead""><strong>Тимбилдинг на природе в Ленобласти: 15 лучших программ для сплочения</strong> — ключевое руководство по организации идеального корпоративного мероприятия в Санкт-Петербурге и Ленинградской области в 2027 году. Проверенные механики сплочения: веревочные курсы, ориентоование, квесты и постройка переправ.</p>

<h2>Почему тема «Тимбилдинг на природе в Ленобласти: 15 лучших программ для сплочения» актуальна для бизнеса в Санкт-Петербурге</h2>
<p>Организация корпоративного ивента в Северной Столице требует учета географических особенностей, формата площадки и специфики петербургской погоды. Выбирая данный формат, компании получают:</p>

<ul>
  <li><strong>Высокую вовлеченность (eNPS):</strong> До 95% положительных отзывов коллектива.</li>
  <li><strong>Сильный HR-бренд:</strong> Привлечение топовых кадров из IT и коммерческого сектора СПб.</li>
  <li><strong>Финансовую прозрачность:</strong> Четкое понимание структуры сметы без скрытых переплат.</li>
</ul>

<h2>Ключевые этапы и практические рекомендации по шагам</h2>
<p>При подготовке темы <em>тимбилдинг на природе в ленобласти: 15 лучших программ для сплочения</em> в Санкт-Петербурге рекомендуется соблюдать следующий алгоритм:</p>

<ol>
  <li><strong>Анализ площадки и логистики:</strong> Проверка транспортной доступности (метро, Западный Скоростной Диаметр, трансфер), парковки и технической оснащенности.</li>
  <li><strong>Согласование меню и напитков:</strong> Расчет 1200-1500г еды на человека, дегустация блюд и согласование условий по алкоголю.</li>
  <li><strong>Сценарий и шоу-программа:</strong> Наполнение интерактивами, подбор профессионального ведущего и кавер-группы.</li>
  <li><strong>Техническое обеспечение:</strong> Аренда качественного звука (не менее 3 кВт), света, экранов и дежурство техников.</li>
</ol>

<h2>Примерная структура сметы для СПб (из расчета на 50 человек)</h2>
<table border=""1"" cellpadding=""10"" cellspacing=""0"" style=""width:100%; border-collapse:collapse; margin:15px 0;"">
  <thead>
    <tr style=""background-color:#1e293b; color:#ffffff;"">
      <th>Категория расходов</th>
      <th>Средняя стоимость в СПб</th>
      <th>Примечание</th>
    </tr>
  </thead>
  <tbody>
    <tr>
      <td>Аренда площадки / Банкет</td>
      <td>200 000 – 350 000 ₽</td>
      <td>От 4000 ₽/чел + обслуживание</td>
    </tr>
    <tr>
      <td>Ведущий + DJ и оборудование</td>
      <td>80 000 – 150 000 ₽</td>
      <td>5 часов программы, звук и свет</td>
    </tr>
    <tr>
      <td>Шоу-программа / Интерактивы</td>
      <td>50 000 – 120 000 ₽</td>
      <td>Кавер-группа, фотозона или квест</td>
    </tr>
    <tr>
      <td>Фото и видеосъемка</td>
      <td>35 000 – 60 000 ₽</td>
      <td>6 часов работы + Reels/SMM клип</td>
    </tr>
  </tbody>
</table>

<h2>Совет от ивент-продюсеров EventPro СПб</h2>
<blockquote style=""border-left: 4px solid #6366f1; padding-left: 15px; font-style: italic; color: #475569;"">
«Главный фактор успеха корпоратива в Петербурге — закладывать резерв по времени и погоде. Всегда проверяйте наличие отапливаемой закрытой зоны и заказывайте трансфер с запасом 20 минут.»
</blockquote>

<h2>Часто задаваемые вопросы (FAQ)</h2>
<h3>За сколько недель до даты нужно бронировать локацию?</h3>
<p>Для летнего сезона и декабря в СПб оптимальный срок — за 2-4 месяца. В обычные месяцы достаточно 3-4 недель.</p>

<h3>Можно ли привезти свой алкоголь?</h3>
<p>Большинство заведений СПб предоставляют такую возможность с уплатой пробкового сбора (от 300 до 800 руб/чел) либо при достижении минимального чека депозита.</p>

<h2>Бесплатный подбор площадок в Санкт-Петербурге</h2>
<p>Оставьте заявку, и наши специалисты бесплатно подготовят для вас расчет сметы и подборку из 5 лучших площадок под ваш бюджет за 30 минут!</p>",2027-01-04 12:00:00,2027-01-04 12:00:00,published,"Гайд СПб 2027: Проверенные механики сплочения: веревочные курсы, ориентоование, квесты и постройка переправ.",article-31-тимбилдинг-на-природе-в,https://images.tildacdn.com/corporate_event_spb_2.jpg,Тимбилдинги,"Тимбилдинги, СПб, 2027, Гайд",Тимбилдинг на природе в Ленобласти: 15 лучших программ для сплочения | Гайд СПб 2027,"Статья: Тимбилдинг на природе в Ленобласти: 15 лучших программ для сплочения. Проверенные механики сплочения: веревочные курсы, ориентоование, квесты и постройка переправ. Полный разбор смет, чек-листов и лучших мест в Санкт-Петербурге.","тимбилдинг на природе ленобласть, корпоратив спб, организация мероприятий петербург"
Спортивный тимбилдинг: регата на Дворцовой набережной и полоса препятствий,"<p class=""lead""><strong>Спортивный тимбилдинг: регата на Дворцовой набережной и полоса препятствий</strong> — ключевое руководство по организации идеального корпоративного мероприятия в Санкт-Петербурге и Ленинградской области в 2027 году. Соревнования по футболу, волейболу, эстафеты на сапах и полосы препятствий в стиле Гонки Героев.</p>

<h2>Почему тема «Спортивный тимбилдинг: регата на Дворцовой набережной и полоса препятствий» актуальна для бизнеса в Санкт-Петербурге</h2>
<p>Организация корпоративного ивента в Северной Столице требует учета географических особенностей, формата площадки и специфики петербургской погоды. Выбирая данный формат, компании получают:</p>

<ul>
  <li><strong>Высокую вовлеченность (eNPS):</strong> До 95% положительных отзывов коллектива.</li>
  <li><strong>Сильный HR-бренд:</strong> Привлечение топовых кадров из IT и коммерческого сектора СПб.</li>
  <li><strong>Финансовую прозрачность:</strong> Четкое понимание структуры сметы без скрытых переплат.</li>
</ul>

<h2>Ключевые этапы и практические рекомендации по шагам</h2>
<p>При подготовке темы <em>спортивный тимбилдинг: регата на дворцовой набережной и полоса препятствий</em> в Санкт-Петербурге рекомендуется соблюдать следующий алгоритм:</p>

<ol>
  <li><strong>Анализ площадки и логистики:</strong> Проверка транспортной доступности (метро, Западный Скоростной Диаметр, трансфер), парковки и технической оснащенности.</li>
  <li><strong>Согласование меню и напитков:</strong> Расчет 1200-1500г еды на человека, дегустация блюд и согласование условий по алкоголю.</li>
  <li><strong>Сценарий и шоу-программа:</strong> Наполнение интерактивами, подбор профессионального ведущего и кавер-группы.</li>
  <li><strong>Техническое обеспечение:</strong> Аренда качественного звука (не менее 3 кВт), света, экранов и дежурство техников.</li>
</ol>

<h2>Примерная структура сметы для СПб (из расчета на 50 человек)</h2>
<table border=""1"" cellpadding=""10"" cellspacing=""0"" style=""width:100%; border-collapse:collapse; margin:15px 0;"">
  <thead>
    <tr style=""background-color:#1e293b; color:#ffffff;"">
      <th>Категория расходов</th>
      <th>Средняя стоимость в СПб</th>
      <th>Примечание</th>
    </tr>
  </thead>
  <tbody>
    <tr>
      <td>Аренда площадки / Банкет</td>
      <td>200 000 – 350 000 ₽</td>
      <td>От 4000 ₽/чел + обслуживание</td>
    </tr>
    <tr>
      <td>Ведущий + DJ и оборудование</td>
      <td>80 000 – 150 000 ₽</td>
      <td>5 часов программы, звук и свет</td>
    </tr>
    <tr>
      <td>Шоу-программа / Интерактивы</td>
      <td>50 000 – 120 000 ₽</td>
      <td>Кавер-группа, фотозона или квест</td>
    </tr>
    <tr>
      <td>Фото и видеосъемка</td>
      <td>35 000 – 60 000 ₽</td>
      <td>6 часов работы + Reels/SMM клип</td>
    </tr>
  </tbody>
</table>

<h2>Совет от ивент-продюсеров EventPro СПб</h2>
<blockquote style=""border-left: 4px solid #6366f1; padding-left: 15px; font-style: italic; color: #475569;"">
«Главный фактор успеха корпоратива в Петербурге — закладывать резерв по времени и погоде. Всегда проверяйте наличие отапливаемой закрытой зоны и заказывайте трансфер с запасом 20 минут.»
</blockquote>

<h2>Часто задаваемые вопросы (FAQ)</h2>
<h3>За сколько недель до даты нужно бронировать локацию?</h3>
<p>Для летнего сезона и декабря в СПб оптимальный срок — за 2-4 месяца. В обычные месяцы достаточно 3-4 недель.</p>

<h3>Можно ли привезти свой алкоголь?</h3>
<p>Большинство заведений СПб предоставляют такую возможность с уплатой пробкового сбора (от 300 до 800 руб/чел) либо при достижении минимального чека депозита.</p>

<h2>Бесплатный подбор площадок в Санкт-Петербурге</h2>
<p>Оставьте заявку, и наши специалисты бесплатно подготовят для вас расчет сметы и подборку из 5 лучших площадок под ваш бюджет за 30 минут!</p>",2027-01-05 12:00:00,2027-01-05 12:00:00,published,"Гайд СПб 2027: Соревнования по футболу, волейболу, эстафеты на сапах и полосы препятствий в стиле Гонки Героев.",article-32-спортивный-тимбилдинг-регата-на,https://images.tildacdn.com/corporate_event_spb_3.jpg,Тимбилдинги,"Тимбилдинги, СПб, 2027, Гайд",Спортивный тимбилдинг: регата на Дворцовой набережной и полоса препятствий | Гайд СПб 2027,"Статья: Спортивный тимбилдинг: регата на Дворцовой набережной и полоса препятствий. Соревнования по футболу, волейболу, эстафеты на сапах и полосы препятствий в стиле Гонки Героев. Полный разбор смет, чек-листов и лучших мест в Санкт-Петербурге.","спортивный тимбилдинг спб, корпоратив спб, организация мероприятий петербург"
Картонный тимбилдинг: постройка копий мостов Питера и гонки F1,"<p class=""lead""><strong>Картонный тимбилдинг: постройка копий мостов Питера и гонки F1</strong> — ключевое руководство по организации идеального корпоративного мероприятия в Санкт-Петербурге и Ленинградской области в 2027 году. Команды проектируют из плотного картона мосты через 'Неву' или болиды Формулы-1 и устраивают заезды.</p>

<h2>Почему тема «Картонный тимбилдинг: постройка копий мостов Питера и гонки F1» актуальна для бизнеса в Санкт-Петербурге</h2>
<p>Организация корпоративного ивента в Северной Столице требует учета географических особенностей, формата площадки и специфики петербургской погоды. Выбирая данный формат, компании получают:</p>

<ul>
  <li><strong>Высокую вовлеченность (eNPS):</strong> До 95% положительных отзывов коллектива.</li>
  <li><strong>Сильный HR-бренд:</strong> Привлечение топовых кадров из IT и коммерческого сектора СПб.</li>
  <li><strong>Финансовую прозрачность:</strong> Четкое понимание структуры сметы без скрытых переплат.</li>
</ul>

<h2>Ключевые этапы и практические рекомендации по шагам</h2>
<p>При подготовке темы <em>картонный тимбилдинг: постройка копий мостов питера и гонки f1</em> в Санкт-Петербурге рекомендуется соблюдать следующий алгоритм:</p>

<ol>
  <li><strong>Анализ площадки и логистики:</strong> Проверка транспортной доступности (метро, Западный Скоростной Диаметр, трансфер), парковки и технической оснащенности.</li>
  <li><strong>Согласование меню и напитков:</strong> Расчет 1200-1500г еды на человека, дегустация блюд и согласование условий по алкоголю.</li>
  <li><strong>Сценарий и шоу-программа:</strong> Наполнение интерактивами, подбор профессионального ведущего и кавер-группы.</li>
  <li><strong>Техническое обеспечение:</strong> Аренда качественного звука (не менее 3 кВт), света, экранов и дежурство техников.</li>
</ol>

<h2>Примерная структура сметы для СПб (из расчета на 50 человек)</h2>
<table border=""1"" cellpadding=""10"" cellspacing=""0"" style=""width:100%; border-collapse:collapse; margin:15px 0;"">
  <thead>
    <tr style=""background-color:#1e293b; color:#ffffff;"">
      <th>Категория расходов</th>
      <th>Средняя стоимость в СПб</th>
      <th>Примечание</th>
    </tr>
  </thead>
  <tbody>
    <tr>
      <td>Аренда площадки / Банкет</td>
      <td>200 000 – 350 000 ₽</td>
      <td>От 4000 ₽/чел + обслуживание</td>
    </tr>
    <tr>
      <td>Ведущий + DJ и оборудование</td>
      <td>80 000 – 150 000 ₽</td>
      <td>5 часов программы, звук и свет</td>
    </tr>
    <tr>
      <td>Шоу-программа / Интерактивы</td>
      <td>50 000 – 120 000 ₽</td>
      <td>Кавер-группа, фотозона или квест</td>
    </tr>
    <tr>
      <td>Фото и видеосъемка</td>
      <td>35 000 – 60 000 ₽</td>
      <td>6 часов работы + Reels/SMM клип</td>
    </tr>
  </tbody>
</table>

<h2>Совет от ивент-продюсеров EventPro СПб</h2>
<blockquote style=""border-left: 4px solid #6366f1; padding-left: 15px; font-style: italic; color: #475569;"">
«Главный фактор успеха корпоратива в Петербурге — закладывать резерв по времени и погоде. Всегда проверяйте наличие отапливаемой закрытой зоны и заказывайте трансфер с запасом 20 минут.»
</blockquote>

<h2>Часто задаваемые вопросы (FAQ)</h2>
<h3>За сколько недель до даты нужно бронировать локацию?</h3>
<p>Для летнего сезона и декабря в СПб оптимальный срок — за 2-4 месяца. В обычные месяцы достаточно 3-4 недель.</p>

<h3>Можно ли привезти свой алкоголь?</h3>
<p>Большинство заведений СПб предоставляют такую возможность с уплатой пробкового сбора (от 300 до 800 руб/чел) либо при достижении минимального чека депозита.</p>

<h2>Бесплатный подбор площадок в Санкт-Петербурге</h2>
<p>Оставьте заявку, и наши специалисты бесплатно подготовят для вас расчет сметы и подборку из 5 лучших площадок под ваш бюджет за 30 минут!</p>",2027-01-06 12:00:00,2027-01-06 12:00:00,published,Гайд СПб 2027: Команды проектируют из плотного картона мосты через 'Неву' или болиды Формулы-1 и устраивают заезды.,article-33-картонный-тимбилдинг-постройка-копий,https://images.tildacdn.com/corporate_event_spb_4.jpg,Тимбилдинги,"Тимбилдинги, СПб, 2027, Гайд",Картонный тимбилдинг: постройка копий мостов Питера и гонки F1 | Гайд СПб 2027,"Статья: Картонный тимбилдинг: постройка копий мостов Питера и гонки F1. Команды проектируют из плотного картона мосты через 'Неву' или болиды Формулы-1 и устраивают заезды. Полный разбор смет, чек-листов и лучших мест в Санкт-Петербурге.","картонный тимбилдинг спб, корпоратив спб, организация мероприятий петербург"
Парусная регата в Финском заливе как тимбилдинг для бизнеса,"<p class=""lead""><strong>Парусная регата в Финском заливе как тимбилдинг для бизнеса</strong> — ключевое руководство по организации идеального корпоративного мероприятия в Санкт-Петербурге и Ленинградской области в 2027 году. Управление спортивными яхтами под руководством капитанов: работа со снастями, галсы и дух соперничества.</p>

<h2>Почему тема «Парусная регата в Финском заливе как тимбилдинг для бизнеса» актуальна для бизнеса в Санкт-Петербурге</h2>
<p>Организация корпоративного ивента в Северной Столице требует учета географических особенностей, формата площадки и специфики петербургской погоды. Выбирая данный формат, компании получают:</p>

<ul>
  <li><strong>Высокую вовлеченность (eNPS):</strong> До 95% положительных отзывов коллектива.</li>
  <li><strong>Сильный HR-бренд:</strong> Привлечение топовых кадров из IT и коммерческого сектора СПб.</li>
  <li><strong>Финансовую прозрачность:</strong> Четкое понимание структуры сметы без скрытых переплат.</li>
</ul>

<h2>Ключевые этапы и практические рекомендации по шагам</h2>
<p>При подготовке темы <em>парусная регата в финском заливе как тимбилдинг для бизнеса</em> в Санкт-Петербурге рекомендуется соблюдать следующий алгоритм:</p>

<ol>
  <li><strong>Анализ площадки и логистики:</strong> Проверка транспортной доступности (метро, Западный Скоростной Диаметр, трансфер), парковки и технической оснащенности.</li>
  <li><strong>Согласование меню и напитков:</strong> Расчет 1200-1500г еды на человека, дегустация блюд и согласование условий по алкоголю.</li>
  <li><strong>Сценарий и шоу-программа:</strong> Наполнение интерактивами, подбор профессионального ведущего и кавер-группы.</li>
  <li><strong>Техническое обеспечение:</strong> Аренда качественного звука (не менее 3 кВт), света, экранов и дежурство техников.</li>
</ol>

<h2>Примерная структура сметы для СПб (из расчета на 50 человек)</h2>
<table border=""1"" cellpadding=""10"" cellspacing=""0"" style=""width:100%; border-collapse:collapse; margin:15px 0;"">
  <thead>
    <tr style=""background-color:#1e293b; color:#ffffff;"">
      <th>Категория расходов</th>
      <th>Средняя стоимость в СПб</th>
      <th>Примечание</th>
    </tr>
  </thead>
  <tbody>
    <tr>
      <td>Аренда площадки / Банкет</td>
      <td>200 000 – 350 000 ₽</td>
      <td>От 4000 ₽/чел + обслуживание</td>
    </tr>
    <tr>
      <td>Ведущий + DJ и оборудование</td>
      <td>80 000 – 150 000 ₽</td>
      <td>5 часов программы, звук и свет</td>
    </tr>
    <tr>
      <td>Шоу-программа / Интерактивы</td>
      <td>50 000 – 120 000 ₽</td>
      <td>Кавер-группа, фотозона или квест</td>
    </tr>
    <tr>
      <td>Фото и видеосъемка</td>
      <td>35 000 – 60 000 ₽</td>
      <td>6 часов работы + Reels/SMM клип</td>
    </tr>
  </tbody>
</table>

<h2>Совет от ивент-продюсеров EventPro СПб</h2>
<blockquote style=""border-left: 4px solid #6366f1; padding-left: 15px; font-style: italic; color: #475569;"">
«Главный фактор успеха корпоратива в Петербурге — закладывать резерв по времени и погоде. Всегда проверяйте наличие отапливаемой закрытой зоны и заказывайте трансфер с запасом 20 минут.»
</blockquote>

<h2>Часто задаваемые вопросы (FAQ)</h2>
<h3>За сколько недель до даты нужно бронировать локацию?</h3>
<p>Для летнего сезона и декабря в СПб оптимальный срок — за 2-4 месяца. В обычные месяцы достаточно 3-4 недель.</p>

<h3>Можно ли привезти свой алкоголь?</h3>
<p>Большинство заведений СПб предоставляют такую возможность с уплатой пробкового сбора (от 300 до 800 руб/чел) либо при достижении минимального чека депозита.</p>

<h2>Бесплатный подбор площадок в Санкт-Петербурге</h2>
<p>Оставьте заявку, и наши специалисты бесплатно подготовят для вас расчет сметы и подборку из 5 лучших площадок под ваш бюджет за 30 минут!</p>",2027-01-07 12:00:00,2027-01-07 12:00:00,published,"Гайд СПб 2027: Управление спортивными яхтами под руководством капитанов: работа со снастями, галсы и дух соперничества.",article-34-парусная-регата-в-финском,https://images.tildacdn.com/corporate_event_spb_5.jpg,Тимбилдинги,"Тимбилдинги, СПб, 2027, Гайд",Парусная регата в Финском заливе как тимбилдинг для бизнеса | Гайд СПб 2027,"Статья: Парусная регата в Финском заливе как тимбилдинг для бизнеса. Управление спортивными яхтами под руководством капитанов: работа со снастями, галсы и дух соперничества. Полный разбор смет, чек-листов и лучших мест в Санкт-Петербурге.","парусная регата тимбилдинг финский залив, корпоратив спб, организация мероприятий петербург"
Эко-тимбилдинг: посадка деревьев и субботник в парках СПб,"<p class=""lead""><strong>Эко-тимбилдинг: посадка деревьев и субботник в парках СПб</strong> — ключевое руководство по организации идеального корпоративного мероприятия в Санкт-Петербурге и Ленинградской области в 2027 году. Социально ответственный ивент: высадка аллеи компании, установка скворечников и очистка побережья.</p>

<h2>Почему тема «Эко-тимбилдинг: посадка деревьев и субботник в парках СПб» актуальна для бизнеса в Санкт-Петербурге</h2>
<p>Организация корпоративного ивента в Северной Столице требует учета географических особенностей, формата площадки и специфики петербургской погоды. Выбирая данный формат, компании получают:</p>

<ul>
  <li><strong>Высокую вовлеченность (eNPS):</strong> До 95% положительных отзывов коллектива.</li>
  <li><strong>Сильный HR-бренд:</strong> Привлечение топовых кадров из IT и коммерческого сектора СПб.</li>
  <li><strong>Финансовую прозрачность:</strong> Четкое понимание структуры сметы без скрытых переплат.</li>
</ul>

<h2>Ключевые этапы и практические рекомендации по шагам</h2>
<p>При подготовке темы <em>эко-тимбилдинг: посадка деревьев и субботник в парках спб</em> в Санкт-Петербурге рекомендуется соблюдать следующий алгоритм:</p>

<ol>
  <li><strong>Анализ площадки и логистики:</strong> Проверка транспортной доступности (метро, Западный Скоростной Диаметр, трансфер), парковки и технической оснащенности.</li>
  <li><strong>Согласование меню и напитков:</strong> Расчет 1200-1500г еды на человека, дегустация блюд и согласование условий по алкоголю.</li>
  <li><strong>Сценарий и шоу-программа:</strong> Наполнение интерактивами, подбор профессионального ведущего и кавер-группы.</li>
  <li><strong>Техническое обеспечение:</strong> Аренда качественного звука (не менее 3 кВт), света, экранов и дежурство техников.</li>
</ol>

<h2>Примерная структура сметы для СПб (из расчета на 50 человек)</h2>
<table border=""1"" cellpadding=""10"" cellspacing=""0"" style=""width:100%; border-collapse:collapse; margin:15px 0;"">
  <thead>
    <tr style=""background-color:#1e293b; color:#ffffff;"">
      <th>Категория расходов</th>
      <th>Средняя стоимость в СПб</th>
      <th>Примечание</th>
    </tr>
  </thead>
  <tbody>
    <tr>
      <td>Аренда площадки / Банкет</td>
      <td>200 000 – 350 000 ₽</td>
      <td>От 4000 ₽/чел + обслуживание</td>
    </tr>
    <tr>
      <td>Ведущий + DJ и оборудование</td>
      <td>80 000 – 150 000 ₽</td>
      <td>5 часов программы, звук и свет</td>
    </tr>
    <tr>
      <td>Шоу-программа / Интерактивы</td>
      <td>50 000 – 120 000 ₽</td>
      <td>Кавер-группа, фотозона или квест</td>
    </tr>
    <tr>
      <td>Фото и видеосъемка</td>
      <td>35 000 – 60 000 ₽</td>
      <td>6 часов работы + Reels/SMM клип</td>
    </tr>
  </tbody>
</table>

<h2>Совет от ивент-продюсеров EventPro СПб</h2>
<blockquote style=""border-left: 4px solid #6366f1; padding-left: 15px; font-style: italic; color: #475569;"">
«Главный фактор успеха корпоратива в Петербурге — закладывать резерв по времени и погоде. Всегда проверяйте наличие отапливаемой закрытой зоны и заказывайте трансфер с запасом 20 минут.»
</blockquote>

<h2>Часто задаваемые вопросы (FAQ)</h2>
<h3>За сколько недель до даты нужно бронировать локацию?</h3>
<p>Для летнего сезона и декабря в СПб оптимальный срок — за 2-4 месяца. В обычные месяцы достаточно 3-4 недель.</p>

<h3>Можно ли привезти свой алкоголь?</h3>
<p>Большинство заведений СПб предоставляют такую возможность с уплатой пробкового сбора (от 300 до 800 руб/чел) либо при достижении минимального чека депозита.</p>

<h2>Бесплатный подбор площадок в Санкт-Петербурге</h2>
<p>Оставьте заявку, и наши специалисты бесплатно подготовят для вас расчет сметы и подборку из 5 лучших площадок под ваш бюджет за 30 минут!</p>",2027-01-08 12:00:00,2027-01-08 12:00:00,published,"Гайд СПб 2027: Социально ответственный ивент: высадка аллеи компании, установка скворечников и очистка побережья.",article-35-эко-тимбилдинг-посадка-деревьев-и,https://images.tildacdn.com/corporate_event_spb_6.jpg,Тимбилдинги,"Тимбилдинги, СПб, 2027, Гайд",Эко-тимбилдинг: посадка деревьев и субботник в парках СПб | Гайд СПб 2027,"Статья: Эко-тимбилдинг: посадка деревьев и субботник в парках СПб. Социально ответственный ивент: высадка аллеи компании, установка скворечников и очистка побережья. Полный разбор смет, чек-листов и лучших мест в Санкт-Петербурге.","эко тимбилдинг спб, корпоратив спб, организация мероприятий петербург"
Барабанный тренинг и ритм-шоу на берегу Невы,"<p class=""lead""><strong>Барабанный тренинг и ритм-шоу на берегу Невы</strong> — ключевое руководство по организации идеального корпоративного мероприятия в Санкт-Петербурге и Ленинградской области в 2027 году. 100+ этнических барабанов в руках сотрудников: за 1 час группа превращается в единый сплоченный оркестр.</p>

<h2>Почему тема «Барабанный тренинг и ритм-шоу на берегу Невы» актуальна для бизнеса в Санкт-Петербурге</h2>
<p>Организация корпоративного ивента в Северной Столице требует учета географических особенностей, формата площадки и специфики петербургской погоды. Выбирая данный формат, компании получают:</p>

<ul>
  <li><strong>Высокую вовлеченность (eNPS):</strong> До 95% положительных отзывов коллектива.</li>
  <li><strong>Сильный HR-бренд:</strong> Привлечение топовых кадров из IT и коммерческого сектора СПб.</li>
  <li><strong>Финансовую прозрачность:</strong> Четкое понимание структуры сметы без скрытых переплат.</li>
</ul>

<h2>Ключевые этапы и практические рекомендации по шагам</h2>
<p>При подготовке темы <em>барабанный тренинг и ритм-шоу на берегу невы</em> в Санкт-Петербурге рекомендуется соблюдать следующий алгоритм:</p>

<ol>
  <li><strong>Анализ площадки и логистики:</strong> Проверка транспортной доступности (метро, Западный Скоростной Диаметр, трансфер), парковки и технической оснащенности.</li>
  <li><strong>Согласование меню и напитков:</strong> Расчет 1200-1500г еды на человека, дегустация блюд и согласование условий по алкоголю.</li>
  <li><strong>Сценарий и шоу-программа:</strong> Наполнение интерактивами, подбор профессионального ведущего и кавер-группы.</li>
  <li><strong>Техническое обеспечение:</strong> Аренда качественного звука (не менее 3 кВт), света, экранов и дежурство техников.</li>
</ol>

<h2>Примерная структура сметы для СПб (из расчета на 50 человек)</h2>
<table border=""1"" cellpadding=""10"" cellspacing=""0"" style=""width:100%; border-collapse:collapse; margin:15px 0;"">
  <thead>
    <tr style=""background-color:#1e293b; color:#ffffff;"">
      <th>Категория расходов</th>
      <th>Средняя стоимость в СПб</th>
      <th>Примечание</th>
    </tr>
  </thead>
  <tbody>
    <tr>
      <td>Аренда площадки / Банкет</td>
      <td>200 000 – 350 000 ₽</td>
      <td>От 4000 ₽/чел + обслуживание</td>
    </tr>
    <tr>
      <td>Ведущий + DJ и оборудование</td>
      <td>80 000 – 150 000 ₽</td>
      <td>5 часов программы, звук и свет</td>
    </tr>
    <tr>
      <td>Шоу-программа / Интерактивы</td>
      <td>50 000 – 120 000 ₽</td>
      <td>Кавер-группа, фотозона или квест</td>
    </tr>
    <tr>
      <td>Фото и видеосъемка</td>
      <td>35 000 – 60 000 ₽</td>
      <td>6 часов работы + Reels/SMM клип</td>
    </tr>
  </tbody>
</table>

<h2>Совет от ивент-продюсеров EventPro СПб</h2>
<blockquote style=""border-left: 4px solid #6366f1; padding-left: 15px; font-style: italic; color: #475569;"">
«Главный фактор успеха корпоратива в Петербурге — закладывать резерв по времени и погоде. Всегда проверяйте наличие отапливаемой закрытой зоны и заказывайте трансфер с запасом 20 минут.»
</blockquote>

<h2>Часто задаваемые вопросы (FAQ)</h2>
<h3>За сколько недель до даты нужно бронировать локацию?</h3>
<p>Для летнего сезона и декабря в СПб оптимальный срок — за 2-4 месяца. В обычные месяцы достаточно 3-4 недель.</p>

<h3>Можно ли привезти свой алкоголь?</h3>
<p>Большинство заведений СПб предоставляют такую возможность с уплатой пробкового сбора (от 300 до 800 руб/чел) либо при достижении минимального чека депозита.</p>

<h2>Бесплатный подбор площадок в Санкт-Петербурге</h2>
<p>Оставьте заявку, и наши специалисты бесплатно подготовят для вас расчет сметы и подборку из 5 лучших площадок под ваш бюджет за 30 минут!</p>",2027-01-09 12:00:00,2027-01-09 12:00:00,published,Гайд СПб 2027: 100+ этнических барабанов в руках сотрудников: за 1 час группа превращается в единый сплоченный оркестр.,article-36-барабанный-тренинг-и-ритм-шоу,https://images.tildacdn.com/corporate_event_spb_7.jpg,Тимбилдинги,"Тимбилдинги, СПб, 2027, Гайд",Барабанный тренинг и ритм-шоу на берегу Невы | Гайд СПб 2027,"Статья: Барабанный тренинг и ритм-шоу на берегу Невы. 100+ этнических барабанов в руках сотрудников: за 1 час группа превращается в единый сплоченный оркестр. Полный разбор смет, чек-листов и лучших мест в Санкт-Петербурге.","барабанный тимбилдинг спб, корпоратив спб, организация мероприятий петербург"
"Экстрим-тимбилдинг в Вуоксе: рафтинг, квадроциклы и веревочные парки","<p class=""lead""><strong>Экстрим-тимбилдинг в Вуоксе: рафтинг, квадроциклы и веревочные парки</strong> — ключевое руководство по организации идеального корпоративного мероприятия в Санкт-Петербурге и Ленинградской области в 2027 году. Сплав по порогам Вуоксы в Лосево: адреналин, взаимная страховка и абсолютное доверие партнерам.</p>

<h2>Почему тема «Экстрим-тимбилдинг в Вуоксе: рафтинг, квадроциклы и веревочные парки» актуальна для бизнеса в Санкт-Петербурге</h2>
<p>Организация корпоративного ивента в Северной Столице требует учета географических особенностей, формата площадки и специфики петербургской погоды. Выбирая данный формат, компании получают:</p>

<ul>
  <li><strong>Высокую вовлеченность (eNPS):</strong> До 95% положительных отзывов коллектива.</li>
  <li><strong>Сильный HR-бренд:</strong> Привлечение топовых кадров из IT и коммерческого сектора СПб.</li>
  <li><strong>Финансовую прозрачность:</strong> Четкое понимание структуры сметы без скрытых переплат.</li>
</ul>

<h2>Ключевые этапы и практические рекомендации по шагам</h2>
<p>При подготовке темы <em>экстрим-тимбилдинг в вуоксе: рафтинг, квадроциклы и веревочные парки</em> в Санкт-Петербурге рекомендуется соблюдать следующий алгоритм:</p>

<ol>
  <li><strong>Анализ площадки и логистики:</strong> Проверка транспортной доступности (метро, Западный Скоростной Диаметр, трансфер), парковки и технической оснащенности.</li>
  <li><strong>Согласование меню и напитков:</strong> Расчет 1200-1500г еды на человека, дегустация блюд и согласование условий по алкоголю.</li>
  <li><strong>Сценарий и шоу-программа:</strong> Наполнение интерактивами, подбор профессионального ведущего и кавер-группы.</li>
  <li><strong>Техническое обеспечение:</strong> Аренда качественного звука (не менее 3 кВт), света, экранов и дежурство техников.</li>
</ol>

<h2>Примерная структура сметы для СПб (из расчета на 50 человек)</h2>
<table border=""1"" cellpadding=""10"" cellspacing=""0"" style=""width:100%; border-collapse:collapse; margin:15px 0;"">
  <thead>
    <tr style=""background-color:#1e293b; color:#ffffff;"">
      <th>Категория расходов</th>
      <th>Средняя стоимость в СПб</th>
      <th>Примечание</th>
    </tr>
  </thead>
  <tbody>
    <tr>
      <td>Аренда площадки / Банкет</td>
      <td>200 000 – 350 000 ₽</td>
      <td>От 4000 ₽/чел + обслуживание</td>
    </tr>
    <tr>
      <td>Ведущий + DJ и оборудование</td>
      <td>80 000 – 150 000 ₽</td>
      <td>5 часов программы, звук и свет</td>
    </tr>
    <tr>
      <td>Шоу-программа / Интерактивы</td>
      <td>50 000 – 120 000 ₽</td>
      <td>Кавер-группа, фотозона или квест</td>
    </tr>
    <tr>
      <td>Фото и видеосъемка</td>
      <td>35 000 – 60 000 ₽</td>
      <td>6 часов работы + Reels/SMM клип</td>
    </tr>
  </tbody>
</table>

<h2>Совет от ивент-продюсеров EventPro СПб</h2>
<blockquote style=""border-left: 4px solid #6366f1; padding-left: 15px; font-style: italic; color: #475569;"">
«Главный фактор успеха корпоратива в Петербурге — закладывать резерв по времени и погоде. Всегда проверяйте наличие отапливаемой закрытой зоны и заказывайте трансфер с запасом 20 минут.»
</blockquote>

<h2>Часто задаваемые вопросы (FAQ)</h2>
<h3>За сколько недель до даты нужно бронировать локацию?</h3>
<p>Для летнего сезона и декабря в СПб оптимальный срок — за 2-4 месяца. В обычные месяцы достаточно 3-4 недель.</p>

<h3>Можно ли привезти свой алкоголь?</h3>
<p>Большинство заведений СПб предоставляют такую возможность с уплатой пробкового сбора (от 300 до 800 руб/чел) либо при достижении минимального чека депозита.</p>

<h2>Бесплатный подбор площадок в Санкт-Петербурге</h2>
<p>Оставьте заявку, и наши специалисты бесплатно подготовят для вас расчет сметы и подборку из 5 лучших площадок под ваш бюджет за 30 минут!</p>",2027-01-10 12:00:00,2027-01-10 12:00:00,published,"Гайд СПб 2027: Сплав по порогам Вуоксы в Лосево: адреналин, взаимная страховка и абсолютное доверие партнерам.",article-37-экстрим-тимбилдинг-в-вуоксе-рафтинг,https://images.tildacdn.com/corporate_event_spb_8.jpg,Тимбилдинги,"Тимбилдинги, СПб, 2027, Гайд","Экстрим-тимбилдинг в Вуоксе: рафтинг, квадроциклы и веревочные парки | Гайд СПб 2027","Статья: Экстрим-тимбилдинг в Вуоксе: рафтинг, квадроциклы и веревочные парки. Сплав по порогам Вуоксы в Лосево: адреналин, взаимная страховка и абсолютное доверие партнерам. Полный разбор смет, чек-листов и лучших мест в Санкт-Петербурге.","экстрим тимбилдинг вуокса рафтинг, корпоратив спб, организация мероприятий петербург"
Шерстяной тимбилдинг в лофте СПб: растапливаем лед в команде,"<p class=""lead""><strong>Шерстяной тимбилдинг в лофте СПб: растапливаем лед в команде</strong> — ключевое руководство по организации идеального корпоративного мероприятия в Санкт-Петербурге и Ленинградской области в 2027 году. 15-минутный эмоциональный финал: переплетаем сотни цветных нитей шерсти в единую прочную паутину связи.</p>

<h2>Почему тема «Шерстяной тимбилдинг в лофте СПб: растапливаем лед в команде» актуальна для бизнеса в Санкт-Петербурге</h2>
<p>Организация корпоративного ивента в Северной Столице требует учета географических особенностей, формата площадки и специфики петербургской погоды. Выбирая данный формат, компании получают:</p>

<ul>
  <li><strong>Высокую вовлеченность (eNPS):</strong> До 95% положительных отзывов коллектива.</li>
  <li><strong>Сильный HR-бренд:</strong> Привлечение топовых кадров из IT и коммерческого сектора СПб.</li>
  <li><strong>Финансовую прозрачность:</strong> Четкое понимание структуры сметы без скрытых переплат.</li>
</ul>

<h2>Ключевые этапы и практические рекомендации по шагам</h2>
<p>При подготовке темы <em>шерстяной тимбилдинг в лофте спб: растапливаем лед в команде</em> в Санкт-Петербурге рекомендуется соблюдать следующий алгоритм:</p>

<ol>
  <li><strong>Анализ площадки и логистики:</strong> Проверка транспортной доступности (метро, Западный Скоростной Диаметр, трансфер), парковки и технической оснащенности.</li>
  <li><strong>Согласование меню и напитков:</strong> Расчет 1200-1500г еды на человека, дегустация блюд и согласование условий по алкоголю.</li>
  <li><strong>Сценарий и шоу-программа:</strong> Наполнение интерактивами, подбор профессионального ведущего и кавер-группы.</li>
  <li><strong>Техническое обеспечение:</strong> Аренда качественного звука (не менее 3 кВт), света, экранов и дежурство техников.</li>
</ol>

<h2>Примерная структура сметы для СПб (из расчета на 50 человек)</h2>
<table border=""1"" cellpadding=""10"" cellspacing=""0"" style=""width:100%; border-collapse:collapse; margin:15px 0;"">
  <thead>
    <tr style=""background-color:#1e293b; color:#ffffff;"">
      <th>Категория расходов</th>
      <th>Средняя стоимость в СПб</th>
      <th>Примечание</th>
    </tr>
  </thead>
  <tbody>
    <tr>
      <td>Аренда площадки / Банкет</td>
      <td>200 000 – 350 000 ₽</td>
      <td>От 4000 ₽/чел + обслуживание</td>
    </tr>
    <tr>
      <td>Ведущий + DJ и оборудование</td>
      <td>80 000 – 150 000 ₽</td>
      <td>5 часов программы, звук и свет</td>
    </tr>
    <tr>
      <td>Шоу-программа / Интерактивы</td>
      <td>50 000 – 120 000 ₽</td>
      <td>Кавер-группа, фотозона или квест</td>
    </tr>
    <tr>
      <td>Фото и видеосъемка</td>
      <td>35 000 – 60 000 ₽</td>
      <td>6 часов работы + Reels/SMM клип</td>
    </tr>
  </tbody>
</table>

<h2>Совет от ивент-продюсеров EventPro СПб</h2>
<blockquote style=""border-left: 4px solid #6366f1; padding-left: 15px; font-style: italic; color: #475569;"">
«Главный фактор успеха корпоратива в Петербурге — закладывать резерв по времени и погоде. Всегда проверяйте наличие отапливаемой закрытой зоны и заказывайте трансфер с запасом 20 минут.»
</blockquote>

<h2>Часто задаваемые вопросы (FAQ)</h2>
<h3>За сколько недель до даты нужно бронировать локацию?</h3>
<p>Для летнего сезона и декабря в СПб оптимальный срок — за 2-4 месяца. В обычные месяцы достаточно 3-4 недель.</p>

<h3>Можно ли привезти свой алкоголь?</h3>
<p>Большинство заведений СПб предоставляют такую возможность с уплатой пробкового сбора (от 300 до 800 руб/чел) либо при достижении минимального чека депозита.</p>

<h2>Бесплатный подбор площадок в Санкт-Петербурге</h2>
<p>Оставьте заявку, и наши специалисты бесплатно подготовят для вас расчет сметы и подборку из 5 лучших площадок под ваш бюджет за 30 минут!</p>",2027-01-11 12:00:00,2027-01-11 12:00:00,published,Гайд СПб 2027: 15-минутный эмоциональный финал: переплетаем сотни цветных нитей шерсти в единую прочную паутину связи.,article-38-шерстяной-тимбилдинг-в-лофте,https://images.tildacdn.com/corporate_event_spb_9.jpg,Тимбилдинги,"Тимбилдинги, СПб, 2027, Гайд",Шерстяной тимбилдинг в лофте СПб: растапливаем лед в команде | Гайд СПб 2027,"Статья: Шерстяной тимбилдинг в лофте СПб: растапливаем лед в команде. 15-минутный эмоциональный финал: переплетаем сотни цветных нитей шерсти в единую прочную паутину связи. Полный разбор смет, чек-листов и лучших мест в Санкт-Петербурге.","шерстяной тимбилдинг спб, корпоратив спб, организация мероприятий петербург"
Кино-тимбилдинг: съемка короткометражки в декорациях Ленфильма,"<p class=""lead""><strong>Кино-тимбилдинг: съемка короткометражки в декорациях Ленфильма</strong> — ключевое руководство по организации идеального корпоративного мероприятия в Санкт-Петербурге и Ленинградской области в 2027 году. Распределение ролей (режиссер, гример, актеры), съемки по готовому скрипту и вечерний кинопремьерный показ.</p>

<h2>Почему тема «Кино-тимбилдинг: съемка короткометражки в декорациях Ленфильма» актуальна для бизнеса в Санкт-Петербурге</h2>
<p>Организация корпоративного ивента в Северной Столице требует учета географических особенностей, формата площадки и специфики петербургской погоды. Выбирая данный формат, компании получают:</p>

<ul>
  <li><strong>Высокую вовлеченность (eNPS):</strong> До 95% положительных отзывов коллектива.</li>
  <li><strong>Сильный HR-бренд:</strong> Привлечение топовых кадров из IT и коммерческого сектора СПб.</li>
  <li><strong>Финансовую прозрачность:</strong> Четкое понимание структуры сметы без скрытых переплат.</li>
</ul>

<h2>Ключевые этапы и практические рекомендации по шагам</h2>
<p>При подготовке темы <em>кино-тимбилдинг: съемка короткометражки в декорациях ленфильма</em> в Санкт-Петербурге рекомендуется соблюдать следующий алгоритм:</p>

<ol>
  <li><strong>Анализ площадки и логистики:</strong> Проверка транспортной доступности (метро, Западный Скоростной Диаметр, трансфер), парковки и технической оснащенности.</li>
  <li><strong>Согласование меню и напитков:</strong> Расчет 1200-1500г еды на человека, дегустация блюд и согласование условий по алкоголю.</li>
  <li><strong>Сценарий и шоу-программа:</strong> Наполнение интерактивами, подбор профессионального ведущего и кавер-группы.</li>
  <li><strong>Техническое обеспечение:</strong> Аренда качественного звука (не менее 3 кВт), света, экранов и дежурство техников.</li>
</ol>

<h2>Примерная структура сметы для СПб (из расчета на 50 человек)</h2>
<table border=""1"" cellpadding=""10"" cellspacing=""0"" style=""width:100%; border-collapse:collapse; margin:15px 0;"">
  <thead>
    <tr style=""background-color:#1e293b; color:#ffffff;"">
      <th>Категория расходов</th>
      <th>Средняя стоимость в СПб</th>
      <th>Примечание</th>
    </tr>
  </thead>
  <tbody>
    <tr>
      <td>Аренда площадки / Банкет</td>
      <td>200 000 – 350 000 ₽</td>
      <td>От 4000 ₽/чел + обслуживание</td>
    </tr>
    <tr>
      <td>Ведущий + DJ и оборудование</td>
      <td>80 000 – 150 000 ₽</td>
      <td>5 часов программы, звук и свет</td>
    </tr>
    <tr>
      <td>Шоу-программа / Интерактивы</td>
      <td>50 000 – 120 000 ₽</td>
      <td>Кавер-группа, фотозона или квест</td>
    </tr>
    <tr>
      <td>Фото и видеосъемка</td>
      <td>35 000 – 60 000 ₽</td>
      <td>6 часов работы + Reels/SMM клип</td>
    </tr>
  </tbody>
</table>

<h2>Совет от ивент-продюсеров EventPro СПб</h2>
<blockquote style=""border-left: 4px solid #6366f1; padding-left: 15px; font-style: italic; color: #475569;"">
«Главный фактор успеха корпоратива в Петербурге — закладывать резерв по времени и погоде. Всегда проверяйте наличие отапливаемой закрытой зоны и заказывайте трансфер с запасом 20 минут.»
</blockquote>

<h2>Часто задаваемые вопросы (FAQ)</h2>
<h3>За сколько недель до даты нужно бронировать локацию?</h3>
<p>Для летнего сезона и декабря в СПб оптимальный срок — за 2-4 месяца. В обычные месяцы достаточно 3-4 недель.</p>

<h3>Можно ли привезти свой алкоголь?</h3>
<p>Большинство заведений СПб предоставляют такую возможность с уплатой пробкового сбора (от 300 до 800 руб/чел) либо при достижении минимального чека депозита.</p>

<h2>Бесплатный подбор площадок в Санкт-Петербурге</h2>
<p>Оставьте заявку, и наши специалисты бесплатно подготовят для вас расчет сметы и подборку из 5 лучших площадок под ваш бюджет за 30 минут!</p>",2027-01-12 12:00:00,2027-01-12 12:00:00,published,"Гайд СПб 2027: Распределение ролей (режиссер, гример, актеры), съемки по готовому скрипту и вечерний кинопремьерный показ.",article-39-кино-тимбилдинг-съемка-короткометражки-в,https://images.tildacdn.com/corporate_event_spb_10.jpg,Тимбилдинги,"Тимбилдинги, СПб, 2027, Гайд",Кино-тимбилдинг: съемка короткометражки в декорациях Ленфильма | Гайд СПб 2027,"Статья: Кино-тимбилдинг: съемка короткометражки в декорациях Ленфильма. Распределение ролей (режиссер, гример, актеры), съемки по готовому скрипту и вечерний кинопремьерный показ. Полный разбор смет, чек-листов и лучших мест в Санкт-Петербурге.","кино тимбилдинг ленфильм спб, корпоратив спб, организация мероприятий петербург"
Кулинарный тимбилдинг: приготовление корюшки и кордон блю,"<p class=""lead""><strong>Кулинарный тимбилдинг: приготовление корюшки и кордон блю</strong> — ключевое руководство по организации идеального корпоративного мероприятия в Санкт-Петербурге и Ленинградской области в 2027 году. Приготовление обеда на 50 человек своими руками: распределение обязанностей и общий праздничный стол.</p>

<h2>Почему тема «Кулинарный тимбилдинг: приготовление корюшки и кордон блю» актуальна для бизнеса в Санкт-Петербурге</h2>
<p>Организация корпоративного ивента в Северной Столице требует учета географических особенностей, формата площадки и специфики петербургской погоды. Выбирая данный формат, компании получают:</p>

<ul>
  <li><strong>Высокую вовлеченность (eNPS):</strong> До 95% положительных отзывов коллектива.</li>
  <li><strong>Сильный HR-бренд:</strong> Привлечение топовых кадров из IT и коммерческого сектора СПб.</li>
  <li><strong>Финансовую прозрачность:</strong> Четкое понимание структуры сметы без скрытых переплат.</li>
</ul>

<h2>Ключевые этапы и практические рекомендации по шагам</h2>
<p>При подготовке темы <em>кулинарный тимбилдинг: приготовление корюшки и кордон блю</em> в Санкт-Петербурге рекомендуется соблюдать следующий алгоритм:</p>

<ol>
  <li><strong>Анализ площадки и логистики:</strong> Проверка транспортной доступности (метро, Западный Скоростной Диаметр, трансфер), парковки и технической оснащенности.</li>
  <li><strong>Согласование меню и напитков:</strong> Расчет 1200-1500г еды на человека, дегустация блюд и согласование условий по алкоголю.</li>
  <li><strong>Сценарий и шоу-программа:</strong> Наполнение интерактивами, подбор профессионального ведущего и кавер-группы.</li>
  <li><strong>Техническое обеспечение:</strong> Аренда качественного звука (не менее 3 кВт), света, экранов и дежурство техников.</li>
</ol>

<h2>Примерная структура сметы для СПб (из расчета на 50 человек)</h2>
<table border=""1"" cellpadding=""10"" cellspacing=""0"" style=""width:100%; border-collapse:collapse; margin:15px 0;"">
  <thead>
    <tr style=""background-color:#1e293b; color:#ffffff;"">
      <th>Категория расходов</th>
      <th>Средняя стоимость в СПб</th>
      <th>Примечание</th>
    </tr>
  </thead>
  <tbody>
    <tr>
      <td>Аренда площадки / Банкет</td>
      <td>200 000 – 350 000 ₽</td>
      <td>От 4000 ₽/чел + обслуживание</td>
    </tr>
    <tr>
      <td>Ведущий + DJ и оборудование</td>
      <td>80 000 – 150 000 ₽</td>
      <td>5 часов программы, звук и свет</td>
    </tr>
    <tr>
      <td>Шоу-программа / Интерактивы</td>
      <td>50 000 – 120 000 ₽</td>
      <td>Кавер-группа, фотозона или квест</td>
    </tr>
    <tr>
      <td>Фото и видеосъемка</td>
      <td>35 000 – 60 000 ₽</td>
      <td>6 часов работы + Reels/SMM клип</td>
    </tr>
  </tbody>
</table>

<h2>Совет от ивент-продюсеров EventPro СПб</h2>
<blockquote style=""border-left: 4px solid #6366f1; padding-left: 15px; font-style: italic; color: #475569;"">
«Главный фактор успеха корпоратива в Петербурге — закладывать резерв по времени и погоде. Всегда проверяйте наличие отапливаемой закрытой зоны и заказывайте трансфер с запасом 20 минут.»
</blockquote>

<h2>Часто задаваемые вопросы (FAQ)</h2>
<h3>За сколько недель до даты нужно бронировать локацию?</h3>
<p>Для летнего сезона и декабря в СПб оптимальный срок — за 2-4 месяца. В обычные месяцы достаточно 3-4 недель.</p>

<h3>Можно ли привезти свой алкоголь?</h3>
<p>Большинство заведений СПб предоставляют такую возможность с уплатой пробкового сбора (от 300 до 800 руб/чел) либо при достижении минимального чека депозита.</p>

<h2>Бесплатный подбор площадок в Санкт-Петербурге</h2>
<p>Оставьте заявку, и наши специалисты бесплатно подготовят для вас расчет сметы и подборку из 5 лучших площадок под ваш бюджет за 30 минут!</p>",2027-01-13 12:00:00,2027-01-13 12:00:00,published,Гайд СПб 2027: Приготовление обеда на 50 человек своими руками: распределение обязанностей и общий праздничный стол.,article-40-кулинарный-тимбилдинг-приготовление-корюшки,https://images.tildacdn.com/corporate_event_spb_1.jpg,Тимбилдинги,"Тимбилдинги, СПб, 2027, Гайд",Кулинарный тимбилдинг: приготовление корюшки и кордон блю | Гайд СПб 2027,"Статья: Кулинарный тимбилдинг: приготовление корюшки и кордон блю. Приготовление обеда на 50 человек своими руками: распределение обязанностей и общий праздничный стол. Полный разбор смет, чек-листов и лучших мест в Санкт-Петербурге.","кулинарный тимбилдинг спб, корпоратив спб, организация мероприятий петербург"
Психологический тимбилдинг и коучинг для топ-менеджеров СПб,"<p class=""lead""><strong>Психологический тимбилдинг и коучинг для топ-менеджеров СПб</strong> — ключевое руководство по организации идеального корпоративного мероприятия в Санкт-Петербурге и Ленинградской области в 2027 году. Метафорические карты, фасилитация, проработка конфликтов и синергия управленческой команды.</p>

<h2>Почему тема «Психологический тимбилдинг и коучинг для топ-менеджеров СПб» актуальна для бизнеса в Санкт-Петербурге</h2>
<p>Организация корпоративного ивента в Северной Столице требует учета географических особенностей, формата площадки и специфики петербургской погоды. Выбирая данный формат, компании получают:</p>

<ul>
  <li><strong>Высокую вовлеченность (eNPS):</strong> До 95% положительных отзывов коллектива.</li>
  <li><strong>Сильный HR-бренд:</strong> Привлечение топовых кадров из IT и коммерческого сектора СПб.</li>
  <li><strong>Финансовую прозрачность:</strong> Четкое понимание структуры сметы без скрытых переплат.</li>
</ul>

<h2>Ключевые этапы и практические рекомендации по шагам</h2>
<p>При подготовке темы <em>психологический тимбилдинг и коучинг для топ-менеджеров спб</em> в Санкт-Петербурге рекомендуется соблюдать следующий алгоритм:</p>

<ol>
  <li><strong>Анализ площадки и логистики:</strong> Проверка транспортной доступности (метро, Западный Скоростной Диаметр, трансфер), парковки и технической оснащенности.</li>
  <li><strong>Согласование меню и напитков:</strong> Расчет 1200-1500г еды на человека, дегустация блюд и согласование условий по алкоголю.</li>
  <li><strong>Сценарий и шоу-программа:</strong> Наполнение интерактивами, подбор профессионального ведущего и кавер-группы.</li>
  <li><strong>Техническое обеспечение:</strong> Аренда качественного звука (не менее 3 кВт), света, экранов и дежурство техников.</li>
</ol>

<h2>Примерная структура сметы для СПб (из расчета на 50 человек)</h2>
<table border=""1"" cellpadding=""10"" cellspacing=""0"" style=""width:100%; border-collapse:collapse; margin:15px 0;"">
  <thead>
    <tr style=""background-color:#1e293b; color:#ffffff;"">
      <th>Категория расходов</th>
      <th>Средняя стоимость в СПб</th>
      <th>Примечание</th>
    </tr>
  </thead>
  <tbody>
    <tr>
      <td>Аренда площадки / Банкет</td>
      <td>200 000 – 350 000 ₽</td>
      <td>От 4000 ₽/чел + обслуживание</td>
    </tr>
    <tr>
      <td>Ведущий + DJ и оборудование</td>
      <td>80 000 – 150 000 ₽</td>
      <td>5 часов программы, звук и свет</td>
    </tr>
    <tr>
      <td>Шоу-программа / Интерактивы</td>
      <td>50 000 – 120 000 ₽</td>
      <td>Кавер-группа, фотозона или квест</td>
    </tr>
    <tr>
      <td>Фото и видеосъемка</td>
      <td>35 000 – 60 000 ₽</td>
      <td>6 часов работы + Reels/SMM клип</td>
    </tr>
  </tbody>
</table>

<h2>Совет от ивент-продюсеров EventPro СПб</h2>
<blockquote style=""border-left: 4px solid #6366f1; padding-left: 15px; font-style: italic; color: #475569;"">
«Главный фактор успеха корпоратива в Петербурге — закладывать резерв по времени и погоде. Всегда проверяйте наличие отапливаемой закрытой зоны и заказывайте трансфер с запасом 20 минут.»
</blockquote>

<h2>Часто задаваемые вопросы (FAQ)</h2>
<h3>За сколько недель до даты нужно бронировать локацию?</h3>
<p>Для летнего сезона и декабря в СПб оптимальный срок — за 2-4 месяца. В обычные месяцы достаточно 3-4 недель.</p>

<h3>Можно ли привезти свой алкоголь?</h3>
<p>Большинство заведений СПб предоставляют такую возможность с уплатой пробкового сбора (от 300 до 800 руб/чел) либо при достижении минимального чека депозита.</p>

<h2>Бесплатный подбор площадок в Санкт-Петербурге</h2>
<p>Оставьте заявку, и наши специалисты бесплатно подготовят для вас расчет сметы и подборку из 5 лучших площадок под ваш бюджет за 30 минут!</p>",2027-01-14 12:00:00,2027-01-14 12:00:00,published,"Гайд СПб 2027: Метафорические карты, фасилитация, проработка конфликтов и синергия управленческой команды.",article-41-психологический-тимбилдинг-и-коучинг,https://images.tildacdn.com/corporate_event_spb_2.jpg,Тимбилдинги,"Тимбилдинги, СПб, 2027, Гайд",Психологический тимбилдинг и коучинг для топ-менеджеров СПб | Гайд СПб 2027,"Статья: Психологический тимбилдинг и коучинг для топ-менеджеров СПб. Метафорические карты, фасилитация, проработка конфликтов и синергия управленческой команды. Полный разбор смет, чек-листов и лучших мест в Санкт-Петербурге.","психологический тимбилдинг спб, корпоратив спб, организация мероприятий петербург"
Тимбилдинг в офисе СПб: 10 быстро реализуемых игр без выезда,"<p class=""lead""><strong>Тимбилдинг в офисе СПб: 10 быстро реализуемых игр без выезда</strong> — ключевое руководство по организации идеального корпоративного мероприятия в Санкт-Петербурге и Ленинградской области в 2027 году. Бюджетные форматы сплочения прямо в опенспейсе за 2-3 часа без необходимости заказа автобусов.</p>

<h2>Почему тема «Тимбилдинг в офисе СПб: 10 быстро реализуемых игр без выезда» актуальна для бизнеса в Санкт-Петербурге</h2>
<p>Организация корпоративного ивента в Северной Столице требует учета географических особенностей, формата площадки и специфики петербургской погоды. Выбирая данный формат, компании получают:</p>

<ul>
  <li><strong>Высокую вовлеченность (eNPS):</strong> До 95% положительных отзывов коллектива.</li>
  <li><strong>Сильный HR-бренд:</strong> Привлечение топовых кадров из IT и коммерческого сектора СПб.</li>
  <li><strong>Финансовую прозрачность:</strong> Четкое понимание структуры сметы без скрытых переплат.</li>
</ul>

<h2>Ключевые этапы и практические рекомендации по шагам</h2>
<p>При подготовке темы <em>тимбилдинг в офисе спб: 10 быстро реализуемых игр без выезда</em> в Санкт-Петербурге рекомендуется соблюдать следующий алгоритм:</p>

<ol>
  <li><strong>Анализ площадки и логистики:</strong> Проверка транспортной доступности (метро, Западный Скоростной Диаметр, трансфер), парковки и технической оснащенности.</li>
  <li><strong>Согласование меню и напитков:</strong> Расчет 1200-1500г еды на человека, дегустация блюд и согласование условий по алкоголю.</li>
  <li><strong>Сценарий и шоу-программа:</strong> Наполнение интерактивами, подбор профессионального ведущего и кавер-группы.</li>
  <li><strong>Техническое обеспечение:</strong> Аренда качественного звука (не менее 3 кВт), света, экранов и дежурство техников.</li>
</ol>

<h2>Примерная структура сметы для СПб (из расчета на 50 человек)</h2>
<table border=""1"" cellpadding=""10"" cellspacing=""0"" style=""width:100%; border-collapse:collapse; margin:15px 0;"">
  <thead>
    <tr style=""background-color:#1e293b; color:#ffffff;"">
      <th>Категория расходов</th>
      <th>Средняя стоимость в СПб</th>
      <th>Примечание</th>
    </tr>
  </thead>
  <tbody>
    <tr>
      <td>Аренда площадки / Банкет</td>
      <td>200 000 – 350 000 ₽</td>
      <td>От 4000 ₽/чел + обслуживание</td>
    </tr>
    <tr>
      <td>Ведущий + DJ и оборудование</td>
      <td>80 000 – 150 000 ₽</td>
      <td>5 часов программы, звук и свет</td>
    </tr>
    <tr>
      <td>Шоу-программа / Интерактивы</td>
      <td>50 000 – 120 000 ₽</td>
      <td>Кавер-группа, фотозона или квест</td>
    </tr>
    <tr>
      <td>Фото и видеосъемка</td>
      <td>35 000 – 60 000 ₽</td>
      <td>6 часов работы + Reels/SMM клип</td>
    </tr>
  </tbody>
</table>

<h2>Совет от ивент-продюсеров EventPro СПб</h2>
<blockquote style=""border-left: 4px solid #6366f1; padding-left: 15px; font-style: italic; color: #475569;"">
«Главный фактор успеха корпоратива в Петербурге — закладывать резерв по времени и погоде. Всегда проверяйте наличие отапливаемой закрытой зоны и заказывайте трансфер с запасом 20 минут.»
</blockquote>

<h2>Часто задаваемые вопросы (FAQ)</h2>
<h3>За сколько недель до даты нужно бронировать локацию?</h3>
<p>Для летнего сезона и декабря в СПб оптимальный срок — за 2-4 месяца. В обычные месяцы достаточно 3-4 недель.</p>

<h3>Можно ли привезти свой алкоголь?</h3>
<p>Большинство заведений СПб предоставляют такую возможность с уплатой пробкового сбора (от 300 до 800 руб/чел) либо при достижении минимального чека депозита.</p>

<h2>Бесплатный подбор площадок в Санкт-Петербурге</h2>
<p>Оставьте заявку, и наши специалисты бесплатно подготовят для вас расчет сметы и подборку из 5 лучших площадок под ваш бюджет за 30 минут!</p>",2027-01-15 12:00:00,2027-01-15 12:00:00,published,Гайд СПб 2027: Бюджетные форматы сплочения прямо в опенспейсе за 2-3 часа без необходимости заказа автобусов.,article-42-тимбилдинг-в-офисе-спб,https://images.tildacdn.com/corporate_event_spb_3.jpg,Тимбилдинги,"Тимбилдинги, СПб, 2027, Гайд",Тимбилдинг в офисе СПб: 10 быстро реализуемых игр без выезда | Гайд СПб 2027,"Статья: Тимбилдинг в офисе СПб: 10 быстро реализуемых игр без выезда. Бюджетные форматы сплочения прямо в опенспейсе за 2-3 часа без необходимости заказа автобусов. Полный разбор смет, чек-листов и лучших мест в Санкт-Петербурге.","тимбилдинг в офисе спб, корпоратив спб, организация мероприятий петербург"
Зимний тимбилдинг: керлинг в Центре Керлинга СПб и гигантский глинтвейн,"<p class=""lead""><strong>Зимний тимбилдинг: керлинг в Центре Керлинга СПб и гигантский глинтвейн</strong> — ключевое руководство по организации идеального корпоративного мероприятия в Санкт-Петербурге и Ленинградской области в 2027 году. Тактическая игра на льду, не требующая специальной подготовки, согревательные напитки и азарт.</p>

<h2>Почему тема «Зимний тимбилдинг: керлинг в Центре Керлинга СПб и гигантский глинтвейн» актуальна для бизнеса в Санкт-Петербурге</h2>
<p>Организация корпоративного ивента в Северной Столице требует учета географических особенностей, формата площадки и специфики петербургской погоды. Выбирая данный формат, компании получают:</p>

<ul>
  <li><strong>Высокую вовлеченность (eNPS):</strong> До 95% положительных отзывов коллектива.</li>
  <li><strong>Сильный HR-бренд:</strong> Привлечение топовых кадров из IT и коммерческого сектора СПб.</li>
  <li><strong>Финансовую прозрачность:</strong> Четкое понимание структуры сметы без скрытых переплат.</li>
</ul>

<h2>Ключевые этапы и практические рекомендации по шагам</h2>
<p>При подготовке темы <em>зимний тимбилдинг: керлинг в центре керлинга спб и гигантский глинтвейн</em> в Санкт-Петербурге рекомендуется соблюдать следующий алгоритм:</p>

<ol>
  <li><strong>Анализ площадки и логистики:</strong> Проверка транспортной доступности (метро, Западный Скоростной Диаметр, трансфер), парковки и технической оснащенности.</li>
  <li><strong>Согласование меню и напитков:</strong> Расчет 1200-1500г еды на человека, дегустация блюд и согласование условий по алкоголю.</li>
  <li><strong>Сценарий и шоу-программа:</strong> Наполнение интерактивами, подбор профессионального ведущего и кавер-группы.</li>
  <li><strong>Техническое обеспечение:</strong> Аренда качественного звука (не менее 3 кВт), света, экранов и дежурство техников.</li>
</ol>

<h2>Примерная структура сметы для СПб (из расчета на 50 человек)</h2>
<table border=""1"" cellpadding=""10"" cellspacing=""0"" style=""width:100%; border-collapse:collapse; margin:15px 0;"">
  <thead>
    <tr style=""background-color:#1e293b; color:#ffffff;"">
      <th>Категория расходов</th>
      <th>Средняя стоимость в СПб</th>
      <th>Примечание</th>
    </tr>
  </thead>
  <tbody>
    <tr>
      <td>Аренда площадки / Банкет</td>
      <td>200 000 – 350 000 ₽</td>
      <td>От 4000 ₽/чел + обслуживание</td>
    </tr>
    <tr>
      <td>Ведущий + DJ и оборудование</td>
      <td>80 000 – 150 000 ₽</td>
      <td>5 часов программы, звук и свет</td>
    </tr>
    <tr>
      <td>Шоу-программа / Интерактивы</td>
      <td>50 000 – 120 000 ₽</td>
      <td>Кавер-группа, фотозона или квест</td>
    </tr>
    <tr>
      <td>Фото и видеосъемка</td>
      <td>35 000 – 60 000 ₽</td>
      <td>6 часов работы + Reels/SMM клип</td>
    </tr>
  </tbody>
</table>

<h2>Совет от ивент-продюсеров EventPro СПб</h2>
<blockquote style=""border-left: 4px solid #6366f1; padding-left: 15px; font-style: italic; color: #475569;"">
«Главный фактор успеха корпоратива в Петербурге — закладывать резерв по времени и погоде. Всегда проверяйте наличие отапливаемой закрытой зоны и заказывайте трансфер с запасом 20 минут.»
</blockquote>

<h2>Часто задаваемые вопросы (FAQ)</h2>
<h3>За сколько недель до даты нужно бронировать локацию?</h3>
<p>Для летнего сезона и декабря в СПб оптимальный срок — за 2-4 месяца. В обычные месяцы достаточно 3-4 недель.</p>

<h3>Можно ли привезти свой алкоголь?</h3>
<p>Большинство заведений СПб предоставляют такую возможность с уплатой пробкового сбора (от 300 до 800 руб/чел) либо при достижении минимального чека депозита.</p>

<h2>Бесплатный подбор площадок в Санкт-Петербурге</h2>
<p>Оставьте заявку, и наши специалисты бесплатно подготовят для вас расчет сметы и подборку из 5 лучших площадок под ваш бюджет за 30 минут!</p>",2027-01-16 12:00:00,2027-01-16 12:00:00,published,"Гайд СПб 2027: Тактическая игра на льду, не требующая специальной подготовки, согревательные напитки и азарт.",article-43-зимний-тимбилдинг-керлинг-в,https://images.tildacdn.com/corporate_event_spb_4.jpg,Тимбилдинги,"Тимбилдинги, СПб, 2027, Гайд",Зимний тимбилдинг: керлинг в Центре Керлинга СПб и гигантский глинтвейн | Гайд СПб 2027,"Статья: Зимний тимбилдинг: керлинг в Центре Керлинга СПб и гигантский глинтвейн. Тактическая игра на льду, не требующая специальной подготовки, согревательные напитки и азарт. Полный разбор смет, чек-листов и лучших мест в Санкт-Петербурге.","зимний тимбилдинг керлинг спб, корпоратив спб, организация мероприятий петербург"
Технологичный VR-тимбилдинг для IT-компаний Петербурга,"<p class=""lead""><strong>Технологичный VR-тимбилдинг для IT-компаний Петербурга</strong> — ключевое руководство по организации идеального корпоративного мероприятия в Санкт-Петербурге и Ленинградской области в 2027 году. Совместное прохождение виртуальных комнат, разминирование бомб в VR и командные арены.</p>

<h2>Почему тема «Технологичный VR-тимбилдинг для IT-компаний Петербурга» актуальна для бизнеса в Санкт-Петербурге</h2>
<p>Организация корпоративного ивента в Северной Столице требует учета географических особенностей, формата площадки и специфики петербургской погоды. Выбирая данный формат, компании получают:</p>

<ul>
  <li><strong>Высокую вовлеченность (eNPS):</strong> До 95% положительных отзывов коллектива.</li>
  <li><strong>Сильный HR-бренд:</strong> Привлечение топовых кадров из IT и коммерческого сектора СПб.</li>
  <li><strong>Финансовую прозрачность:</strong> Четкое понимание структуры сметы без скрытых переплат.</li>
</ul>

<h2>Ключевые этапы и практические рекомендации по шагам</h2>
<p>При подготовке темы <em>технологичный vr-тимбилдинг для it-компаний петербурга</em> в Санкт-Петербурге рекомендуется соблюдать следующий алгоритм:</p>

<ol>
  <li><strong>Анализ площадки и логистики:</strong> Проверка транспортной доступности (метро, Западный Скоростной Диаметр, трансфер), парковки и технической оснащенности.</li>
  <li><strong>Согласование меню и напитков:</strong> Расчет 1200-1500г еды на человека, дегустация блюд и согласование условий по алкоголю.</li>
  <li><strong>Сценарий и шоу-программа:</strong> Наполнение интерактивами, подбор профессионального ведущего и кавер-группы.</li>
  <li><strong>Техническое обеспечение:</strong> Аренда качественного звука (не менее 3 кВт), света, экранов и дежурство техников.</li>
</ol>

<h2>Примерная структура сметы для СПб (из расчета на 50 человек)</h2>
<table border=""1"" cellpadding=""10"" cellspacing=""0"" style=""width:100%; border-collapse:collapse; margin:15px 0;"">
  <thead>
    <tr style=""background-color:#1e293b; color:#ffffff;"">
      <th>Категория расходов</th>
      <th>Средняя стоимость в СПб</th>
      <th>Примечание</th>
    </tr>
  </thead>
  <tbody>
    <tr>
      <td>Аренда площадки / Банкет</td>
      <td>200 000 – 350 000 ₽</td>
      <td>От 4000 ₽/чел + обслуживание</td>
    </tr>
    <tr>
      <td>Ведущий + DJ и оборудование</td>
      <td>80 000 – 150 000 ₽</td>
      <td>5 часов программы, звук и свет</td>
    </tr>
    <tr>
      <td>Шоу-программа / Интерактивы</td>
      <td>50 000 – 120 000 ₽</td>
      <td>Кавер-группа, фотозона или квест</td>
    </tr>
    <tr>
      <td>Фото и видеосъемка</td>
      <td>35 000 – 60 000 ₽</td>
      <td>6 часов работы + Reels/SMM клип</td>
    </tr>
  </tbody>
</table>

<h2>Совет от ивент-продюсеров EventPro СПб</h2>
<blockquote style=""border-left: 4px solid #6366f1; padding-left: 15px; font-style: italic; color: #475569;"">
«Главный фактор успеха корпоратива в Петербурге — закладывать резерв по времени и погоде. Всегда проверяйте наличие отапливаемой закрытой зоны и заказывайте трансфер с запасом 20 минут.»
</blockquote>

<h2>Часто задаваемые вопросы (FAQ)</h2>
<h3>За сколько недель до даты нужно бронировать локацию?</h3>
<p>Для летнего сезона и декабря в СПб оптимальный срок — за 2-4 месяца. В обычные месяцы достаточно 3-4 недель.</p>

<h3>Можно ли привезти свой алкоголь?</h3>
<p>Большинство заведений СПб предоставляют такую возможность с уплатой пробкового сбора (от 300 до 800 руб/чел) либо при достижении минимального чека депозита.</p>

<h2>Бесплатный подбор площадок в Санкт-Петербурге</h2>
<p>Оставьте заявку, и наши специалисты бесплатно подготовят для вас расчет сметы и подборку из 5 лучших площадок под ваш бюджет за 30 минут!</p>",2027-01-17 12:00:00,2027-01-17 12:00:00,published,"Гайд СПб 2027: Совместное прохождение виртуальных комнат, разминирование бомб в VR и командные арены.",article-44-технологичный-vr-тимбилдинг-для-it-компаний,https://images.tildacdn.com/corporate_event_spb_5.jpg,Тимбилдинги,"Тимбилдинги, СПб, 2027, Гайд",Технологичный VR-тимбилдинг для IT-компаний Петербурга | Гайд СПб 2027,"Статья: Технологичный VR-тимбилдинг для IT-компаний Петербурга. Совместное прохождение виртуальных комнат, разминирование бомб в VR и командные арены. Полный разбор смет, чек-листов и лучших мест в Санкт-Петербурге.","vr тимбилдинг айти спб, корпоратив спб, организация мероприятий петербург"
Форт Боярд в реальных фортах Кронштадта для компании,"<p class=""lead""><strong>Форт Боярд в реальных фортах Кронштадта для компании</strong> — ключевое руководство по организации идеального корпоративного мероприятия в Санкт-Петербурге и Ленинградской области в 2027 году. Испытания в мрачных старинных фортах: ключи, подземелья, живые змеи/пауки и сбор золотых монет.</p>

<h2>Почему тема «Форт Боярд в реальных фортах Кронштадта для компании» актуальна для бизнеса в Санкт-Петербурге</h2>
<p>Организация корпоративного ивента в Северной Столице требует учета географических особенностей, формата площадки и специфики петербургской погоды. Выбирая данный формат, компании получают:</p>

<ul>
  <li><strong>Высокую вовлеченность (eNPS):</strong> До 95% положительных отзывов коллектива.</li>
  <li><strong>Сильный HR-бренд:</strong> Привлечение топовых кадров из IT и коммерческого сектора СПб.</li>
  <li><strong>Финансовую прозрачность:</strong> Четкое понимание структуры сметы без скрытых переплат.</li>
</ul>

<h2>Ключевые этапы и практические рекомендации по шагам</h2>
<p>При подготовке темы <em>форт боярд в реальных фортах кронштадта для компании</em> в Санкт-Петербурге рекомендуется соблюдать следующий алгоритм:</p>

<ol>
  <li><strong>Анализ площадки и логистики:</strong> Проверка транспортной доступности (метро, Западный Скоростной Диаметр, трансфер), парковки и технической оснащенности.</li>
  <li><strong>Согласование меню и напитков:</strong> Расчет 1200-1500г еды на человека, дегустация блюд и согласование условий по алкоголю.</li>
  <li><strong>Сценарий и шоу-программа:</strong> Наполнение интерактивами, подбор профессионального ведущего и кавер-группы.</li>
  <li><strong>Техническое обеспечение:</strong> Аренда качественного звука (не менее 3 кВт), света, экранов и дежурство техников.</li>
</ol>

<h2>Примерная структура сметы для СПб (из расчета на 50 человек)</h2>
<table border=""1"" cellpadding=""10"" cellspacing=""0"" style=""width:100%; border-collapse:collapse; margin:15px 0;"">
  <thead>
    <tr style=""background-color:#1e293b; color:#ffffff;"">
      <th>Категория расходов</th>
      <th>Средняя стоимость в СПб</th>
      <th>Примечание</th>
    </tr>
  </thead>
  <tbody>
    <tr>
      <td>Аренда площадки / Банкет</td>
      <td>200 000 – 350 000 ₽</td>
      <td>От 4000 ₽/чел + обслуживание</td>
    </tr>
    <tr>
      <td>Ведущий + DJ и оборудование</td>
      <td>80 000 – 150 000 ₽</td>
      <td>5 часов программы, звук и свет</td>
    </tr>
    <tr>
      <td>Шоу-программа / Интерактивы</td>
      <td>50 000 – 120 000 ₽</td>
      <td>Кавер-группа, фотозона или квест</td>
    </tr>
    <tr>
      <td>Фото и видеосъемка</td>
      <td>35 000 – 60 000 ₽</td>
      <td>6 часов работы + Reels/SMM клип</td>
    </tr>
  </tbody>
</table>

<h2>Совет от ивент-продюсеров EventPro СПб</h2>
<blockquote style=""border-left: 4px solid #6366f1; padding-left: 15px; font-style: italic; color: #475569;"">
«Главный фактор успеха корпоратива в Петербурге — закладывать резерв по времени и погоде. Всегда проверяйте наличие отапливаемой закрытой зоны и заказывайте трансфер с запасом 20 минут.»
</blockquote>

<h2>Часто задаваемые вопросы (FAQ)</h2>
<h3>За сколько недель до даты нужно бронировать локацию?</h3>
<p>Для летнего сезона и декабря в СПб оптимальный срок — за 2-4 месяца. В обычные месяцы достаточно 3-4 недель.</p>

<h3>Можно ли привезти свой алкоголь?</h3>
<p>Большинство заведений СПб предоставляют такую возможность с уплатой пробкового сбора (от 300 до 800 руб/чел) либо при достижении минимального чека депозита.</p>

<h2>Бесплатный подбор площадок в Санкт-Петербурге</h2>
<p>Оставьте заявку, и наши специалисты бесплатно подготовят для вас расчет сметы и подборку из 5 лучших площадок под ваш бюджет за 30 минут!</p>",2027-01-18 12:00:00,2027-01-18 12:00:00,published,"Гайд СПб 2027: Испытания в мрачных старинных фортах: ключи, подземелья, живые змеи/пауки и сбор золотых монет.",article-45-форт-боярд-в-реальных,https://images.tildacdn.com/corporate_event_spb_6.jpg,Тимбилдинги,"Тимбилдинги, СПб, 2027, Гайд",Форт Боярд в реальных фортах Кронштадта для компании | Гайд СПб 2027,"Статья: Форт Боярд в реальных фортах Кронштадта для компании. Испытания в мрачных старинных фортах: ключи, подземелья, живые змеи/пауки и сбор золотых монет. Полный разбор смет, чек-листов и лучших мест в Санкт-Петербурге.","форт боярд кронштадт корпоратив, корпоратив спб, организация мероприятий петербург"
Сколько стоит корпоратив в СПб в 2027 году: подробная смета,"<p class=""lead""><strong>Сколько стоит корпоратив в СПб в 2027 году: подробная смета</strong> — ключевое руководство по организации идеального корпоративного мероприятия в Санкт-Петербурге и Ленинградской области в 2027 году. Полная декомпозиция затрат: площадка, меню, алкоголь, ведущий, звук, трансфер и фотограф в цифрах.</p>

<h2>Почему тема «Сколько стоит корпоратив в СПб в 2027 году: подробная смета» актуальна для бизнеса в Санкт-Петербурге</h2>
<p>Организация корпоративного ивента в Северной Столице требует учета географических особенностей, формата площадки и специфики петербургской погоды. Выбирая данный формат, компании получают:</p>

<ul>
  <li><strong>Высокую вовлеченность (eNPS):</strong> До 95% положительных отзывов коллектива.</li>
  <li><strong>Сильный HR-бренд:</strong> Привлечение топовых кадров из IT и коммерческого сектора СПб.</li>
  <li><strong>Финансовую прозрачность:</strong> Четкое понимание структуры сметы без скрытых переплат.</li>
</ul>

<h2>Ключевые этапы и практические рекомендации по шагам</h2>
<p>При подготовке темы <em>сколько стоит корпоратив в спб в 2027 году: подробная смета</em> в Санкт-Петербурге рекомендуется соблюдать следующий алгоритм:</p>

<ol>
  <li><strong>Анализ площадки и логистики:</strong> Проверка транспортной доступности (метро, Западный Скоростной Диаметр, трансфер), парковки и технической оснащенности.</li>
  <li><strong>Согласование меню и напитков:</strong> Расчет 1200-1500г еды на человека, дегустация блюд и согласование условий по алкоголю.</li>
  <li><strong>Сценарий и шоу-программа:</strong> Наполнение интерактивами, подбор профессионального ведущего и кавер-группы.</li>
  <li><strong>Техническое обеспечение:</strong> Аренда качественного звука (не менее 3 кВт), света, экранов и дежурство техников.</li>
</ol>

<h2>Примерная структура сметы для СПб (из расчета на 50 человек)</h2>
<table border=""1"" cellpadding=""10"" cellspacing=""0"" style=""width:100%; border-collapse:collapse; margin:15px 0;"">
  <thead>
    <tr style=""background-color:#1e293b; color:#ffffff;"">
      <th>Категория расходов</th>
      <th>Средняя стоимость в СПб</th>
      <th>Примечание</th>
    </tr>
  </thead>
  <tbody>
    <tr>
      <td>Аренда площадки / Банкет</td>
      <td>200 000 – 350 000 ₽</td>
      <td>От 4000 ₽/чел + обслуживание</td>
    </tr>
    <tr>
      <td>Ведущий + DJ и оборудование</td>
      <td>80 000 – 150 000 ₽</td>
      <td>5 часов программы, звук и свет</td>
    </tr>
    <tr>
      <td>Шоу-программа / Интерактивы</td>
      <td>50 000 – 120 000 ₽</td>
      <td>Кавер-группа, фотозона или квест</td>
    </tr>
    <tr>
      <td>Фото и видеосъемка</td>
      <td>35 000 – 60 000 ₽</td>
      <td>6 часов работы + Reels/SMM клип</td>
    </tr>
  </tbody>
</table>

<h2>Совет от ивент-продюсеров EventPro СПб</h2>
<blockquote style=""border-left: 4px solid #6366f1; padding-left: 15px; font-style: italic; color: #475569;"">
«Главный фактор успеха корпоратива в Петербурге — закладывать резерв по времени и погоде. Всегда проверяйте наличие отапливаемой закрытой зоны и заказывайте трансфер с запасом 20 минут.»
</blockquote>

<h2>Часто задаваемые вопросы (FAQ)</h2>
<h3>За сколько недель до даты нужно бронировать локацию?</h3>
<p>Для летнего сезона и декабря в СПб оптимальный срок — за 2-4 месяца. В обычные месяцы достаточно 3-4 недель.</p>

<h3>Можно ли привезти свой алкоголь?</h3>
<p>Большинство заведений СПб предоставляют такую возможность с уплатой пробкового сбора (от 300 до 800 руб/чел) либо при достижении минимального чека депозита.</p>

<h2>Бесплатный подбор площадок в Санкт-Петербурге</h2>
<p>Оставьте заявку, и наши специалисты бесплатно подготовят для вас расчет сметы и подборку из 5 лучших площадок под ваш бюджет за 30 минут!</p>",2027-01-19 12:00:00,2027-01-19 12:00:00,published,"Гайд СПб 2027: Полная декомпозиция затрат: площадка, меню, алкоголь, ведущий, звук, трансфер и фотограф в цифрах.",article-46-сколько-стоит-корпоратив-в,https://images.tildacdn.com/corporate_event_spb_7.jpg,Бюджет и Сметы,"Бюджет и Сметы, СПб, 2027, Гайд",Сколько стоит корпоратив в СПб в 2027 году: подробная смета | Гайд СПб 2027,"Статья: Сколько стоит корпоратив в СПб в 2027 году: подробная смета. Полная декомпозиция затрат: площадка, меню, алкоголь, ведущий, звук, трансфер и фотограф в цифрах. Полный разбор смет, чек-листов и лучших мест в Санкт-Петербурге.","стоимость корпоратива спб, смета корпоратива питер, корпоратив спб, организация мероприятий петербург"
Как сократить бюджет корпоратива в СПб на 30% без потери качества,"<p class=""lead""><strong>Как сократить бюджет корпоратива в СПб на 30% без потери качества</strong> — ключевое руководство по организации идеального корпоративного мероприятия в Санкт-Петербурге и Ленинградской области в 2027 году. Лайфхаки: выбор будних дней (воскресенье-среда), свой алкоголь без пробкового сбора, локальные кавер-группы.</p>

<h2>Почему тема «Как сократить бюджет корпоратива в СПб на 30% без потери качества» актуальна для бизнеса в Санкт-Петербурге</h2>
<p>Организация корпоративного ивента в Северной Столице требует учета географических особенностей, формата площадки и специфики петербургской погоды. Выбирая данный формат, компании получают:</p>

<ul>
  <li><strong>Высокую вовлеченность (eNPS):</strong> До 95% положительных отзывов коллектива.</li>
  <li><strong>Сильный HR-бренд:</strong> Привлечение топовых кадров из IT и коммерческого сектора СПб.</li>
  <li><strong>Финансовую прозрачность:</strong> Четкое понимание структуры сметы без скрытых переплат.</li>
</ul>

<h2>Ключевые этапы и практические рекомендации по шагам</h2>
<p>При подготовке темы <em>как сократить бюджет корпоратива в спб на 30% без потери качества</em> в Санкт-Петербурге рекомендуется соблюдать следующий алгоритм:</p>

<ol>
  <li><strong>Анализ площадки и логистики:</strong> Проверка транспортной доступности (метро, Западный Скоростной Диаметр, трансфер), парковки и технической оснащенности.</li>
  <li><strong>Согласование меню и напитков:</strong> Расчет 1200-1500г еды на человека, дегустация блюд и согласование условий по алкоголю.</li>
  <li><strong>Сценарий и шоу-программа:</strong> Наполнение интерактивами, подбор профессионального ведущего и кавер-группы.</li>
  <li><strong>Техническое обеспечение:</strong> Аренда качественного звука (не менее 3 кВт), света, экранов и дежурство техников.</li>
</ol>

<h2>Примерная структура сметы для СПб (из расчета на 50 человек)</h2>
<table border=""1"" cellpadding=""10"" cellspacing=""0"" style=""width:100%; border-collapse:collapse; margin:15px 0;"">
  <thead>
    <tr style=""background-color:#1e293b; color:#ffffff;"">
      <th>Категория расходов</th>
      <th>Средняя стоимость в СПб</th>
      <th>Примечание</th>
    </tr>
  </thead>
  <tbody>
    <tr>
      <td>Аренда площадки / Банкет</td>
      <td>200 000 – 350 000 ₽</td>
      <td>От 4000 ₽/чел + обслуживание</td>
    </tr>
    <tr>
      <td>Ведущий + DJ и оборудование</td>
      <td>80 000 – 150 000 ₽</td>
      <td>5 часов программы, звук и свет</td>
    </tr>
    <tr>
      <td>Шоу-программа / Интерактивы</td>
      <td>50 000 – 120 000 ₽</td>
      <td>Кавер-группа, фотозона или квест</td>
    </tr>
    <tr>
      <td>Фото и видеосъемка</td>
      <td>35 000 – 60 000 ₽</td>
      <td>6 часов работы + Reels/SMM клип</td>
    </tr>
  </tbody>
</table>

<h2>Совет от ивент-продюсеров EventPro СПб</h2>
<blockquote style=""border-left: 4px solid #6366f1; padding-left: 15px; font-style: italic; color: #475569;"">
«Главный фактор успеха корпоратива в Петербурге — закладывать резерв по времени и погоде. Всегда проверяйте наличие отапливаемой закрытой зоны и заказывайте трансфер с запасом 20 минут.»
</blockquote>

<h2>Часто задаваемые вопросы (FAQ)</h2>
<h3>За сколько недель до даты нужно бронировать локацию?</h3>
<p>Для летнего сезона и декабря в СПб оптимальный срок — за 2-4 месяца. В обычные месяцы достаточно 3-4 недель.</p>

<h3>Можно ли привезти свой алкоголь?</h3>
<p>Большинство заведений СПб предоставляют такую возможность с уплатой пробкового сбора (от 300 до 800 руб/чел) либо при достижении минимального чека депозита.</p>

<h2>Бесплатный подбор площадок в Санкт-Петербурге</h2>
<p>Оставьте заявку, и наши специалисты бесплатно подготовят для вас расчет сметы и подборку из 5 лучших площадок под ваш бюджет за 30 минут!</p>",2027-01-20 12:00:00,2027-01-20 12:00:00,published,"Гайд СПб 2027: Лайфхаки: выбор будних дней (воскресенье-среда), свой алкоголь без пробкового сбора, локальные кавер-группы.",article-47-как-сократить-бюджет-корпоратива,https://images.tildacdn.com/corporate_event_spb_8.jpg,Бюджет и Сметы,"Бюджет и Сметы, СПб, 2027, Гайд",Как сократить бюджет корпоратива в СПб на 30% без потери качества | Гайд СПб 2027,"Статья: Как сократить бюджет корпоратива в СПб на 30% без потери качества. Лайфхаки: выбор будних дней (воскресенье-среда), свой алкоголь без пробкового сбора, локальные кавер-группы. Полный разбор смет, чек-листов и лучших мест в Санкт-Петербурге.","экономия на корпоративе спб, корпоратив спб, организация мероприятий петербург"
Пробковый сбор в ресторанах Санкт-Петербурга: как сэкономить,"<p class=""lead""><strong>Пробковый сбор в ресторанах Санкт-Петербурга: как сэкономить</strong> — ключевое руководство по организации идеального корпоративного мероприятия в Санкт-Петербурге и Ленинградской области в 2027 году. Юридические и финансовые нюансы: фиксированная ставка за бутылку vs за человека или безалкогольный депозитный чек.</p>

<h2>Почему тема «Пробковый сбор в ресторанах Санкт-Петербурга: как сэкономить» актуальна для бизнеса в Санкт-Петербурге</h2>
<p>Организация корпоративного ивента в Северной Столице требует учета географических особенностей, формата площадки и специфики петербургской погоды. Выбирая данный формат, компании получают:</p>

<ul>
  <li><strong>Высокую вовлеченность (eNPS):</strong> До 95% положительных отзывов коллектива.</li>
  <li><strong>Сильный HR-бренд:</strong> Привлечение топовых кадров из IT и коммерческого сектора СПб.</li>
  <li><strong>Финансовую прозрачность:</strong> Четкое понимание структуры сметы без скрытых переплат.</li>
</ul>

<h2>Ключевые этапы и практические рекомендации по шагам</h2>
<p>При подготовке темы <em>пробковый сбор в ресторанах санкт-петербурга: как сэкономить</em> в Санкт-Петербурге рекомендуется соблюдать следующий алгоритм:</p>

<ol>
  <li><strong>Анализ площадки и логистики:</strong> Проверка транспортной доступности (метро, Западный Скоростной Диаметр, трансфер), парковки и технической оснащенности.</li>
  <li><strong>Согласование меню и напитков:</strong> Расчет 1200-1500г еды на человека, дегустация блюд и согласование условий по алкоголю.</li>
  <li><strong>Сценарий и шоу-программа:</strong> Наполнение интерактивами, подбор профессионального ведущего и кавер-группы.</li>
  <li><strong>Техническое обеспечение:</strong> Аренда качественного звука (не менее 3 кВт), света, экранов и дежурство техников.</li>
</ol>

<h2>Примерная структура сметы для СПб (из расчета на 50 человек)</h2>
<table border=""1"" cellpadding=""10"" cellspacing=""0"" style=""width:100%; border-collapse:collapse; margin:15px 0;"">
  <thead>
    <tr style=""background-color:#1e293b; color:#ffffff;"">
      <th>Категория расходов</th>
      <th>Средняя стоимость в СПб</th>
      <th>Примечание</th>
    </tr>
  </thead>
  <tbody>
    <tr>
      <td>Аренда площадки / Банкет</td>
      <td>200 000 – 350 000 ₽</td>
      <td>От 4000 ₽/чел + обслуживание</td>
    </tr>
    <tr>
      <td>Ведущий + DJ и оборудование</td>
      <td>80 000 – 150 000 ₽</td>
      <td>5 часов программы, звук и свет</td>
    </tr>
    <tr>
      <td>Шоу-программа / Интерактивы</td>
      <td>50 000 – 120 000 ₽</td>
      <td>Кавер-группа, фотозона или квест</td>
    </tr>
    <tr>
      <td>Фото и видеосъемка</td>
      <td>35 000 – 60 000 ₽</td>
      <td>6 часов работы + Reels/SMM клип</td>
    </tr>
  </tbody>
</table>

<h2>Совет от ивент-продюсеров EventPro СПб</h2>
<blockquote style=""border-left: 4px solid #6366f1; padding-left: 15px; font-style: italic; color: #475569;"">
«Главный фактор успеха корпоратива в Петербурге — закладывать резерв по времени и погоде. Всегда проверяйте наличие отапливаемой закрытой зоны и заказывайте трансфер с запасом 20 минут.»
</blockquote>

<h2>Часто задаваемые вопросы (FAQ)</h2>
<h3>За сколько недель до даты нужно бронировать локацию?</h3>
<p>Для летнего сезона и декабря в СПб оптимальный срок — за 2-4 месяца. В обычные месяцы достаточно 3-4 недель.</p>

<h3>Можно ли привезти свой алкоголь?</h3>
<p>Большинство заведений СПб предоставляют такую возможность с уплатой пробкового сбора (от 300 до 800 руб/чел) либо при достижении минимального чека депозита.</p>

<h2>Бесплатный подбор площадок в Санкт-Петербурге</h2>
<p>Оставьте заявку, и наши специалисты бесплатно подготовят для вас расчет сметы и подборку из 5 лучших площадок под ваш бюджет за 30 минут!</p>",2027-01-21 12:00:00,2027-01-21 12:00:00,published,Гайд СПб 2027: Юридические и финансовые нюансы: фиксированная ставка за бутылку vs за человека или безалкогольный депозитный чек.,article-48-пробковый-сбор-в-ресторанах,https://images.tildacdn.com/corporate_event_spb_9.jpg,Бюджет и Сметы,"Бюджет и Сметы, СПб, 2027, Гайд",Пробковый сбор в ресторанах Санкт-Петербурга: как сэкономить | Гайд СПб 2027,"Статья: Пробковый сбор в ресторанах Санкт-Петербурга: как сэкономить. Юридические и финансовые нюансы: фиксированная ставка за бутылку vs за человека или безалкогольный депозитный чек. Полный разбор смет, чек-листов и лучших мест в Санкт-Петербурге.","пробковый сбор ресторан спб, корпоратив спб, организация мероприятий петербург"
Смета корпоратива на 50 человек в СПб: пример расходов,"<p class=""lead""><strong>Смета корпоратива на 50 человек в СПб: пример расходов</strong> — ключевое руководство по организации идеального корпоративного мероприятия в Санкт-Петербурге и Ленинградской области в 2027 году. Готовый Excel-шаблон расчета на 50 человек с чеком 5000 руб/чел и программой на 250 000 руб.</p>

<h2>Почему тема «Смета корпоратива на 50 человек в СПб: пример расходов» актуальна для бизнеса в Санкт-Петербурге</h2>
<p>Организация корпоративного ивента в Северной Столице требует учета географических особенностей, формата площадки и специфики петербургской погоды. Выбирая данный формат, компании получают:</p>

<ul>
  <li><strong>Высокую вовлеченность (eNPS):</strong> До 95% положительных отзывов коллектива.</li>
  <li><strong>Сильный HR-бренд:</strong> Привлечение топовых кадров из IT и коммерческого сектора СПб.</li>
  <li><strong>Финансовую прозрачность:</strong> Четкое понимание структуры сметы без скрытых переплат.</li>
</ul>

<h2>Ключевые этапы и практические рекомендации по шагам</h2>
<p>При подготовке темы <em>смета корпоратива на 50 человек в спб: пример расходов</em> в Санкт-Петербурге рекомендуется соблюдать следующий алгоритм:</p>

<ol>
  <li><strong>Анализ площадки и логистики:</strong> Проверка транспортной доступности (метро, Западный Скоростной Диаметр, трансфер), парковки и технической оснащенности.</li>
  <li><strong>Согласование меню и напитков:</strong> Расчет 1200-1500г еды на человека, дегустация блюд и согласование условий по алкоголю.</li>
  <li><strong>Сценарий и шоу-программа:</strong> Наполнение интерактивами, подбор профессионального ведущего и кавер-группы.</li>
  <li><strong>Техническое обеспечение:</strong> Аренда качественного звука (не менее 3 кВт), света, экранов и дежурство техников.</li>
</ol>

<h2>Примерная структура сметы для СПб (из расчета на 50 человек)</h2>
<table border=""1"" cellpadding=""10"" cellspacing=""0"" style=""width:100%; border-collapse:collapse; margin:15px 0;"">
  <thead>
    <tr style=""background-color:#1e293b; color:#ffffff;"">
      <th>Категория расходов</th>
      <th>Средняя стоимость в СПб</th>
      <th>Примечание</th>
    </tr>
  </thead>
  <tbody>
    <tr>
      <td>Аренда площадки / Банкет</td>
      <td>200 000 – 350 000 ₽</td>
      <td>От 4000 ₽/чел + обслуживание</td>
    </tr>
    <tr>
      <td>Ведущий + DJ и оборудование</td>
      <td>80 000 – 150 000 ₽</td>
      <td>5 часов программы, звук и свет</td>
    </tr>
    <tr>
      <td>Шоу-программа / Интерактивы</td>
      <td>50 000 – 120 000 ₽</td>
      <td>Кавер-группа, фотозона или квест</td>
    </tr>
    <tr>
      <td>Фото и видеосъемка</td>
      <td>35 000 – 60 000 ₽</td>
      <td>6 часов работы + Reels/SMM клип</td>
    </tr>
  </tbody>
</table>

<h2>Совет от ивент-продюсеров EventPro СПб</h2>
<blockquote style=""border-left: 4px solid #6366f1; padding-left: 15px; font-style: italic; color: #475569;"">
«Главный фактор успеха корпоратива в Петербурге — закладывать резерв по времени и погоде. Всегда проверяйте наличие отапливаемой закрытой зоны и заказывайте трансфер с запасом 20 минут.»
</blockquote>

<h2>Часто задаваемые вопросы (FAQ)</h2>
<h3>За сколько недель до даты нужно бронировать локацию?</h3>
<p>Для летнего сезона и декабря в СПб оптимальный срок — за 2-4 месяца. В обычные месяцы достаточно 3-4 недель.</p>

<h3>Можно ли привезти свой алкоголь?</h3>
<p>Большинство заведений СПб предоставляют такую возможность с уплатой пробкового сбора (от 300 до 800 руб/чел) либо при достижении минимального чека депозита.</p>

<h2>Бесплатный подбор площадок в Санкт-Петербурге</h2>
<p>Оставьте заявку, и наши специалисты бесплатно подготовят для вас расчет сметы и подборку из 5 лучших площадок под ваш бюджет за 30 минут!</p>",2027-01-22 12:00:00,2027-01-22 12:00:00,published,Гайд СПб 2027: Готовый Excel-шаблон расчета на 50 человек с чеком 5000 руб/чел и программой на 250 000 руб.,article-49-смета-корпоратива-на-50,https://images.tildacdn.com/corporate_event_spb_10.jpg,Бюджет и Сметы,"Бюджет и Сметы, СПб, 2027, Гайд",Смета корпоратива на 50 человек в СПб: пример расходов | Гайд СПб 2027,"Статья: Смета корпоратива на 50 человек в СПб: пример расходов. Готовый Excel-шаблон расчета на 50 человек с чеком 5000 руб/чел и программой на 250 000 руб. Полный разбор смет, чек-листов и лучших мест в Санкт-Петербурге.","смета корпоратива 50 человек спб, корпоратив спб, организация мероприятий петербург"
"Смета корпоратива на 100 человек в Петербурге: банкет, ведущий, площадка","<p class=""lead""><strong>Смета корпоратива на 100 человек в Петербурге: банкет, ведущий, площадка</strong> — ключевое руководство по организации идеального корпоративного мероприятия в Санкт-Петербурге и Ленинградской области в 2027 году. Масштабная смета с разбивкой по категориям, световому райдеру, райдеру артистов и технической дирекции.</p>

<h2>Почему тема «Смета корпоратива на 100 человек в Петербурге: банкет, ведущий, площадка» актуальна для бизнеса в Санкт-Петербурге</h2>
<p>Организация корпоративного ивента в Северной Столице требует учета географических особенностей, формата площадки и специфики петербургской погоды. Выбирая данный формат, компании получают:</p>

<ul>
  <li><strong>Высокую вовлеченность (eNPS):</strong> До 95% положительных отзывов коллектива.</li>
  <li><strong>Сильный HR-бренд:</strong> Привлечение топовых кадров из IT и коммерческого сектора СПб.</li>
  <li><strong>Финансовую прозрачность:</strong> Четкое понимание структуры сметы без скрытых переплат.</li>
</ul>

<h2>Ключевые этапы и практические рекомендации по шагам</h2>
<p>При подготовке темы <em>смета корпоратива на 100 человек в петербурге: банкет, ведущий, площадка</em> в Санкт-Петербурге рекомендуется соблюдать следующий алгоритм:</p>

<ol>
  <li><strong>Анализ площадки и логистики:</strong> Проверка транспортной доступности (метро, Западный Скоростной Диаметр, трансфер), парковки и технической оснащенности.</li>
  <li><strong>Согласование меню и напитков:</strong> Расчет 1200-1500г еды на человека, дегустация блюд и согласование условий по алкоголю.</li>
  <li><strong>Сценарий и шоу-программа:</strong> Наполнение интерактивами, подбор профессионального ведущего и кавер-группы.</li>
  <li><strong>Техническое обеспечение:</strong> Аренда качественного звука (не менее 3 кВт), света, экранов и дежурство техников.</li>
</ol>

<h2>Примерная структура сметы для СПб (из расчета на 50 человек)</h2>
<table border=""1"" cellpadding=""10"" cellspacing=""0"" style=""width:100%; border-collapse:collapse; margin:15px 0;"">
  <thead>
    <tr style=""background-color:#1e293b; color:#ffffff;"">
      <th>Категория расходов</th>
      <th>Средняя стоимость в СПб</th>
      <th>Примечание</th>
    </tr>
  </thead>
  <tbody>
    <tr>
      <td>Аренда площадки / Банкет</td>
      <td>200 000 – 350 000 ₽</td>
      <td>От 4000 ₽/чел + обслуживание</td>
    </tr>
    <tr>
      <td>Ведущий + DJ и оборудование</td>
      <td>80 000 – 150 000 ₽</td>
      <td>5 часов программы, звук и свет</td>
    </tr>
    <tr>
      <td>Шоу-программа / Интерактивы</td>
      <td>50 000 – 120 000 ₽</td>
      <td>Кавер-группа, фотозона или квест</td>
    </tr>
    <tr>
      <td>Фото и видеосъемка</td>
      <td>35 000 – 60 000 ₽</td>
      <td>6 часов работы + Reels/SMM клип</td>
    </tr>
  </tbody>
</table>

<h2>Совет от ивент-продюсеров EventPro СПб</h2>
<blockquote style=""border-left: 4px solid #6366f1; padding-left: 15px; font-style: italic; color: #475569;"">
«Главный фактор успеха корпоратива в Петербурге — закладывать резерв по времени и погоде. Всегда проверяйте наличие отапливаемой закрытой зоны и заказывайте трансфер с запасом 20 минут.»
</blockquote>

<h2>Часто задаваемые вопросы (FAQ)</h2>
<h3>За сколько недель до даты нужно бронировать локацию?</h3>
<p>Для летнего сезона и декабря в СПб оптимальный срок — за 2-4 месяца. В обычные месяцы достаточно 3-4 недель.</p>

<h3>Можно ли привезти свой алкоголь?</h3>
<p>Большинство заведений СПб предоставляют такую возможность с уплатой пробкового сбора (от 300 до 800 руб/чел) либо при достижении минимального чека депозита.</p>

<h2>Бесплатный подбор площадок в Санкт-Петербурге</h2>
<p>Оставьте заявку, и наши специалисты бесплатно подготовят для вас расчет сметы и подборку из 5 лучших площадок под ваш бюджет за 30 минут!</p>",2027-01-23 12:00:00,2027-01-23 12:00:00,published,"Гайд СПб 2027: Масштабная смета с разбивкой по категориям, световому райдеру, райдеру артистов и технической дирекции.",article-50-смета-корпоратива-на-100,https://images.tildacdn.com/corporate_event_spb_1.jpg,Бюджет и Сметы,"Бюджет и Сметы, СПб, 2027, Гайд","Смета корпоратива на 100 человек в Петербурге: банкет, ведущий, площадка | Гайд СПб 2027","Статья: Смета корпоратива на 100 человек в Петербурге: банкет, ведущий, площадка. Масштабная смета с разбивкой по категориям, световому райдеру, райдеру артистов и технической дирекции. Полный разбор смет, чек-листов и лучших мест в Санкт-Петербурге.","смета корпоратива 100 человек спб, корпоратив спб, организация мероприятий петербург"
Сколько стоит ведущий и DJ на корпоратив в Санкт-Петербурге,"<p class=""lead""><strong>Сколько стоит ведущий и DJ на корпоратив в Санкт-Петербурге</strong> — ключевое руководство по организации идеального корпоративного мероприятия в Санкт-Петербурге и Ленинградской области в 2027 году. Анализ рынка СПб: начинающие (30-50к), медийные топовые ведущие (80-200к) и звездные конферансье.</p>

<h2>Почему тема «Сколько стоит ведущий и DJ на корпоратив в Санкт-Петербурге» актуальна для бизнеса в Санкт-Петербурге</h2>
<p>Организация корпоративного ивента в Северной Столице требует учета географических особенностей, формата площадки и специфики петербургской погоды. Выбирая данный формат, компании получают:</p>

<ul>
  <li><strong>Высокую вовлеченность (eNPS):</strong> До 95% положительных отзывов коллектива.</li>
  <li><strong>Сильный HR-бренд:</strong> Привлечение топовых кадров из IT и коммерческого сектора СПб.</li>
  <li><strong>Финансовую прозрачность:</strong> Четкое понимание структуры сметы без скрытых переплат.</li>
</ul>

<h2>Ключевые этапы и практические рекомендации по шагам</h2>
<p>При подготовке темы <em>сколько стоит ведущий и dj на корпоратив в санкт-петербурге</em> в Санкт-Петербурге рекомендуется соблюдать следующий алгоритм:</p>

<ol>
  <li><strong>Анализ площадки и логистики:</strong> Проверка транспортной доступности (метро, Западный Скоростной Диаметр, трансфер), парковки и технической оснащенности.</li>
  <li><strong>Согласование меню и напитков:</strong> Расчет 1200-1500г еды на человека, дегустация блюд и согласование условий по алкоголю.</li>
  <li><strong>Сценарий и шоу-программа:</strong> Наполнение интерактивами, подбор профессионального ведущего и кавер-группы.</li>
  <li><strong>Техническое обеспечение:</strong> Аренда качественного звука (не менее 3 кВт), света, экранов и дежурство техников.</li>
</ol>

<h2>Примерная структура сметы для СПб (из расчета на 50 человек)</h2>
<table border=""1"" cellpadding=""10"" cellspacing=""0"" style=""width:100%; border-collapse:collapse; margin:15px 0;"">
  <thead>
    <tr style=""background-color:#1e293b; color:#ffffff;"">
      <th>Категория расходов</th>
      <th>Средняя стоимость в СПб</th>
      <th>Примечание</th>
    </tr>
  </thead>
  <tbody>
    <tr>
      <td>Аренда площадки / Банкет</td>
      <td>200 000 – 350 000 ₽</td>
      <td>От 4000 ₽/чел + обслуживание</td>
    </tr>
    <tr>
      <td>Ведущий + DJ и оборудование</td>
      <td>80 000 – 150 000 ₽</td>
      <td>5 часов программы, звук и свет</td>
    </tr>
    <tr>
      <td>Шоу-программа / Интерактивы</td>
      <td>50 000 – 120 000 ₽</td>
      <td>Кавер-группа, фотозона или квест</td>
    </tr>
    <tr>
      <td>Фото и видеосъемка</td>
      <td>35 000 – 60 000 ₽</td>
      <td>6 часов работы + Reels/SMM клип</td>
    </tr>
  </tbody>
</table>

<h2>Совет от ивент-продюсеров EventPro СПб</h2>
<blockquote style=""border-left: 4px solid #6366f1; padding-left: 15px; font-style: italic; color: #475569;"">
«Главный фактор успеха корпоратива в Петербурге — закладывать резерв по времени и погоде. Всегда проверяйте наличие отапливаемой закрытой зоны и заказывайте трансфер с запасом 20 минут.»
</blockquote>

<h2>Часто задаваемые вопросы (FAQ)</h2>
<h3>За сколько недель до даты нужно бронировать локацию?</h3>
<p>Для летнего сезона и декабря в СПб оптимальный срок — за 2-4 месяца. В обычные месяцы достаточно 3-4 недель.</p>

<h3>Можно ли привезти свой алкоголь?</h3>
<p>Большинство заведений СПб предоставляют такую возможность с уплатой пробкового сбора (от 300 до 800 руб/чел) либо при достижении минимального чека депозита.</p>

<h2>Бесплатный подбор площадок в Санкт-Петербурге</h2>
<p>Оставьте заявку, и наши специалисты бесплатно подготовят для вас расчет сметы и подборку из 5 лучших площадок под ваш бюджет за 30 минут!</p>",2027-01-24 12:00:00,2027-01-24 12:00:00,published,"Гайд СПб 2027: Анализ рынка СПб: начинающие (30-50к), медийные топовые ведущие (80-200к) и звездные конферансье.",article-51-сколько-стоит-ведущий-и,https://images.tildacdn.com/corporate_event_spb_2.jpg,Бюджет и Сметы,"Бюджет и Сметы, СПб, 2027, Гайд",Сколько стоит ведущий и DJ на корпоратив в Санкт-Петербурге | Гайд СПб 2027,"Статья: Сколько стоит ведущий и DJ на корпоратив в Санкт-Петербурге. Анализ рынка СПб: начинающие (30-50к), медийные топовые ведущие (80-200к) и звездные конферансье. Полный разбор смет, чек-листов и лучших мест в Санкт-Петербурге.","стоимость ведущего на корпоратив спб, корпоратив спб, организация мероприятий петербург"
Выездной кейтеринг в СПб: расценки и граммовка на человека,"<p class=""lead""><strong>Выездной кейтеринг в СПб: расценки и граммовка на человека</strong> — ключевое руководство по организации идеального корпоративного мероприятия в Санкт-Петербурге и Ленинградской области в 2027 году. Нормы еды на 6 часов банкета: 350г холодных закусок, 250г салатов, 400г горячего и 150г торта.</p>

<h2>Почему тема «Выездной кейтеринг в СПб: расценки и граммовка на человека» актуальна для бизнеса в Санкт-Петербурге</h2>
<p>Организация корпоративного ивента в Северной Столице требует учета географических особенностей, формата площадки и специфики петербургской погоды. Выбирая данный формат, компании получают:</p>

<ul>
  <li><strong>Высокую вовлеченность (eNPS):</strong> До 95% положительных отзывов коллектива.</li>
  <li><strong>Сильный HR-бренд:</strong> Привлечение топовых кадров из IT и коммерческого сектора СПб.</li>
  <li><strong>Финансовую прозрачность:</strong> Четкое понимание структуры сметы без скрытых переплат.</li>
</ul>

<h2>Ключевые этапы и практические рекомендации по шагам</h2>
<p>При подготовке темы <em>выездной кейтеринг в спб: расценки и граммовка на человека</em> в Санкт-Петербурге рекомендуется соблюдать следующий алгоритм:</p>

<ol>
  <li><strong>Анализ площадки и логистики:</strong> Проверка транспортной доступности (метро, Западный Скоростной Диаметр, трансфер), парковки и технической оснащенности.</li>
  <li><strong>Согласование меню и напитков:</strong> Расчет 1200-1500г еды на человека, дегустация блюд и согласование условий по алкоголю.</li>
  <li><strong>Сценарий и шоу-программа:</strong> Наполнение интерактивами, подбор профессионального ведущего и кавер-группы.</li>
  <li><strong>Техническое обеспечение:</strong> Аренда качественного звука (не менее 3 кВт), света, экранов и дежурство техников.</li>
</ol>

<h2>Примерная структура сметы для СПб (из расчета на 50 человек)</h2>
<table border=""1"" cellpadding=""10"" cellspacing=""0"" style=""width:100%; border-collapse:collapse; margin:15px 0;"">
  <thead>
    <tr style=""background-color:#1e293b; color:#ffffff;"">
      <th>Категория расходов</th>
      <th>Средняя стоимость в СПб</th>
      <th>Примечание</th>
    </tr>
  </thead>
  <tbody>
    <tr>
      <td>Аренда площадки / Банкет</td>
      <td>200 000 – 350 000 ₽</td>
      <td>От 4000 ₽/чел + обслуживание</td>
    </tr>
    <tr>
      <td>Ведущий + DJ и оборудование</td>
      <td>80 000 – 150 000 ₽</td>
      <td>5 часов программы, звук и свет</td>
    </tr>
    <tr>
      <td>Шоу-программа / Интерактивы</td>
      <td>50 000 – 120 000 ₽</td>
      <td>Кавер-группа, фотозона или квест</td>
    </tr>
    <tr>
      <td>Фото и видеосъемка</td>
      <td>35 000 – 60 000 ₽</td>
      <td>6 часов работы + Reels/SMM клип</td>
    </tr>
  </tbody>
</table>

<h2>Совет от ивент-продюсеров EventPro СПб</h2>
<blockquote style=""border-left: 4px solid #6366f1; padding-left: 15px; font-style: italic; color: #475569;"">
«Главный фактор успеха корпоратива в Петербурге — закладывать резерв по времени и погоде. Всегда проверяйте наличие отапливаемой закрытой зоны и заказывайте трансфер с запасом 20 минут.»
</blockquote>

<h2>Часто задаваемые вопросы (FAQ)</h2>
<h3>За сколько недель до даты нужно бронировать локацию?</h3>
<p>Для летнего сезона и декабря в СПб оптимальный срок — за 2-4 месяца. В обычные месяцы достаточно 3-4 недель.</p>

<h3>Можно ли привезти свой алкоголь?</h3>
<p>Большинство заведений СПб предоставляют такую возможность с уплатой пробкового сбора (от 300 до 800 руб/чел) либо при достижении минимального чека депозита.</p>

<h2>Бесплатный подбор площадок в Санкт-Петербурге</h2>
<p>Оставьте заявку, и наши специалисты бесплатно подготовят для вас расчет сметы и подборку из 5 лучших площадок под ваш бюджет за 30 минут!</p>",2027-01-25 12:00:00,2027-01-25 12:00:00,published,"Гайд СПб 2027: Нормы еды на 6 часов банкета: 350г холодных закусок, 250г салатов, 400г горячего и 150г торта.",article-52-выездной-кейтеринг-в-спб,https://images.tildacdn.com/corporate_event_spb_3.jpg,Бюджет и Сметы,"Бюджет и Сметы, СПб, 2027, Гайд",Выездной кейтеринг в СПб: расценки и граммовка на человека | Гайд СПб 2027,"Статья: Выездной кейтеринг в СПб: расценки и граммовка на человека. Нормы еды на 6 часов банкета: 350г холодных закусок, 250г салатов, 400г горячего и 150г торта. Полный разбор смет, чек-листов и лучших мест в Санкт-Петербурге.","кейтеринг цена спб, корпоратив спб, организация мероприятий петербург"
Депозиты и закрытие ресторанов СПб под корпоратив,"<p class=""lead""><strong>Депозиты и закрытие ресторанов СПб под корпоратив</strong> — ключевое руководство по организации идеального корпоративного мероприятия в Санкт-Петербурге и Ленинградской области в 2027 году. Как рассчитывается минимальный чек закрытия заведения в пятницу декабря и в летний сезон.</p>

<h2>Почему тема «Депозиты и закрытие ресторанов СПб под корпоратив» актуальна для бизнеса в Санкт-Петербурге</h2>
<p>Организация корпоративного ивента в Северной Столице требует учета географических особенностей, формата площадки и специфики петербургской погоды. Выбирая данный формат, компании получают:</p>

<ul>
  <li><strong>Высокую вовлеченность (eNPS):</strong> До 95% положительных отзывов коллектива.</li>
  <li><strong>Сильный HR-бренд:</strong> Привлечение топовых кадров из IT и коммерческого сектора СПб.</li>
  <li><strong>Финансовую прозрачность:</strong> Четкое понимание структуры сметы без скрытых переплат.</li>
</ul>

<h2>Ключевые этапы и практические рекомендации по шагам</h2>
<p>При подготовке темы <em>депозиты и закрытие ресторанов спб под корпоратив</em> в Санкт-Петербурге рекомендуется соблюдать следующий алгоритм:</p>

<ol>
  <li><strong>Анализ площадки и логистики:</strong> Проверка транспортной доступности (метро, Западный Скоростной Диаметр, трансфер), парковки и технической оснащенности.</li>
  <li><strong>Согласование меню и напитков:</strong> Расчет 1200-1500г еды на человека, дегустация блюд и согласование условий по алкоголю.</li>
  <li><strong>Сценарий и шоу-программа:</strong> Наполнение интерактивами, подбор профессионального ведущего и кавер-группы.</li>
  <li><strong>Техническое обеспечение:</strong> Аренда качественного звука (не менее 3 кВт), света, экранов и дежурство техников.</li>
</ol>

<h2>Примерная структура сметы для СПб (из расчета на 50 человек)</h2>
<table border=""1"" cellpadding=""10"" cellspacing=""0"" style=""width:100%; border-collapse:collapse; margin:15px 0;"">
  <thead>
    <tr style=""background-color:#1e293b; color:#ffffff;"">
      <th>Категория расходов</th>
      <th>Средняя стоимость в СПб</th>
      <th>Примечание</th>
    </tr>
  </thead>
  <tbody>
    <tr>
      <td>Аренда площадки / Банкет</td>
      <td>200 000 – 350 000 ₽</td>
      <td>От 4000 ₽/чел + обслуживание</td>
    </tr>
    <tr>
      <td>Ведущий + DJ и оборудование</td>
      <td>80 000 – 150 000 ₽</td>
      <td>5 часов программы, звук и свет</td>
    </tr>
    <tr>
      <td>Шоу-программа / Интерактивы</td>
      <td>50 000 – 120 000 ₽</td>
      <td>Кавер-группа, фотозона или квест</td>
    </tr>
    <tr>
      <td>Фото и видеосъемка</td>
      <td>35 000 – 60 000 ₽</td>
      <td>6 часов работы + Reels/SMM клип</td>
    </tr>
  </tbody>
</table>

<h2>Совет от ивент-продюсеров EventPro СПб</h2>
<blockquote style=""border-left: 4px solid #6366f1; padding-left: 15px; font-style: italic; color: #475569;"">
«Главный фактор успеха корпоратива в Петербурге — закладывать резерв по времени и погоде. Всегда проверяйте наличие отапливаемой закрытой зоны и заказывайте трансфер с запасом 20 минут.»
</blockquote>

<h2>Часто задаваемые вопросы (FAQ)</h2>
<h3>За сколько недель до даты нужно бронировать локацию?</h3>
<p>Для летнего сезона и декабря в СПб оптимальный срок — за 2-4 месяца. В обычные месяцы достаточно 3-4 недель.</p>

<h3>Можно ли привезти свой алкоголь?</h3>
<p>Большинство заведений СПб предоставляют такую возможность с уплатой пробкового сбора (от 300 до 800 руб/чел) либо при достижении минимального чека депозита.</p>

<h2>Бесплатный подбор площадок в Санкт-Петербурге</h2>
<p>Оставьте заявку, и наши специалисты бесплатно подготовят для вас расчет сметы и подборку из 5 лучших площадок под ваш бюджет за 30 минут!</p>",2027-01-26 12:00:00,2027-01-26 12:00:00,published,Гайд СПб 2027: Как рассчитывается минимальный чек закрытия заведения в пятницу декабря и в летний сезон.,article-53-депозиты-и-закрытие-ресторанов,https://images.tildacdn.com/corporate_event_spb_4.jpg,Бюджет и Сметы,"Бюджет и Сметы, СПб, 2027, Гайд",Депозиты и закрытие ресторанов СПб под корпоратив | Гайд СПб 2027,"Статья: Депозиты и закрытие ресторанов СПб под корпоратив. Как рассчитывается минимальный чек закрытия заведения в пятницу декабря и в летний сезон. Полный разбор смет, чек-листов и лучших мест в Санкт-Петербурге.","депозит ресторана спб, корпоратив спб, организация мероприятий петербург"
Скрытые расходы при аренде площадок в Санкт-Петербурге,"<p class=""lead""><strong>Скрытые расходы при аренде площадок в Санкт-Петербурге</strong> — ключевое руководство по организации идеального корпоративного мероприятия в Санкт-Петербурге и Ленинградской области в 2027 году. Уборка, погрузка/разгрузка, продление часов после 23:00, электричество и подключение тяжелого дыма.</p>

<h2>Почему тема «Скрытые расходы при аренде площадок в Санкт-Петербурге» актуальна для бизнеса в Санкт-Петербурге</h2>
<p>Организация корпоративного ивента в Северной Столице требует учета географических особенностей, формата площадки и специфики петербургской погоды. Выбирая данный формат, компании получают:</p>

<ul>
  <li><strong>Высокую вовлеченность (eNPS):</strong> До 95% положительных отзывов коллектива.</li>
  <li><strong>Сильный HR-бренд:</strong> Привлечение топовых кадров из IT и коммерческого сектора СПб.</li>
  <li><strong>Финансовую прозрачность:</strong> Четкое понимание структуры сметы без скрытых переплат.</li>
</ul>

<h2>Ключевые этапы и практические рекомендации по шагам</h2>
<p>При подготовке темы <em>скрытые расходы при аренде площадок в санкт-петербурге</em> в Санкт-Петербурге рекомендуется соблюдать следующий алгоритм:</p>

<ol>
  <li><strong>Анализ площадки и логистики:</strong> Проверка транспортной доступности (метро, Западный Скоростной Диаметр, трансфер), парковки и технической оснащенности.</li>
  <li><strong>Согласование меню и напитков:</strong> Расчет 1200-1500г еды на человека, дегустация блюд и согласование условий по алкоголю.</li>
  <li><strong>Сценарий и шоу-программа:</strong> Наполнение интерактивами, подбор профессионального ведущего и кавер-группы.</li>
  <li><strong>Техническое обеспечение:</strong> Аренда качественного звука (не менее 3 кВт), света, экранов и дежурство техников.</li>
</ol>

<h2>Примерная структура сметы для СПб (из расчета на 50 человек)</h2>
<table border=""1"" cellpadding=""10"" cellspacing=""0"" style=""width:100%; border-collapse:collapse; margin:15px 0;"">
  <thead>
    <tr style=""background-color:#1e293b; color:#ffffff;"">
      <th>Категория расходов</th>
      <th>Средняя стоимость в СПб</th>
      <th>Примечание</th>
    </tr>
  </thead>
  <tbody>
    <tr>
      <td>Аренда площадки / Банкет</td>
      <td>200 000 – 350 000 ₽</td>
      <td>От 4000 ₽/чел + обслуживание</td>
    </tr>
    <tr>
      <td>Ведущий + DJ и оборудование</td>
      <td>80 000 – 150 000 ₽</td>
      <td>5 часов программы, звук и свет</td>
    </tr>
    <tr>
      <td>Шоу-программа / Интерактивы</td>
      <td>50 000 – 120 000 ₽</td>
      <td>Кавер-группа, фотозона или квест</td>
    </tr>
    <tr>
      <td>Фото и видеосъемка</td>
      <td>35 000 – 60 000 ₽</td>
      <td>6 часов работы + Reels/SMM клип</td>
    </tr>
  </tbody>
</table>

<h2>Совет от ивент-продюсеров EventPro СПб</h2>
<blockquote style=""border-left: 4px solid #6366f1; padding-left: 15px; font-style: italic; color: #475569;"">
«Главный фактор успеха корпоратива в Петербурге — закладывать резерв по времени и погоде. Всегда проверяйте наличие отапливаемой закрытой зоны и заказывайте трансфер с запасом 20 минут.»
</blockquote>

<h2>Часто задаваемые вопросы (FAQ)</h2>
<h3>За сколько недель до даты нужно бронировать локацию?</h3>
<p>Для летнего сезона и декабря в СПб оптимальный срок — за 2-4 месяца. В обычные месяцы достаточно 3-4 недель.</p>

<h3>Можно ли привезти свой алкоголь?</h3>
<p>Большинство заведений СПб предоставляют такую возможность с уплатой пробкового сбора (от 300 до 800 руб/чел) либо при достижении минимального чека депозита.</p>

<h2>Бесплатный подбор площадок в Санкт-Петербурге</h2>
<p>Оставьте заявку, и наши специалисты бесплатно подготовят для вас расчет сметы и подборку из 5 лучших площадок под ваш бюджет за 30 минут!</p>",2027-01-27 12:00:00,2027-01-27 12:00:00,published,"Гайд СПб 2027: Уборка, погрузка/разгрузка, продление часов после 23:00, электричество и подключение тяжелого дыма.",article-54-скрытые-расходы-при-аренде,https://images.tildacdn.com/corporate_event_spb_5.jpg,Бюджет и Сметы,"Бюджет и Сметы, СПб, 2027, Гайд",Скрытые расходы при аренде площадок в Санкт-Петербурге | Гайд СПб 2027,"Статья: Скрытые расходы при аренде площадок в Санкт-Петербурге. Уборка, погрузка/разгрузка, продление часов после 23:00, электричество и подключение тяжелого дыма. Полный разбор смет, чек-листов и лучших мест в Санкт-Петербурге.","скрытые платежи аренда спб, корпоратив спб, организация мероприятий петербург"
Как грамотно распределить бюджет между шоу и банкетным чеком в СПб,"<p class=""lead""><strong>Как грамотно распределить бюджет между шоу и банкетным чеком в СПб</strong> — ключевое руководство по организации идеального корпоративного мероприятия в Санкт-Петербурге и Ленинградской области в 2027 году. Идеальная пропорция 60% на еду и локацию / 40% на программу и эмоции или наоборот.</p>

<h2>Почему тема «Как грамотно распределить бюджет между шоу и банкетным чеком в СПб» актуальна для бизнеса в Санкт-Петербурге</h2>
<p>Организация корпоративного ивента в Северной Столице требует учета географических особенностей, формата площадки и специфики петербургской погоды. Выбирая данный формат, компании получают:</p>

<ul>
  <li><strong>Высокую вовлеченность (eNPS):</strong> До 95% положительных отзывов коллектива.</li>
  <li><strong>Сильный HR-бренд:</strong> Привлечение топовых кадров из IT и коммерческого сектора СПб.</li>
  <li><strong>Финансовую прозрачность:</strong> Четкое понимание структуры сметы без скрытых переплат.</li>
</ul>

<h2>Ключевые этапы и практические рекомендации по шагам</h2>
<p>При подготовке темы <em>как грамотно распределить бюджет между шоу и банкетным чеком в спб</em> в Санкт-Петербурге рекомендуется соблюдать следующий алгоритм:</p>

<ol>
  <li><strong>Анализ площадки и логистики:</strong> Проверка транспортной доступности (метро, Западный Скоростной Диаметр, трансфер), парковки и технической оснащенности.</li>
  <li><strong>Согласование меню и напитков:</strong> Расчет 1200-1500г еды на человека, дегустация блюд и согласование условий по алкоголю.</li>
  <li><strong>Сценарий и шоу-программа:</strong> Наполнение интерактивами, подбор профессионального ведущего и кавер-группы.</li>
  <li><strong>Техническое обеспечение:</strong> Аренда качественного звука (не менее 3 кВт), света, экранов и дежурство техников.</li>
</ol>

<h2>Примерная структура сметы для СПб (из расчета на 50 человек)</h2>
<table border=""1"" cellpadding=""10"" cellspacing=""0"" style=""width:100%; border-collapse:collapse; margin:15px 0;"">
  <thead>
    <tr style=""background-color:#1e293b; color:#ffffff;"">
      <th>Категория расходов</th>
      <th>Средняя стоимость в СПб</th>
      <th>Примечание</th>
    </tr>
  </thead>
  <tbody>
    <tr>
      <td>Аренда площадки / Банкет</td>
      <td>200 000 – 350 000 ₽</td>
      <td>От 4000 ₽/чел + обслуживание</td>
    </tr>
    <tr>
      <td>Ведущий + DJ и оборудование</td>
      <td>80 000 – 150 000 ₽</td>
      <td>5 часов программы, звук и свет</td>
    </tr>
    <tr>
      <td>Шоу-программа / Интерактивы</td>
      <td>50 000 – 120 000 ₽</td>
      <td>Кавер-группа, фотозона или квест</td>
    </tr>
    <tr>
      <td>Фото и видеосъемка</td>
      <td>35 000 – 60 000 ₽</td>
      <td>6 часов работы + Reels/SMM клип</td>
    </tr>
  </tbody>
</table>

<h2>Совет от ивент-продюсеров EventPro СПб</h2>
<blockquote style=""border-left: 4px solid #6366f1; padding-left: 15px; font-style: italic; color: #475569;"">
«Главный фактор успеха корпоратива в Петербурге — закладывать резерв по времени и погоде. Всегда проверяйте наличие отапливаемой закрытой зоны и заказывайте трансфер с запасом 20 минут.»
</blockquote>

<h2>Часто задаваемые вопросы (FAQ)</h2>
<h3>За сколько недель до даты нужно бронировать локацию?</h3>
<p>Для летнего сезона и декабря в СПб оптимальный срок — за 2-4 месяца. В обычные месяцы достаточно 3-4 недель.</p>

<h3>Можно ли привезти свой алкоголь?</h3>
<p>Большинство заведений СПб предоставляют такую возможность с уплатой пробкового сбора (от 300 до 800 руб/чел) либо при достижении минимального чека депозита.</p>

<h2>Бесплатный подбор площадок в Санкт-Петербурге</h2>
<p>Оставьте заявку, и наши специалисты бесплатно подготовят для вас расчет сметы и подборку из 5 лучших площадок под ваш бюджет за 30 минут!</p>",2027-01-28 12:00:00,2027-01-28 12:00:00,published,Гайд СПб 2027: Идеальная пропорция 60% на еду и локацию / 40% на программу и эмоции или наоборот.,article-55-как-грамотно-распределить-бюджет,https://images.tildacdn.com/corporate_event_spb_6.jpg,Бюджет и Сметы,"Бюджет и Сметы, СПб, 2027, Гайд",Как грамотно распределить бюджет между шоу и банкетным чеком в СПб | Гайд СПб 2027,"Статья: Как грамотно распределить бюджет между шоу и банкетным чеком в СПб. Идеальная пропорция 60% на еду и локацию / 40% на программу и эмоции или наоборот. Полный разбор смет, чек-листов и лучших мест в Санкт-Петербурге.","распределение бюджета корпоратива спб, корпоратив спб, организация мероприятий петербург"
Недорогой корпоратив в СПб до 150 000 рублей: кейс,"<p class=""lead""><strong>Недорогой корпоратив в СПб до 150 000 рублей: кейс</strong> — ключевое руководство по организации идеального корпоративного мероприятия в Санкт-Петербурге и Ленинградской области в 2027 году. Реальный пример проведения стильного праздника для 25 человек в лофте со своим кейтерингом.</p>

<h2>Почему тема «Недорогой корпоратив в СПб до 150 000 рублей: кейс» актуальна для бизнеса в Санкт-Петербурге</h2>
<p>Организация корпоративного ивента в Северной Столице требует учета географических особенностей, формата площадки и специфики петербургской погоды. Выбирая данный формат, компании получают:</p>

<ul>
  <li><strong>Высокую вовлеченность (eNPS):</strong> До 95% положительных отзывов коллектива.</li>
  <li><strong>Сильный HR-бренд:</strong> Привлечение топовых кадров из IT и коммерческого сектора СПб.</li>
  <li><strong>Финансовую прозрачность:</strong> Четкое понимание структуры сметы без скрытых переплат.</li>
</ul>

<h2>Ключевые этапы и практические рекомендации по шагам</h2>
<p>При подготовке темы <em>недорогой корпоратив в спб до 150 000 рублей: кейс</em> в Санкт-Петербурге рекомендуется соблюдать следующий алгоритм:</p>

<ol>
  <li><strong>Анализ площадки и логистики:</strong> Проверка транспортной доступности (метро, Западный Скоростной Диаметр, трансфер), парковки и технической оснащенности.</li>
  <li><strong>Согласование меню и напитков:</strong> Расчет 1200-1500г еды на человека, дегустация блюд и согласование условий по алкоголю.</li>
  <li><strong>Сценарий и шоу-программа:</strong> Наполнение интерактивами, подбор профессионального ведущего и кавер-группы.</li>
  <li><strong>Техническое обеспечение:</strong> Аренда качественного звука (не менее 3 кВт), света, экранов и дежурство техников.</li>
</ol>

<h2>Примерная структура сметы для СПб (из расчета на 50 человек)</h2>
<table border=""1"" cellpadding=""10"" cellspacing=""0"" style=""width:100%; border-collapse:collapse; margin:15px 0;"">
  <thead>
    <tr style=""background-color:#1e293b; color:#ffffff;"">
      <th>Категория расходов</th>
      <th>Средняя стоимость в СПб</th>
      <th>Примечание</th>
    </tr>
  </thead>
  <tbody>
    <tr>
      <td>Аренда площадки / Банкет</td>
      <td>200 000 – 350 000 ₽</td>
      <td>От 4000 ₽/чел + обслуживание</td>
    </tr>
    <tr>
      <td>Ведущий + DJ и оборудование</td>
      <td>80 000 – 150 000 ₽</td>
      <td>5 часов программы, звук и свет</td>
    </tr>
    <tr>
      <td>Шоу-программа / Интерактивы</td>
      <td>50 000 – 120 000 ₽</td>
      <td>Кавер-группа, фотозона или квест</td>
    </tr>
    <tr>
      <td>Фото и видеосъемка</td>
      <td>35 000 – 60 000 ₽</td>
      <td>6 часов работы + Reels/SMM клип</td>
    </tr>
  </tbody>
</table>

<h2>Совет от ивент-продюсеров EventPro СПб</h2>
<blockquote style=""border-left: 4px solid #6366f1; padding-left: 15px; font-style: italic; color: #475569;"">
«Главный фактор успеха корпоратива в Петербурге — закладывать резерв по времени и погоде. Всегда проверяйте наличие отапливаемой закрытой зоны и заказывайте трансфер с запасом 20 минут.»
</blockquote>

<h2>Часто задаваемые вопросы (FAQ)</h2>
<h3>За сколько недель до даты нужно бронировать локацию?</h3>
<p>Для летнего сезона и декабря в СПб оптимальный срок — за 2-4 месяца. В обычные месяцы достаточно 3-4 недель.</p>

<h3>Можно ли привезти свой алкоголь?</h3>
<p>Большинство заведений СПб предоставляют такую возможность с уплатой пробкового сбора (от 300 до 800 руб/чел) либо при достижении минимального чека депозита.</p>

<h2>Бесплатный подбор площадок в Санкт-Петербурге</h2>
<p>Оставьте заявку, и наши специалисты бесплатно подготовят для вас расчет сметы и подборку из 5 лучших площадок под ваш бюджет за 30 минут!</p>",2027-01-01 12:00:00,2027-01-01 12:00:00,published,Гайд СПб 2027: Реальный пример проведения стильного праздника для 25 человек в лофте со своим кейтерингом.,article-56-недорогой-корпоратив-в-спб,https://images.tildacdn.com/corporate_event_spb_7.jpg,Бюджет и Сметы,"Бюджет и Сметы, СПб, 2027, Гайд",Недорогой корпоратив в СПб до 150 000 рублей: кейс | Гайд СПб 2027,"Статья: Недорогой корпоратив в СПб до 150 000 рублей: кейс. Реальный пример проведения стильного праздника для 25 человек в лофте со своим кейтерингом. Полный разбор смет, чек-листов и лучших мест в Санкт-Петербурге.","недорогой корпоратив спб, корпоратив спб, организация мероприятий петербург"
Аренда звукового и светового оборудования под ивент в Петербурге,"<p class=""lead""><strong>Аренда звукового и светового оборудования под ивент в Петербурге</strong> — ключевое руководство по организации идеального корпоративного мероприятия в Санкт-Петербурге и Ленинградской области в 2027 году. Какой комплект нужен для зала 100 кв.м: колонки 2 кВт, радиомикрофоны, заливка блиндерами и головы.</p>

<h2>Почему тема «Аренда звукового и светового оборудования под ивент в Петербурге» актуальна для бизнеса в Санкт-Петербурге</h2>
<p>Организация корпоративного ивента в Северной Столице требует учета географических особенностей, формата площадки и специфики петербургской погоды. Выбирая данный формат, компании получают:</p>

<ul>
  <li><strong>Высокую вовлеченность (eNPS):</strong> До 95% положительных отзывов коллектива.</li>
  <li><strong>Сильный HR-бренд:</strong> Привлечение топовых кадров из IT и коммерческого сектора СПб.</li>
  <li><strong>Финансовую прозрачность:</strong> Четкое понимание структуры сметы без скрытых переплат.</li>
</ul>

<h2>Ключевые этапы и практические рекомендации по шагам</h2>
<p>При подготовке темы <em>аренда звукового и светового оборудования под ивент в петербурге</em> в Санкт-Петербурге рекомендуется соблюдать следующий алгоритм:</p>

<ol>
  <li><strong>Анализ площадки и логистики:</strong> Проверка транспортной доступности (метро, Западный Скоростной Диаметр, трансфер), парковки и технической оснащенности.</li>
  <li><strong>Согласование меню и напитков:</strong> Расчет 1200-1500г еды на человека, дегустация блюд и согласование условий по алкоголю.</li>
  <li><strong>Сценарий и шоу-программа:</strong> Наполнение интерактивами, подбор профессионального ведущего и кавер-группы.</li>
  <li><strong>Техническое обеспечение:</strong> Аренда качественного звука (не менее 3 кВт), света, экранов и дежурство техников.</li>
</ol>

<h2>Примерная структура сметы для СПб (из расчета на 50 человек)</h2>
<table border=""1"" cellpadding=""10"" cellspacing=""0"" style=""width:100%; border-collapse:collapse; margin:15px 0;"">
  <thead>
    <tr style=""background-color:#1e293b; color:#ffffff;"">
      <th>Категория расходов</th>
      <th>Средняя стоимость в СПб</th>
      <th>Примечание</th>
    </tr>
  </thead>
  <tbody>
    <tr>
      <td>Аренда площадки / Банкет</td>
      <td>200 000 – 350 000 ₽</td>
      <td>От 4000 ₽/чел + обслуживание</td>
    </tr>
    <tr>
      <td>Ведущий + DJ и оборудование</td>
      <td>80 000 – 150 000 ₽</td>
      <td>5 часов программы, звук и свет</td>
    </tr>
    <tr>
      <td>Шоу-программа / Интерактивы</td>
      <td>50 000 – 120 000 ₽</td>
      <td>Кавер-группа, фотозона или квест</td>
    </tr>
    <tr>
      <td>Фото и видеосъемка</td>
      <td>35 000 – 60 000 ₽</td>
      <td>6 часов работы + Reels/SMM клип</td>
    </tr>
  </tbody>
</table>

<h2>Совет от ивент-продюсеров EventPro СПб</h2>
<blockquote style=""border-left: 4px solid #6366f1; padding-left: 15px; font-style: italic; color: #475569;"">
«Главный фактор успеха корпоратива в Петербурге — закладывать резерв по времени и погоде. Всегда проверяйте наличие отапливаемой закрытой зоны и заказывайте трансфер с запасом 20 минут.»
</blockquote>

<h2>Часто задаваемые вопросы (FAQ)</h2>
<h3>За сколько недель до даты нужно бронировать локацию?</h3>
<p>Для летнего сезона и декабря в СПб оптимальный срок — за 2-4 месяца. В обычные месяцы достаточно 3-4 недель.</p>

<h3>Можно ли привезти свой алкоголь?</h3>
<p>Большинство заведений СПб предоставляют такую возможность с уплатой пробкового сбора (от 300 до 800 руб/чел) либо при достижении минимального чека депозита.</p>

<h2>Бесплатный подбор площадок в Санкт-Петербурге</h2>
<p>Оставьте заявку, и наши специалисты бесплатно подготовят для вас расчет сметы и подборку из 5 лучших площадок под ваш бюджет за 30 минут!</p>",2027-01-02 12:00:00,2027-01-02 12:00:00,published,"Гайд СПб 2027: Какой комплект нужен для зала 100 кв.м: колонки 2 кВт, радиомикрофоны, заливка блиндерами и головы.",article-57-аренда-звукового-и-светового,https://images.tildacdn.com/corporate_event_spb_8.jpg,Бюджет и Сметы,"Бюджет и Сметы, СПб, 2027, Гайд",Аренда звукового и светового оборудования под ивент в Петербурге | Гайд СПб 2027,"Статья: Аренда звукового и светового оборудования под ивент в Петербурге. Какой комплект нужен для зала 100 кв.м: колонки 2 кВт, радиомикрофоны, заливка блиндерами и головы. Полный разбор смет, чек-листов и лучших мест в Санкт-Петербурге.","аренда звука света спб, корпоратив спб, организация мероприятий петербург"
Трансфер сотрудников по СПб и Ленобласти: заказ автобусов,"<p class=""lead""><strong>Трансфер сотрудников по СПб и Ленобласти: заказ автобусов</strong> — ключевое руководство по организации идеального корпоративного мероприятия в Санкт-Петербурге и Ленинградской области в 2027 году. Пассажирские перевозки: Yutong, Neoplan, Mercedes Sprinter. Расчет подачи, простоя и загородных км.</p>

<h2>Почему тема «Трансфер сотрудников по СПб и Ленобласти: заказ автобусов» актуальна для бизнеса в Санкт-Петербурге</h2>
<p>Организация корпоративного ивента в Северной Столице требует учета географических особенностей, формата площадки и специфики петербургской погоды. Выбирая данный формат, компании получают:</p>

<ul>
  <li><strong>Высокую вовлеченность (eNPS):</strong> До 95% положительных отзывов коллектива.</li>
  <li><strong>Сильный HR-бренд:</strong> Привлечение топовых кадров из IT и коммерческого сектора СПб.</li>
  <li><strong>Финансовую прозрачность:</strong> Четкое понимание структуры сметы без скрытых переплат.</li>
</ul>

<h2>Ключевые этапы и практические рекомендации по шагам</h2>
<p>При подготовке темы <em>трансфер сотрудников по спб и ленобласти: заказ автобусов</em> в Санкт-Петербурге рекомендуется соблюдать следующий алгоритм:</p>

<ol>
  <li><strong>Анализ площадки и логистики:</strong> Проверка транспортной доступности (метро, Западный Скоростной Диаметр, трансфер), парковки и технической оснащенности.</li>
  <li><strong>Согласование меню и напитков:</strong> Расчет 1200-1500г еды на человека, дегустация блюд и согласование условий по алкоголю.</li>
  <li><strong>Сценарий и шоу-программа:</strong> Наполнение интерактивами, подбор профессионального ведущего и кавер-группы.</li>
  <li><strong>Техническое обеспечение:</strong> Аренда качественного звука (не менее 3 кВт), света, экранов и дежурство техников.</li>
</ol>

<h2>Примерная структура сметы для СПб (из расчета на 50 человек)</h2>
<table border=""1"" cellpadding=""10"" cellspacing=""0"" style=""width:100%; border-collapse:collapse; margin:15px 0;"">
  <thead>
    <tr style=""background-color:#1e293b; color:#ffffff;"">
      <th>Категория расходов</th>
      <th>Средняя стоимость в СПб</th>
      <th>Примечание</th>
    </tr>
  </thead>
  <tbody>
    <tr>
      <td>Аренда площадки / Банкет</td>
      <td>200 000 – 350 000 ₽</td>
      <td>От 4000 ₽/чел + обслуживание</td>
    </tr>
    <tr>
      <td>Ведущий + DJ и оборудование</td>
      <td>80 000 – 150 000 ₽</td>
      <td>5 часов программы, звук и свет</td>
    </tr>
    <tr>
      <td>Шоу-программа / Интерактивы</td>
      <td>50 000 – 120 000 ₽</td>
      <td>Кавер-группа, фотозона или квест</td>
    </tr>
    <tr>
      <td>Фото и видеосъемка</td>
      <td>35 000 – 60 000 ₽</td>
      <td>6 часов работы + Reels/SMM клип</td>
    </tr>
  </tbody>
</table>

<h2>Совет от ивент-продюсеров EventPro СПб</h2>
<blockquote style=""border-left: 4px solid #6366f1; padding-left: 15px; font-style: italic; color: #475569;"">
«Главный фактор успеха корпоратива в Петербурге — закладывать резерв по времени и погоде. Всегда проверяйте наличие отапливаемой закрытой зоны и заказывайте трансфер с запасом 20 минут.»
</blockquote>

<h2>Часто задаваемые вопросы (FAQ)</h2>
<h3>За сколько недель до даты нужно бронировать локацию?</h3>
<p>Для летнего сезона и декабря в СПб оптимальный срок — за 2-4 месяца. В обычные месяцы достаточно 3-4 недель.</p>

<h3>Можно ли привезти свой алкоголь?</h3>
<p>Большинство заведений СПб предоставляют такую возможность с уплатой пробкового сбора (от 300 до 800 руб/чел) либо при достижении минимального чека депозита.</p>

<h2>Бесплатный подбор площадок в Санкт-Петербурге</h2>
<p>Оставьте заявку, и наши специалисты бесплатно подготовят для вас расчет сметы и подборку из 5 лучших площадок под ваш бюджет за 30 минут!</p>",2027-01-03 12:00:00,2027-01-03 12:00:00,published,"Гайд СПб 2027: Пассажирские перевозки: Yutong, Neoplan, Mercedes Sprinter. Расчет подачи, простоя и загородных км.",article-58-трансфер-сотрудников-по-спб,https://images.tildacdn.com/corporate_event_spb_9.jpg,Бюджет и Сметы,"Бюджет и Сметы, СПб, 2027, Гайд",Трансфер сотрудников по СПб и Ленобласти: заказ автобусов | Гайд СПб 2027,"Статья: Трансфер сотрудников по СПб и Ленобласти: заказ автобусов. Пассажирские перевозки: Yutong, Neoplan, Mercedes Sprinter. Расчет подачи, простоя и загородных км. Полный разбор смет, чек-листов и лучших мест в Санкт-Петербурге.","трансфер сотрудников спб, корпоратив спб, организация мероприятий петербург"
Подарки и брендированный мерч для сотрудников в СПб,"<p class=""lead""><strong>Подарки и брендированный мерч для сотрудников в СПб</strong> — ключевое руководство по организации идеального корпоративного мероприятия в Санкт-Петербурге и Ленинградской области в 2027 году. Худи с индивидуальной вышивкой, пауэрбанки, термокружки, гастробоксы с петербургскими сладостями.</p>

<h2>Почему тема «Подарки и брендированный мерч для сотрудников в СПб» актуальна для бизнеса в Санкт-Петербурге</h2>
<p>Организация корпоративного ивента в Северной Столице требует учета географических особенностей, формата площадки и специфики петербургской погоды. Выбирая данный формат, компании получают:</p>

<ul>
  <li><strong>Высокую вовлеченность (eNPS):</strong> До 95% положительных отзывов коллектива.</li>
  <li><strong>Сильный HR-бренд:</strong> Привлечение топовых кадров из IT и коммерческого сектора СПб.</li>
  <li><strong>Финансовую прозрачность:</strong> Четкое понимание структуры сметы без скрытых переплат.</li>
</ul>

<h2>Ключевые этапы и практические рекомендации по шагам</h2>
<p>При подготовке темы <em>подарки и брендированный мерч для сотрудников в спб</em> в Санкт-Петербурге рекомендуется соблюдать следующий алгоритм:</p>

<ol>
  <li><strong>Анализ площадки и логистики:</strong> Проверка транспортной доступности (метро, Западный Скоростной Диаметр, трансфер), парковки и технической оснащенности.</li>
  <li><strong>Согласование меню и напитков:</strong> Расчет 1200-1500г еды на человека, дегустация блюд и согласование условий по алкоголю.</li>
  <li><strong>Сценарий и шоу-программа:</strong> Наполнение интерактивами, подбор профессионального ведущего и кавер-группы.</li>
  <li><strong>Техническое обеспечение:</strong> Аренда качественного звука (не менее 3 кВт), света, экранов и дежурство техников.</li>
</ol>

<h2>Примерная структура сметы для СПб (из расчета на 50 человек)</h2>
<table border=""1"" cellpadding=""10"" cellspacing=""0"" style=""width:100%; border-collapse:collapse; margin:15px 0;"">
  <thead>
    <tr style=""background-color:#1e293b; color:#ffffff;"">
      <th>Категория расходов</th>
      <th>Средняя стоимость в СПб</th>
      <th>Примечание</th>
    </tr>
  </thead>
  <tbody>
    <tr>
      <td>Аренда площадки / Банкет</td>
      <td>200 000 – 350 000 ₽</td>
      <td>От 4000 ₽/чел + обслуживание</td>
    </tr>
    <tr>
      <td>Ведущий + DJ и оборудование</td>
      <td>80 000 – 150 000 ₽</td>
      <td>5 часов программы, звук и свет</td>
    </tr>
    <tr>
      <td>Шоу-программа / Интерактивы</td>
      <td>50 000 – 120 000 ₽</td>
      <td>Кавер-группа, фотозона или квест</td>
    </tr>
    <tr>
      <td>Фото и видеосъемка</td>
      <td>35 000 – 60 000 ₽</td>
      <td>6 часов работы + Reels/SMM клип</td>
    </tr>
  </tbody>
</table>

<h2>Совет от ивент-продюсеров EventPro СПб</h2>
<blockquote style=""border-left: 4px solid #6366f1; padding-left: 15px; font-style: italic; color: #475569;"">
«Главный фактор успеха корпоратива в Петербурге — закладывать резерв по времени и погоде. Всегда проверяйте наличие отапливаемой закрытой зоны и заказывайте трансфер с запасом 20 минут.»
</blockquote>

<h2>Часто задаваемые вопросы (FAQ)</h2>
<h3>За сколько недель до даты нужно бронировать локацию?</h3>
<p>Для летнего сезона и декабря в СПб оптимальный срок — за 2-4 месяца. В обычные месяцы достаточно 3-4 недель.</p>

<h3>Можно ли привезти свой алкоголь?</h3>
<p>Большинство заведений СПб предоставляют такую возможность с уплатой пробкового сбора (от 300 до 800 руб/чел) либо при достижении минимального чека депозита.</p>

<h2>Бесплатный подбор площадок в Санкт-Петербурге</h2>
<p>Оставьте заявку, и наши специалисты бесплатно подготовят для вас расчет сметы и подборку из 5 лучших площадок под ваш бюджет за 30 минут!</p>",2027-01-04 12:00:00,2027-01-04 12:00:00,published,"Гайд СПб 2027: Худи с индивидуальной вышивкой, пауэрбанки, термокружки, гастробоксы с петербургскими сладостями.",article-59-подарки-и-брендированный-мерч,https://images.tildacdn.com/corporate_event_spb_10.jpg,Бюджет и Сметы,"Бюджет и Сметы, СПб, 2027, Гайд",Подарки и брендированный мерч для сотрудников в СПб | Гайд СПб 2027,"Статья: Подарки и брендированный мерч для сотрудников в СПб. Худи с индивидуальной вышивкой, пауэрбанки, термокружки, гастробоксы с петербургскими сладостями. Полный разбор смет, чек-листов и лучших мест в Санкт-Петербурге.","подарки сотрудникам спб, корпоратив спб, организация мероприятий петербург"
Налоговый учет расходов на корпоратив для юрлиц СПб,"<p class=""lead""><strong>Налоговый учет расходов на корпоратив для юрлиц СПб</strong> — ключевое руководство по организации идеального корпоративного мероприятия в Санкт-Петербурге и Ленинградской области в 2027 году. Как правильно оформить документы: НДФЛ, страховые взносы, представительские расходы и УСН/ОСНО.</p>

<h2>Почему тема «Налоговый учет расходов на корпоратив для юрлиц СПб» актуальна для бизнеса в Санкт-Петербурге</h2>
<p>Организация корпоративного ивента в Северной Столице требует учета географических особенностей, формата площадки и специфики петербургской погоды. Выбирая данный формат, компании получают:</p>

<ul>
  <li><strong>Высокую вовлеченность (eNPS):</strong> До 95% положительных отзывов коллектива.</li>
  <li><strong>Сильный HR-бренд:</strong> Привлечение топовых кадров из IT и коммерческого сектора СПб.</li>
  <li><strong>Финансовую прозрачность:</strong> Четкое понимание структуры сметы без скрытых переплат.</li>
</ul>

<h2>Ключевые этапы и практические рекомендации по шагам</h2>
<p>При подготовке темы <em>налоговый учет расходов на корпоратив для юрлиц спб</em> в Санкт-Петербурге рекомендуется соблюдать следующий алгоритм:</p>

<ol>
  <li><strong>Анализ площадки и логистики:</strong> Проверка транспортной доступности (метро, Западный Скоростной Диаметр, трансфер), парковки и технической оснащенности.</li>
  <li><strong>Согласование меню и напитков:</strong> Расчет 1200-1500г еды на человека, дегустация блюд и согласование условий по алкоголю.</li>
  <li><strong>Сценарий и шоу-программа:</strong> Наполнение интерактивами, подбор профессионального ведущего и кавер-группы.</li>
  <li><strong>Техническое обеспечение:</strong> Аренда качественного звука (не менее 3 кВт), света, экранов и дежурство техников.</li>
</ol>

<h2>Примерная структура сметы для СПб (из расчета на 50 человек)</h2>
<table border=""1"" cellpadding=""10"" cellspacing=""0"" style=""width:100%; border-collapse:collapse; margin:15px 0;"">
  <thead>
    <tr style=""background-color:#1e293b; color:#ffffff;"">
      <th>Категория расходов</th>
      <th>Средняя стоимость в СПб</th>
      <th>Примечание</th>
    </tr>
  </thead>
  <tbody>
    <tr>
      <td>Аренда площадки / Банкет</td>
      <td>200 000 – 350 000 ₽</td>
      <td>От 4000 ₽/чел + обслуживание</td>
    </tr>
    <tr>
      <td>Ведущий + DJ и оборудование</td>
      <td>80 000 – 150 000 ₽</td>
      <td>5 часов программы, звук и свет</td>
    </tr>
    <tr>
      <td>Шоу-программа / Интерактивы</td>
      <td>50 000 – 120 000 ₽</td>
      <td>Кавер-группа, фотозона или квест</td>
    </tr>
    <tr>
      <td>Фото и видеосъемка</td>
      <td>35 000 – 60 000 ₽</td>
      <td>6 часов работы + Reels/SMM клип</td>
    </tr>
  </tbody>
</table>

<h2>Совет от ивент-продюсеров EventPro СПб</h2>
<blockquote style=""border-left: 4px solid #6366f1; padding-left: 15px; font-style: italic; color: #475569;"">
«Главный фактор успеха корпоратива в Петербурге — закладывать резерв по времени и погоде. Всегда проверяйте наличие отапливаемой закрытой зоны и заказывайте трансфер с запасом 20 минут.»
</blockquote>

<h2>Часто задаваемые вопросы (FAQ)</h2>
<h3>За сколько недель до даты нужно бронировать локацию?</h3>
<p>Для летнего сезона и декабря в СПб оптимальный срок — за 2-4 месяца. В обычные месяцы достаточно 3-4 недель.</p>

<h3>Можно ли привезти свой алкоголь?</h3>
<p>Большинство заведений СПб предоставляют такую возможность с уплатой пробкового сбора (от 300 до 800 руб/чел) либо при достижении минимального чека депозита.</p>

<h2>Бесплатный подбор площадок в Санкт-Петербурге</h2>
<p>Оставьте заявку, и наши специалисты бесплатно подготовят для вас расчет сметы и подборку из 5 лучших площадок под ваш бюджет за 30 минут!</p>",2027-01-05 12:00:00,2027-01-05 12:00:00,published,"Гайд СПб 2027: Как правильно оформить документы: НДФЛ, страховые взносы, представительские расходы и УСН/ОСНО.",article-60-налоговый-учет-расходов-на,https://images.tildacdn.com/corporate_event_spb_1.jpg,Бюджет и Сметы,"Бюджет и Сметы, СПб, 2027, Гайд",Налоговый учет расходов на корпоратив для юрлиц СПб | Гайд СПб 2027,"Статья: Налоговый учет расходов на корпоратив для юрлиц СПб. Как правильно оформить документы: НДФЛ, страховые взносы, представительские расходы и УСН/ОСНО. Полный разбор смет, чек-листов и лучших мест в Санкт-Петербурге.","бухгалтерия расходы на корпоратив спб, корпоратив спб, организация мероприятий петербург"
Летний корпоратив на природе в Санкт-Петербурге и Ленобласти,"<p class=""lead""><strong>Летний корпоратив на природе в Санкт-Петербурге и Ленобласти</strong> — ключевое руководство по организации идеального корпоративного мероприятия в Санкт-Петербурге и Ленинградской области в 2027 году. Полный гайд по выездным летним ивентам: от выбора поляны до аниматоров и мобильных туалетов.</p>

<h2>Почему тема «Летний корпоратив на природе в Санкт-Петербурге и Ленобласти» актуальна для бизнеса в Санкт-Петербурге</h2>
<p>Организация корпоративного ивента в Северной Столице требует учета географических особенностей, формата площадки и специфики петербургской погоды. Выбирая данный формат, компании получают:</p>

<ul>
  <li><strong>Высокую вовлеченность (eNPS):</strong> До 95% положительных отзывов коллектива.</li>
  <li><strong>Сильный HR-бренд:</strong> Привлечение топовых кадров из IT и коммерческого сектора СПб.</li>
  <li><strong>Финансовую прозрачность:</strong> Четкое понимание структуры сметы без скрытых переплат.</li>
</ul>

<h2>Ключевые этапы и практические рекомендации по шагам</h2>
<p>При подготовке темы <em>летний корпоратив на природе в санкт-петербурге и ленобласти</em> в Санкт-Петербурге рекомендуется соблюдать следующий алгоритм:</p>

<ol>
  <li><strong>Анализ площадки и логистики:</strong> Проверка транспортной доступности (метро, Западный Скоростной Диаметр, трансфер), парковки и технической оснащенности.</li>
  <li><strong>Согласование меню и напитков:</strong> Расчет 1200-1500г еды на человека, дегустация блюд и согласование условий по алкоголю.</li>
  <li><strong>Сценарий и шоу-программа:</strong> Наполнение интерактивами, подбор профессионального ведущего и кавер-группы.</li>
  <li><strong>Техническое обеспечение:</strong> Аренда качественного звука (не менее 3 кВт), света, экранов и дежурство техников.</li>
</ol>

<h2>Примерная структура сметы для СПб (из расчета на 50 человек)</h2>
<table border=""1"" cellpadding=""10"" cellspacing=""0"" style=""width:100%; border-collapse:collapse; margin:15px 0;"">
  <thead>
    <tr style=""background-color:#1e293b; color:#ffffff;"">
      <th>Категория расходов</th>
      <th>Средняя стоимость в СПб</th>
      <th>Примечание</th>
    </tr>
  </thead>
  <tbody>
    <tr>
      <td>Аренда площадки / Банкет</td>
      <td>200 000 – 350 000 ₽</td>
      <td>От 4000 ₽/чел + обслуживание</td>
    </tr>
    <tr>
      <td>Ведущий + DJ и оборудование</td>
      <td>80 000 – 150 000 ₽</td>
      <td>5 часов программы, звук и свет</td>
    </tr>
    <tr>
      <td>Шоу-программа / Интерактивы</td>
      <td>50 000 – 120 000 ₽</td>
      <td>Кавер-группа, фотозона или квест</td>
    </tr>
    <tr>
      <td>Фото и видеосъемка</td>
      <td>35 000 – 60 000 ₽</td>
      <td>6 часов работы + Reels/SMM клип</td>
    </tr>
  </tbody>
</table>

<h2>Совет от ивент-продюсеров EventPro СПб</h2>
<blockquote style=""border-left: 4px solid #6366f1; padding-left: 15px; font-style: italic; color: #475569;"">
«Главный фактор успеха корпоратива в Петербурге — закладывать резерв по времени и погоде. Всегда проверяйте наличие отапливаемой закрытой зоны и заказывайте трансфер с запасом 20 минут.»
</blockquote>

<h2>Часто задаваемые вопросы (FAQ)</h2>
<h3>За сколько недель до даты нужно бронировать локацию?</h3>
<p>Для летнего сезона и декабря в СПб оптимальный срок — за 2-4 месяца. В обычные месяцы достаточно 3-4 недель.</p>

<h3>Можно ли привезти свой алкоголь?</h3>
<p>Большинство заведений СПб предоставляют такую возможность с уплатой пробкового сбора (от 300 до 800 руб/чел) либо при достижении минимального чека депозита.</p>

<h2>Бесплатный подбор площадок в Санкт-Петербурге</h2>
<p>Оставьте заявку, и наши специалисты бесплатно подготовят для вас расчет сметы и подборку из 5 лучших площадок под ваш бюджет за 30 минут!</p>",2027-01-06 12:00:00,2027-01-06 12:00:00,published,Гайд СПб 2027: Полный гайд по выездным летним ивентам: от выбора поляны до аниматоров и мобильных туалетов.,article-61-летний-корпоратив-на-природе,https://images.tildacdn.com/corporate_event_spb_2.jpg,Летние Корпоративы,"Летние Корпоративы, СПб, 2027, Гайд",Летний корпоратив на природе в Санкт-Петербурге и Ленобласти | Гайд СПб 2027,"Статья: Летний корпоратив на природе в Санкт-Петербурге и Ленобласти. Полный гайд по выездным летним ивентам: от выбора поляны до аниматоров и мобильных туалетов. Полный разбор смет, чек-листов и лучших мест в Санкт-Петербурге.","летний корпоратив на природе спб, корпоратив спб, организация мероприятий петербург"
Пикник и BBQ для компании на побережье Финского залива,"<p class=""lead""><strong>Пикник и BBQ для компании на побережье Финского залива</strong> — ключевое руководство по организации идеального корпоративного мероприятия в Санкт-Петербурге и Ленинградской области в 2027 году. Мясо на гриле, овощи, пуфы, шезлонги, волейбол и чилаут-музыка на песчаном пляже в Солнечном.</p>

<h2>Почему тема «Пикник и BBQ для компании на побережье Финского залива» актуальна для бизнеса в Санкт-Петербурге</h2>
<p>Организация корпоративного ивента в Северной Столице требует учета географических особенностей, формата площадки и специфики петербургской погоды. Выбирая данный формат, компании получают:</p>

<ul>
  <li><strong>Высокую вовлеченность (eNPS):</strong> До 95% положительных отзывов коллектива.</li>
  <li><strong>Сильный HR-бренд:</strong> Привлечение топовых кадров из IT и коммерческого сектора СПб.</li>
  <li><strong>Финансовую прозрачность:</strong> Четкое понимание структуры сметы без скрытых переплат.</li>
</ul>

<h2>Ключевые этапы и практические рекомендации по шагам</h2>
<p>При подготовке темы <em>пикник и bbq для компании на побережье финского залива</em> в Санкт-Петербурге рекомендуется соблюдать следующий алгоритм:</p>

<ol>
  <li><strong>Анализ площадки и логистики:</strong> Проверка транспортной доступности (метро, Западный Скоростной Диаметр, трансфер), парковки и технической оснащенности.</li>
  <li><strong>Согласование меню и напитков:</strong> Расчет 1200-1500г еды на человека, дегустация блюд и согласование условий по алкоголю.</li>
  <li><strong>Сценарий и шоу-программа:</strong> Наполнение интерактивами, подбор профессионального ведущего и кавер-группы.</li>
  <li><strong>Техническое обеспечение:</strong> Аренда качественного звука (не менее 3 кВт), света, экранов и дежурство техников.</li>
</ol>

<h2>Примерная структура сметы для СПб (из расчета на 50 человек)</h2>
<table border=""1"" cellpadding=""10"" cellspacing=""0"" style=""width:100%; border-collapse:collapse; margin:15px 0;"">
  <thead>
    <tr style=""background-color:#1e293b; color:#ffffff;"">
      <th>Категория расходов</th>
      <th>Средняя стоимость в СПб</th>
      <th>Примечание</th>
    </tr>
  </thead>
  <tbody>
    <tr>
      <td>Аренда площадки / Банкет</td>
      <td>200 000 – 350 000 ₽</td>
      <td>От 4000 ₽/чел + обслуживание</td>
    </tr>
    <tr>
      <td>Ведущий + DJ и оборудование</td>
      <td>80 000 – 150 000 ₽</td>
      <td>5 часов программы, звук и свет</td>
    </tr>
    <tr>
      <td>Шоу-программа / Интерактивы</td>
      <td>50 000 – 120 000 ₽</td>
      <td>Кавер-группа, фотозона или квест</td>
    </tr>
    <tr>
      <td>Фото и видеосъемка</td>
      <td>35 000 – 60 000 ₽</td>
      <td>6 часов работы + Reels/SMM клип</td>
    </tr>
  </tbody>
</table>

<h2>Совет от ивент-продюсеров EventPro СПб</h2>
<blockquote style=""border-left: 4px solid #6366f1; padding-left: 15px; font-style: italic; color: #475569;"">
«Главный фактор успеха корпоратива в Петербурге — закладывать резерв по времени и погоде. Всегда проверяйте наличие отапливаемой закрытой зоны и заказывайте трансфер с запасом 20 минут.»
</blockquote>

<h2>Часто задаваемые вопросы (FAQ)</h2>
<h3>За сколько недель до даты нужно бронировать локацию?</h3>
<p>Для летнего сезона и декабря в СПб оптимальный срок — за 2-4 месяца. В обычные месяцы достаточно 3-4 недель.</p>

<h3>Можно ли привезти свой алкоголь?</h3>
<p>Большинство заведений СПб предоставляют такую возможность с уплатой пробкового сбора (от 300 до 800 руб/чел) либо при достижении минимального чека депозита.</p>

<h2>Бесплатный подбор площадок в Санкт-Петербурге</h2>
<p>Оставьте заявку, и наши специалисты бесплатно подготовят для вас расчет сметы и подборку из 5 лучших площадок под ваш бюджет за 30 минут!</p>",2027-01-07 12:00:00,2027-01-07 12:00:00,published,"Гайд СПб 2027: Мясо на гриле, овощи, пуфы, шезлонги, волейбол и чилаут-музыка на песчаном пляже в Солнечном.",article-62-пикник-и-bbq-для,https://images.tildacdn.com/corporate_event_spb_3.jpg,Летние Корпоративы,"Летние Корпоративы, СПб, 2027, Гайд",Пикник и BBQ для компании на побережье Финского залива | Гайд СПб 2027,"Статья: Пикник и BBQ для компании на побережье Финского залива. Мясо на гриле, овощи, пуфы, шезлонги, волейбол и чилаут-музыка на песчаном пляже в Солнечном. Полный разбор смет, чек-листов и лучших мест в Санкт-Петербурге.","bbq пикник корпоратив финский залив, корпоратив спб, организация мероприятий петербург"
Корпоративная Pool Party в загородных клубах Репино и Комарово,"<p class=""lead""><strong>Корпоративная Pool Party в загородных клубах Репино и Комарово</strong> — ключевое руководство по организации идеального корпоративного мероприятия в Санкт-Петербурге и Ленинградской области в 2027 году. Вечеринка у открытого подогреваемого бассейна: надувные фламинго, диджей, авторские лимонады и гриль.</p>

<h2>Почему тема «Корпоративная Pool Party в загородных клубах Репино и Комарово» актуальна для бизнеса в Санкт-Петербурге</h2>
<p>Организация корпоративного ивента в Северной Столице требует учета географических особенностей, формата площадки и специфики петербургской погоды. Выбирая данный формат, компании получают:</p>

<ul>
  <li><strong>Высокую вовлеченность (eNPS):</strong> До 95% положительных отзывов коллектива.</li>
  <li><strong>Сильный HR-бренд:</strong> Привлечение топовых кадров из IT и коммерческого сектора СПб.</li>
  <li><strong>Финансовую прозрачность:</strong> Четкое понимание структуры сметы без скрытых переплат.</li>
</ul>

<h2>Ключевые этапы и практические рекомендации по шагам</h2>
<p>При подготовке темы <em>корпоративная pool party в загородных клубах репино и комарово</em> в Санкт-Петербурге рекомендуется соблюдать следующий алгоритм:</p>

<ol>
  <li><strong>Анализ площадки и логистики:</strong> Проверка транспортной доступности (метро, Западный Скоростной Диаметр, трансфер), парковки и технической оснащенности.</li>
  <li><strong>Согласование меню и напитков:</strong> Расчет 1200-1500г еды на человека, дегустация блюд и согласование условий по алкоголю.</li>
  <li><strong>Сценарий и шоу-программа:</strong> Наполнение интерактивами, подбор профессионального ведущего и кавер-группы.</li>
  <li><strong>Техническое обеспечение:</strong> Аренда качественного звука (не менее 3 кВт), света, экранов и дежурство техников.</li>
</ol>

<h2>Примерная структура сметы для СПб (из расчета на 50 человек)</h2>
<table border=""1"" cellpadding=""10"" cellspacing=""0"" style=""width:100%; border-collapse:collapse; margin:15px 0;"">
  <thead>
    <tr style=""background-color:#1e293b; color:#ffffff;"">
      <th>Категория расходов</th>
      <th>Средняя стоимость в СПб</th>
      <th>Примечание</th>
    </tr>
  </thead>
  <tbody>
    <tr>
      <td>Аренда площадки / Банкет</td>
      <td>200 000 – 350 000 ₽</td>
      <td>От 4000 ₽/чел + обслуживание</td>
    </tr>
    <tr>
      <td>Ведущий + DJ и оборудование</td>
      <td>80 000 – 150 000 ₽</td>
      <td>5 часов программы, звук и свет</td>
    </tr>
    <tr>
      <td>Шоу-программа / Интерактивы</td>
      <td>50 000 – 120 000 ₽</td>
      <td>Кавер-группа, фотозона или квест</td>
    </tr>
    <tr>
      <td>Фото и видеосъемка</td>
      <td>35 000 – 60 000 ₽</td>
      <td>6 часов работы + Reels/SMM клип</td>
    </tr>
  </tbody>
</table>

<h2>Совет от ивент-продюсеров EventPro СПб</h2>
<blockquote style=""border-left: 4px solid #6366f1; padding-left: 15px; font-style: italic; color: #475569;"">
«Главный фактор успеха корпоратива в Петербурге — закладывать резерв по времени и погоде. Всегда проверяйте наличие отапливаемой закрытой зоны и заказывайте трансфер с запасом 20 минут.»
</blockquote>

<h2>Часто задаваемые вопросы (FAQ)</h2>
<h3>За сколько недель до даты нужно бронировать локацию?</h3>
<p>Для летнего сезона и декабря в СПб оптимальный срок — за 2-4 месяца. В обычные месяцы достаточно 3-4 недель.</p>

<h3>Можно ли привезти свой алкоголь?</h3>
<p>Большинство заведений СПб предоставляют такую возможность с уплатой пробкового сбора (от 300 до 800 руб/чел) либо при достижении минимального чека депозита.</p>

<h2>Бесплатный подбор площадок в Санкт-Петербурге</h2>
<p>Оставьте заявку, и наши специалисты бесплатно подготовят для вас расчет сметы и подборку из 5 лучших площадок под ваш бюджет за 30 минут!</p>",2027-01-08 12:00:00,2027-01-08 12:00:00,published,"Гайд СПб 2027: Вечеринка у открытого подогреваемого бассейна: надувные фламинго, диджей, авторские лимонады и гриль.",article-63-корпоративная-pool-party-в,https://images.tildacdn.com/corporate_event_spb_4.jpg,Летние Корпоративы,"Летние Корпоративы, СПб, 2027, Гайд",Корпоративная Pool Party в загородных клубах Репино и Комарово | Гайд СПб 2027,"Статья: Корпоративная Pool Party в загородных клубах Репино и Комарово. Вечеринка у открытого подогреваемого бассейна: надувные фламинго, диджей, авторские лимонады и гриль. Полный разбор смет, чек-листов и лучших мест в Санкт-Петербурге.","pool party репино комарово спб, корпоратив спб, организация мероприятий петербург"
Сапбординг по каналам Петербурга и вейкбординг для компании,"<p class=""lead""><strong>Сапбординг по каналам Петербурга и вейкбординг для компании</strong> — ключевое руководство по организации идеального корпоративного мероприятия в Санкт-Петербурге и Ленинградской области в 2027 году. Утренний сплав на сапах вокруг Спаса-на-Крови и Грибоедова с инструктором и фотографом.</p>

<h2>Почему тема «Сапбординг по каналам Петербурга и вейкбординг для компании» актуальна для бизнеса в Санкт-Петербурге</h2>
<p>Организация корпоративного ивента в Северной Столице требует учета географических особенностей, формата площадки и специфики петербургской погоды. Выбирая данный формат, компании получают:</p>

<ul>
  <li><strong>Высокую вовлеченность (eNPS):</strong> До 95% положительных отзывов коллектива.</li>
  <li><strong>Сильный HR-бренд:</strong> Привлечение топовых кадров из IT и коммерческого сектора СПб.</li>
  <li><strong>Финансовую прозрачность:</strong> Четкое понимание структуры сметы без скрытых переплат.</li>
</ul>

<h2>Ключевые этапы и практические рекомендации по шагам</h2>
<p>При подготовке темы <em>сапбординг по каналам петербурга и вейкбординг для компании</em> в Санкт-Петербурге рекомендуется соблюдать следующий алгоритм:</p>

<ol>
  <li><strong>Анализ площадки и логистики:</strong> Проверка транспортной доступности (метро, Западный Скоростной Диаметр, трансфер), парковки и технической оснащенности.</li>
  <li><strong>Согласование меню и напитков:</strong> Расчет 1200-1500г еды на человека, дегустация блюд и согласование условий по алкоголю.</li>
  <li><strong>Сценарий и шоу-программа:</strong> Наполнение интерактивами, подбор профессионального ведущего и кавер-группы.</li>
  <li><strong>Техническое обеспечение:</strong> Аренда качественного звука (не менее 3 кВт), света, экранов и дежурство техников.</li>
</ol>

<h2>Примерная структура сметы для СПб (из расчета на 50 человек)</h2>
<table border=""1"" cellpadding=""10"" cellspacing=""0"" style=""width:100%; border-collapse:collapse; margin:15px 0;"">
  <thead>
    <tr style=""background-color:#1e293b; color:#ffffff;"">
      <th>Категория расходов</th>
      <th>Средняя стоимость в СПб</th>
      <th>Примечание</th>
    </tr>
  </thead>
  <tbody>
    <tr>
      <td>Аренда площадки / Банкет</td>
      <td>200 000 – 350 000 ₽</td>
      <td>От 4000 ₽/чел + обслуживание</td>
    </tr>
    <tr>
      <td>Ведущий + DJ и оборудование</td>
      <td>80 000 – 150 000 ₽</td>
      <td>5 часов программы, звук и свет</td>
    </tr>
    <tr>
      <td>Шоу-программа / Интерактивы</td>
      <td>50 000 – 120 000 ₽</td>
      <td>Кавер-группа, фотозона или квест</td>
    </tr>
    <tr>
      <td>Фото и видеосъемка</td>
      <td>35 000 – 60 000 ₽</td>
      <td>6 часов работы + Reels/SMM клип</td>
    </tr>
  </tbody>
</table>

<h2>Совет от ивент-продюсеров EventPro СПб</h2>
<blockquote style=""border-left: 4px solid #6366f1; padding-left: 15px; font-style: italic; color: #475569;"">
«Главный фактор успеха корпоратива в Петербурге — закладывать резерв по времени и погоде. Всегда проверяйте наличие отапливаемой закрытой зоны и заказывайте трансфер с запасом 20 минут.»
</blockquote>

<h2>Часто задаваемые вопросы (FAQ)</h2>
<h3>За сколько недель до даты нужно бронировать локацию?</h3>
<p>Для летнего сезона и декабря в СПб оптимальный срок — за 2-4 месяца. В обычные месяцы достаточно 3-4 недель.</p>

<h3>Можно ли привезти свой алкоголь?</h3>
<p>Большинство заведений СПб предоставляют такую возможность с уплатой пробкового сбора (от 300 до 800 руб/чел) либо при достижении минимального чека депозита.</p>

<h2>Бесплатный подбор площадок в Санкт-Петербурге</h2>
<p>Оставьте заявку, и наши специалисты бесплатно подготовят для вас расчет сметы и подборку из 5 лучших площадок под ваш бюджет за 30 минут!</p>",2027-01-09 12:00:00,2027-01-09 12:00:00,published,Гайд СПб 2027: Утренний сплав на сапах вокруг Спаса-на-Крови и Грибоедова с инструктором и фотографом.,article-64-сапбординг-по-каналам-петербурга,https://images.tildacdn.com/corporate_event_spb_5.jpg,Летние Корпоративы,"Летние Корпоративы, СПб, 2027, Гайд",Сапбординг по каналам Петербурга и вейкбординг для компании | Гайд СПб 2027,"Статья: Сапбординг по каналам Петербурга и вейкбординг для компании. Утренний сплав на сапах вокруг Спаса-на-Крови и Грибоедова с инструктором и фотографом. Полный разбор смет, чек-листов и лучших мест в Санкт-Петербурге.","сапбординг каналы спб корпоратив, корпоратив спб, организация мероприятий петербург"
Летний фестиваль Open Air на Крестовском острове для 200+ человек,"<p class=""lead""><strong>Летний фестиваль Open Air на Крестовском острове для 200+ человек</strong> — ключевое руководство по организации идеального корпоративного мероприятия в Санкт-Петербурге и Ленинградской области в 2027 году. Масштабный праздник с несколькими тематическими зонами, фудтраками, маркетом и главной сценой.</p>

<h2>Почему тема «Летний фестиваль Open Air на Крестовском острове для 200+ человек» актуальна для бизнеса в Санкт-Петербурге</h2>
<p>Организация корпоративного ивента в Северной Столице требует учета географических особенностей, формата площадки и специфики петербургской погоды. Выбирая данный формат, компании получают:</p>

<ul>
  <li><strong>Высокую вовлеченность (eNPS):</strong> До 95% положительных отзывов коллектива.</li>
  <li><strong>Сильный HR-бренд:</strong> Привлечение топовых кадров из IT и коммерческого сектора СПб.</li>
  <li><strong>Финансовую прозрачность:</strong> Четкое понимание структуры сметы без скрытых переплат.</li>
</ul>

<h2>Ключевые этапы и практические рекомендации по шагам</h2>
<p>При подготовке темы <em>летний фестиваль open air на крестовском острове для 200+ человек</em> в Санкт-Петербурге рекомендуется соблюдать следующий алгоритм:</p>

<ol>
  <li><strong>Анализ площадки и логистики:</strong> Проверка транспортной доступности (метро, Западный Скоростной Диаметр, трансфер), парковки и технической оснащенности.</li>
  <li><strong>Согласование меню и напитков:</strong> Расчет 1200-1500г еды на человека, дегустация блюд и согласование условий по алкоголю.</li>
  <li><strong>Сценарий и шоу-программа:</strong> Наполнение интерактивами, подбор профессионального ведущего и кавер-группы.</li>
  <li><strong>Техническое обеспечение:</strong> Аренда качественного звука (не менее 3 кВт), света, экранов и дежурство техников.</li>
</ol>

<h2>Примерная структура сметы для СПб (из расчета на 50 человек)</h2>
<table border=""1"" cellpadding=""10"" cellspacing=""0"" style=""width:100%; border-collapse:collapse; margin:15px 0;"">
  <thead>
    <tr style=""background-color:#1e293b; color:#ffffff;"">
      <th>Категория расходов</th>
      <th>Средняя стоимость в СПб</th>
      <th>Примечание</th>
    </tr>
  </thead>
  <tbody>
    <tr>
      <td>Аренда площадки / Банкет</td>
      <td>200 000 – 350 000 ₽</td>
      <td>От 4000 ₽/чел + обслуживание</td>
    </tr>
    <tr>
      <td>Ведущий + DJ и оборудование</td>
      <td>80 000 – 150 000 ₽</td>
      <td>5 часов программы, звук и свет</td>
    </tr>
    <tr>
      <td>Шоу-программа / Интерактивы</td>
      <td>50 000 – 120 000 ₽</td>
      <td>Кавер-группа, фотозона или квест</td>
    </tr>
    <tr>
      <td>Фото и видеосъемка</td>
      <td>35 000 – 60 000 ₽</td>
      <td>6 часов работы + Reels/SMM клип</td>
    </tr>
  </tbody>
</table>

<h2>Совет от ивент-продюсеров EventPro СПб</h2>
<blockquote style=""border-left: 4px solid #6366f1; padding-left: 15px; font-style: italic; color: #475569;"">
«Главный фактор успеха корпоратива в Петербурге — закладывать резерв по времени и погоде. Всегда проверяйте наличие отапливаемой закрытой зоны и заказывайте трансфер с запасом 20 минут.»
</blockquote>

<h2>Часто задаваемые вопросы (FAQ)</h2>
<h3>За сколько недель до даты нужно бронировать локацию?</h3>
<p>Для летнего сезона и декабря в СПб оптимальный срок — за 2-4 месяца. В обычные месяцы достаточно 3-4 недель.</p>

<h3>Можно ли привезти свой алкоголь?</h3>
<p>Большинство заведений СПб предоставляют такую возможность с уплатой пробкового сбора (от 300 до 800 руб/чел) либо при достижении минимального чека депозита.</p>

<h2>Бесплатный подбор площадок в Санкт-Петербурге</h2>
<p>Оставьте заявку, и наши специалисты бесплатно подготовят для вас расчет сметы и подборку из 5 лучших площадок под ваш бюджет за 30 минут!</p>",2027-01-10 12:00:00,2027-01-10 12:00:00,published,"Гайд СПб 2027: Масштабный праздник с несколькими тематическими зонами, фудтраками, маркетом и главной сценой.",article-65-летний-фестиваль-open-air,https://images.tildacdn.com/corporate_event_spb_6.jpg,Летние Корпоративы,"Летние Корпоративы, СПб, 2027, Гайд",Летний фестиваль Open Air на Крестовском острове для 200+ человек | Гайд СПб 2027,"Статья: Летний фестиваль Open Air на Крестовском острове для 200+ человек. Масштабный праздник с несколькими тематическими зонами, фудтраками, маркетом и главной сценой. Полный разбор смет, чек-листов и лучших мест в Санкт-Петербурге.","open air крестовский остров корпоратив, корпоратив спб, организация мероприятий петербург"
Палаточный кемпинг на Ладоге и Вуоксе для всей команды,"<p class=""lead""><strong>Палаточный кемпинг на Ладоге и Вуоксе для всей команды</strong> — ключевое руководство по организации идеального корпоративного мероприятия в Санкт-Петербурге и Ленинградской области в 2027 году. Двухдневный поход с палатками, костром, гитарой, ухой из свежей рыбы и банными байдарками.</p>

<h2>Почему тема «Палаточный кемпинг на Ладоге и Вуоксе для всей команды» актуальна для бизнеса в Санкт-Петербурге</h2>
<p>Организация корпоративного ивента в Северной Столице требует учета географических особенностей, формата площадки и специфики петербургской погоды. Выбирая данный формат, компании получают:</p>

<ul>
  <li><strong>Высокую вовлеченность (eNPS):</strong> До 95% положительных отзывов коллектива.</li>
  <li><strong>Сильный HR-бренд:</strong> Привлечение топовых кадров из IT и коммерческого сектора СПб.</li>
  <li><strong>Финансовую прозрачность:</strong> Четкое понимание структуры сметы без скрытых переплат.</li>
</ul>

<h2>Ключевые этапы и практические рекомендации по шагам</h2>
<p>При подготовке темы <em>палаточный кемпинг на ладоге и вуоксе для всей команды</em> в Санкт-Петербурге рекомендуется соблюдать следующий алгоритм:</p>

<ol>
  <li><strong>Анализ площадки и логистики:</strong> Проверка транспортной доступности (метро, Западный Скоростной Диаметр, трансфер), парковки и технической оснащенности.</li>
  <li><strong>Согласование меню и напитков:</strong> Расчет 1200-1500г еды на человека, дегустация блюд и согласование условий по алкоголю.</li>
  <li><strong>Сценарий и шоу-программа:</strong> Наполнение интерактивами, подбор профессионального ведущего и кавер-группы.</li>
  <li><strong>Техническое обеспечение:</strong> Аренда качественного звука (не менее 3 кВт), света, экранов и дежурство техников.</li>
</ol>

<h2>Примерная структура сметы для СПб (из расчета на 50 человек)</h2>
<table border=""1"" cellpadding=""10"" cellspacing=""0"" style=""width:100%; border-collapse:collapse; margin:15px 0;"">
  <thead>
    <tr style=""background-color:#1e293b; color:#ffffff;"">
      <th>Категория расходов</th>
      <th>Средняя стоимость в СПб</th>
      <th>Примечание</th>
    </tr>
  </thead>
  <tbody>
    <tr>
      <td>Аренда площадки / Банкет</td>
      <td>200 000 – 350 000 ₽</td>
      <td>От 4000 ₽/чел + обслуживание</td>
    </tr>
    <tr>
      <td>Ведущий + DJ и оборудование</td>
      <td>80 000 – 150 000 ₽</td>
      <td>5 часов программы, звук и свет</td>
    </tr>
    <tr>
      <td>Шоу-программа / Интерактивы</td>
      <td>50 000 – 120 000 ₽</td>
      <td>Кавер-группа, фотозона или квест</td>
    </tr>
    <tr>
      <td>Фото и видеосъемка</td>
      <td>35 000 – 60 000 ₽</td>
      <td>6 часов работы + Reels/SMM клип</td>
    </tr>
  </tbody>
</table>

<h2>Совет от ивент-продюсеров EventPro СПб</h2>
<blockquote style=""border-left: 4px solid #6366f1; padding-left: 15px; font-style: italic; color: #475569;"">
«Главный фактор успеха корпоратива в Петербурге — закладывать резерв по времени и погоде. Всегда проверяйте наличие отапливаемой закрытой зоны и заказывайте трансфер с запасом 20 минут.»
</blockquote>

<h2>Часто задаваемые вопросы (FAQ)</h2>
<h3>За сколько недель до даты нужно бронировать локацию?</h3>
<p>Для летнего сезона и декабря в СПб оптимальный срок — за 2-4 месяца. В обычные месяцы достаточно 3-4 недель.</p>

<h3>Можно ли привезти свой алкоголь?</h3>
<p>Большинство заведений СПб предоставляют такую возможность с уплатой пробкового сбора (от 300 до 800 руб/чел) либо при достижении минимального чека депозита.</p>

<h2>Бесплатный подбор площадок в Санкт-Петербурге</h2>
<p>Оставьте заявку, и наши специалисты бесплатно подготовят для вас расчет сметы и подборку из 5 лучших площадок под ваш бюджет за 30 минут!</p>",2027-01-11 12:00:00,2027-01-11 12:00:00,published,"Гайд СПб 2027: Двухдневный поход с палатками, костром, гитарой, ухой из свежей рыбы и банными байдарками.",article-66-палаточный-кемпинг-на-ладоге,https://images.tildacdn.com/corporate_event_spb_7.jpg,Летние Корпоративы,"Летние Корпоративы, СПб, 2027, Гайд",Палаточный кемпинг на Ладоге и Вуоксе для всей команды | Гайд СПб 2027,"Статья: Палаточный кемпинг на Ладоге и Вуоксе для всей команды. Двухдневный поход с палатками, костром, гитарой, ухой из свежей рыбы и банными байдарками. Полный разбор смет, чек-листов и лучших мест в Санкт-Петербурге.","кемпинг ладога вуокса корпоратив, корпоратив спб, организация мероприятий петербург"
Спортивный день компании на стадионе Газпром Арена / Сибур Арена,"<p class=""lead""><strong>Спортивный день компании на стадионе Газпром Арена / Сибур Арена</strong> — ключевое руководство по организации идеального корпоративного мероприятия в Санкт-Петербурге и Ленинградской области в 2027 году. Масштабная спартакиада: парад команд, сдача ГТО, мини-футбол и награждение медалями на пьедестале.</p>

<h2>Почему тема «Спортивный день компании на стадионе Газпром Арена / Сибур Арена» актуальна для бизнеса в Санкт-Петербурге</h2>
<p>Организация корпоративного ивента в Северной Столице требует учета географических особенностей, формата площадки и специфики петербургской погоды. Выбирая данный формат, компании получают:</p>

<ul>
  <li><strong>Высокую вовлеченность (eNPS):</strong> До 95% положительных отзывов коллектива.</li>
  <li><strong>Сильный HR-бренд:</strong> Привлечение топовых кадров из IT и коммерческого сектора СПб.</li>
  <li><strong>Финансовую прозрачность:</strong> Четкое понимание структуры сметы без скрытых переплат.</li>
</ul>

<h2>Ключевые этапы и практические рекомендации по шагам</h2>
<p>При подготовке темы <em>спортивный день компании на стадионе газпром арена / сибур арена</em> в Санкт-Петербурге рекомендуется соблюдать следующий алгоритм:</p>

<ol>
  <li><strong>Анализ площадки и логистики:</strong> Проверка транспортной доступности (метро, Западный Скоростной Диаметр, трансфер), парковки и технической оснащенности.</li>
  <li><strong>Согласование меню и напитков:</strong> Расчет 1200-1500г еды на человека, дегустация блюд и согласование условий по алкоголю.</li>
  <li><strong>Сценарий и шоу-программа:</strong> Наполнение интерактивами, подбор профессионального ведущего и кавер-группы.</li>
  <li><strong>Техническое обеспечение:</strong> Аренда качественного звука (не менее 3 кВт), света, экранов и дежурство техников.</li>
</ol>

<h2>Примерная структура сметы для СПб (из расчета на 50 человек)</h2>
<table border=""1"" cellpadding=""10"" cellspacing=""0"" style=""width:100%; border-collapse:collapse; margin:15px 0;"">
  <thead>
    <tr style=""background-color:#1e293b; color:#ffffff;"">
      <th>Категория расходов</th>
      <th>Средняя стоимость в СПб</th>
      <th>Примечание</th>
    </tr>
  </thead>
  <tbody>
    <tr>
      <td>Аренда площадки / Банкет</td>
      <td>200 000 – 350 000 ₽</td>
      <td>От 4000 ₽/чел + обслуживание</td>
    </tr>
    <tr>
      <td>Ведущий + DJ и оборудование</td>
      <td>80 000 – 150 000 ₽</td>
      <td>5 часов программы, звук и свет</td>
    </tr>
    <tr>
      <td>Шоу-программа / Интерактивы</td>
      <td>50 000 – 120 000 ₽</td>
      <td>Кавер-группа, фотозона или квест</td>
    </tr>
    <tr>
      <td>Фото и видеосъемка</td>
      <td>35 000 – 60 000 ₽</td>
      <td>6 часов работы + Reels/SMM клип</td>
    </tr>
  </tbody>
</table>

<h2>Совет от ивент-продюсеров EventPro СПб</h2>
<blockquote style=""border-left: 4px solid #6366f1; padding-left: 15px; font-style: italic; color: #475569;"">
«Главный фактор успеха корпоратива в Петербурге — закладывать резерв по времени и погоде. Всегда проверяйте наличие отапливаемой закрытой зоны и заказывайте трансфер с запасом 20 минут.»
</blockquote>

<h2>Часто задаваемые вопросы (FAQ)</h2>
<h3>За сколько недель до даты нужно бронировать локацию?</h3>
<p>Для летнего сезона и декабря в СПб оптимальный срок — за 2-4 месяца. В обычные месяцы достаточно 3-4 недель.</p>

<h3>Можно ли привезти свой алкоголь?</h3>
<p>Большинство заведений СПб предоставляют такую возможность с уплатой пробкового сбора (от 300 до 800 руб/чел) либо при достижении минимального чека депозита.</p>

<h2>Бесплатный подбор площадок в Санкт-Петербурге</h2>
<p>Оставьте заявку, и наши специалисты бесплатно подготовят для вас расчет сметы и подборку из 5 лучших площадок под ваш бюджет за 30 минут!</p>",2027-01-12 12:00:00,2027-01-12 12:00:00,published,"Гайд СПб 2027: Масштабная спартакиада: парад команд, сдача ГТО, мини-футбол и награждение медалями на пьедестале.",article-67-спортивный-день-компании-на,https://images.tildacdn.com/corporate_event_spb_8.jpg,Летние Корпоративы,"Летние Корпоративы, СПб, 2027, Гайд",Спортивный день компании на стадионе Газпром Арена / Сибур Арена | Гайд СПб 2027,"Статья: Спортивный день компании на стадионе Газпром Арена / Сибур Арена. Масштабная спартакиада: парад команд, сдача ГТО, мини-футбол и награждение медалями на пьедестале. Полный разбор смет, чек-листов и лучших мест в Санкт-Петербурге.","спортивный день стадион спб, корпоратив спб, организация мероприятий петербург"
"Летний корпоратив в усадьбе или замке (Ораниенбаум, Павловск)","<p class=""lead""><strong>Летний корпоратив в усадьбе или замке (Ораниенбаум, Павловск)</strong> — ключевое руководство по организации идеального корпоративного мероприятия в Санкт-Петербурге и Ленинградской области в 2027 году. Аристократичный отдых: крокет, гольф, классическая музыка, фуршет в парковой зоне особняка.</p>

<h2>Почему тема «Летний корпоратив в усадьбе или замке (Ораниенбаум, Павловск)» актуальна для бизнеса в Санкт-Петербурге</h2>
<p>Организация корпоративного ивента в Северной Столице требует учета географических особенностей, формата площадки и специфики петербургской погоды. Выбирая данный формат, компании получают:</p>

<ul>
  <li><strong>Высокую вовлеченность (eNPS):</strong> До 95% положительных отзывов коллектива.</li>
  <li><strong>Сильный HR-бренд:</strong> Привлечение топовых кадров из IT и коммерческого сектора СПб.</li>
  <li><strong>Финансовую прозрачность:</strong> Четкое понимание структуры сметы без скрытых переплат.</li>
</ul>

<h2>Ключевые этапы и практические рекомендации по шагам</h2>
<p>При подготовке темы <em>летний корпоратив в усадьбе или замке (ораниенбаум, павловск)</em> в Санкт-Петербурге рекомендуется соблюдать следующий алгоритм:</p>

<ol>
  <li><strong>Анализ площадки и логистики:</strong> Проверка транспортной доступности (метро, Западный Скоростной Диаметр, трансфер), парковки и технической оснащенности.</li>
  <li><strong>Согласование меню и напитков:</strong> Расчет 1200-1500г еды на человека, дегустация блюд и согласование условий по алкоголю.</li>
  <li><strong>Сценарий и шоу-программа:</strong> Наполнение интерактивами, подбор профессионального ведущего и кавер-группы.</li>
  <li><strong>Техническое обеспечение:</strong> Аренда качественного звука (не менее 3 кВт), света, экранов и дежурство техников.</li>
</ol>

<h2>Примерная структура сметы для СПб (из расчета на 50 человек)</h2>
<table border=""1"" cellpadding=""10"" cellspacing=""0"" style=""width:100%; border-collapse:collapse; margin:15px 0;"">
  <thead>
    <tr style=""background-color:#1e293b; color:#ffffff;"">
      <th>Категория расходов</th>
      <th>Средняя стоимость в СПб</th>
      <th>Примечание</th>
    </tr>
  </thead>
  <tbody>
    <tr>
      <td>Аренда площадки / Банкет</td>
      <td>200 000 – 350 000 ₽</td>
      <td>От 4000 ₽/чел + обслуживание</td>
    </tr>
    <tr>
      <td>Ведущий + DJ и оборудование</td>
      <td>80 000 – 150 000 ₽</td>
      <td>5 часов программы, звук и свет</td>
    </tr>
    <tr>
      <td>Шоу-программа / Интерактивы</td>
      <td>50 000 – 120 000 ₽</td>
      <td>Кавер-группа, фотозона или квест</td>
    </tr>
    <tr>
      <td>Фото и видеосъемка</td>
      <td>35 000 – 60 000 ₽</td>
      <td>6 часов работы + Reels/SMM клип</td>
    </tr>
  </tbody>
</table>

<h2>Совет от ивент-продюсеров EventPro СПб</h2>
<blockquote style=""border-left: 4px solid #6366f1; padding-left: 15px; font-style: italic; color: #475569;"">
«Главный фактор успеха корпоратива в Петербурге — закладывать резерв по времени и погоде. Всегда проверяйте наличие отапливаемой закрытой зоны и заказывайте трансфер с запасом 20 минут.»
</blockquote>

<h2>Часто задаваемые вопросы (FAQ)</h2>
<h3>За сколько недель до даты нужно бронировать локацию?</h3>
<p>Для летнего сезона и декабря в СПб оптимальный срок — за 2-4 месяца. В обычные месяцы достаточно 3-4 недель.</p>

<h3>Можно ли привезти свой алкоголь?</h3>
<p>Большинство заведений СПб предоставляют такую возможность с уплатой пробкового сбора (от 300 до 800 руб/чел) либо при достижении минимального чека депозита.</p>

<h2>Бесплатный подбор площадок в Санкт-Петербурге</h2>
<p>Оставьте заявку, и наши специалисты бесплатно подготовят для вас расчет сметы и подборку из 5 лучших площадок под ваш бюджет за 30 минут!</p>",2027-01-13 12:00:00,2027-01-13 12:00:00,published,"Гайд СПб 2027: Аристократичный отдых: крокет, гольф, классическая музыка, фуршет в парковой зоне особняка.",article-68-летний-корпоратив-в-усадьбе,https://images.tildacdn.com/corporate_event_spb_9.jpg,Летние Корпоративы,"Летние Корпоративы, СПб, 2027, Гайд","Летний корпоратив в усадьбе или замке (Ораниенбаум, Павловск) | Гайд СПб 2027","Статья: Летний корпоратив в усадьбе или замке (Ораниенбаум, Павловск). Аристократичный отдых: крокет, гольф, классическая музыка, фуршет в парковой зоне особняка. Полный разбор смет, чек-листов и лучших мест в Санкт-Петербурге.","усадьба корпоратив спб, корпоратив спб, организация мероприятий петербург"
Загородный шеф-баттл у костра в Карельском перешейке,"<p class=""lead""><strong>Загородный шеф-баттл у костра в Карельском перешейке</strong> — ключевое руководство по организации идеального корпоративного мероприятия в Санкт-Петербурге и Ленинградской области в 2027 году. Приготовление блюд на открытом огне: плов в казане, уха по-фински, стейки и запеченные ягоды.</p>

<h2>Почему тема «Загородный шеф-баттл у костра в Карельском перешейке» актуальна для бизнеса в Санкт-Петербурге</h2>
<p>Организация корпоративного ивента в Северной Столице требует учета географических особенностей, формата площадки и специфики петербургской погоды. Выбирая данный формат, компании получают:</p>

<ul>
  <li><strong>Высокую вовлеченность (eNPS):</strong> До 95% положительных отзывов коллектива.</li>
  <li><strong>Сильный HR-бренд:</strong> Привлечение топовых кадров из IT и коммерческого сектора СПб.</li>
  <li><strong>Финансовую прозрачность:</strong> Четкое понимание структуры сметы без скрытых переплат.</li>
</ul>

<h2>Ключевые этапы и практические рекомендации по шагам</h2>
<p>При подготовке темы <em>загородный шеф-баттл у костра в карельском перешейке</em> в Санкт-Петербурге рекомендуется соблюдать следующий алгоритм:</p>

<ol>
  <li><strong>Анализ площадки и логистики:</strong> Проверка транспортной доступности (метро, Западный Скоростной Диаметр, трансфер), парковки и технической оснащенности.</li>
  <li><strong>Согласование меню и напитков:</strong> Расчет 1200-1500г еды на человека, дегустация блюд и согласование условий по алкоголю.</li>
  <li><strong>Сценарий и шоу-программа:</strong> Наполнение интерактивами, подбор профессионального ведущего и кавер-группы.</li>
  <li><strong>Техническое обеспечение:</strong> Аренда качественного звука (не менее 3 кВт), света, экранов и дежурство техников.</li>
</ol>

<h2>Примерная структура сметы для СПб (из расчета на 50 человек)</h2>
<table border=""1"" cellpadding=""10"" cellspacing=""0"" style=""width:100%; border-collapse:collapse; margin:15px 0;"">
  <thead>
    <tr style=""background-color:#1e293b; color:#ffffff;"">
      <th>Категория расходов</th>
      <th>Средняя стоимость в СПб</th>
      <th>Примечание</th>
    </tr>
  </thead>
  <tbody>
    <tr>
      <td>Аренда площадки / Банкет</td>
      <td>200 000 – 350 000 ₽</td>
      <td>От 4000 ₽/чел + обслуживание</td>
    </tr>
    <tr>
      <td>Ведущий + DJ и оборудование</td>
      <td>80 000 – 150 000 ₽</td>
      <td>5 часов программы, звук и свет</td>
    </tr>
    <tr>
      <td>Шоу-программа / Интерактивы</td>
      <td>50 000 – 120 000 ₽</td>
      <td>Кавер-группа, фотозона или квест</td>
    </tr>
    <tr>
      <td>Фото и видеосъемка</td>
      <td>35 000 – 60 000 ₽</td>
      <td>6 часов работы + Reels/SMM клип</td>
    </tr>
  </tbody>
</table>

<h2>Совет от ивент-продюсеров EventPro СПб</h2>
<blockquote style=""border-left: 4px solid #6366f1; padding-left: 15px; font-style: italic; color: #475569;"">
«Главный фактор успеха корпоратива в Петербурге — закладывать резерв по времени и погоде. Всегда проверяйте наличие отапливаемой закрытой зоны и заказывайте трансфер с запасом 20 минут.»
</blockquote>

<h2>Часто задаваемые вопросы (FAQ)</h2>
<h3>За сколько недель до даты нужно бронировать локацию?</h3>
<p>Для летнего сезона и декабря в СПб оптимальный срок — за 2-4 месяца. В обычные месяцы достаточно 3-4 недель.</p>

<h3>Можно ли привезти свой алкоголь?</h3>
<p>Большинство заведений СПб предоставляют такую возможность с уплатой пробкового сбора (от 300 до 800 руб/чел) либо при достижении минимального чека депозита.</p>

<h2>Бесплатный подбор площадок в Санкт-Петербурге</h2>
<p>Оставьте заявку, и наши специалисты бесплатно подготовят для вас расчет сметы и подборку из 5 лучших площадок под ваш бюджет за 30 минут!</p>",2027-01-14 12:00:00,2027-01-14 12:00:00,published,"Гайд СПб 2027: Приготовление блюд на открытом огне: плов в казане, уха по-фински, стейки и запеченные ягоды.",article-69-загородный-шеф-баттл-у-костра,https://images.tildacdn.com/corporate_event_spb_10.jpg,Летние Корпоративы,"Летние Корпоративы, СПб, 2027, Гайд",Загородный шеф-баттл у костра в Карельском перешейке | Гайд СПб 2027,"Статья: Загородный шеф-баттл у костра в Карельском перешейке. Приготовление блюд на открытом огне: плов в казане, уха по-фински, стейки и запеченные ягоды. Полный разбор смет, чек-листов и лучших мест в Санкт-Петербурге.","кулинарный поединок карельский перешеек, корпоратив спб, организация мероприятий петербург"
Корпоратив на мега-яхте по Неве и Выходу в Балтику,"<p class=""lead""><strong>Корпоратив на мега-яхте по Неве и Выходу в Балтику</strong> — ключевое руководство по организации идеального корпоративного мероприятия в Санкт-Петербурге и Ленинградской области в 2027 году. Премиальный формат: видовая палуба, фуршет с морепродуктами, джаз и встречный морской бриз.</p>

<h2>Почему тема «Корпоратив на мега-яхте по Неве и Выходу в Балтику» актуальна для бизнеса в Санкт-Петербурге</h2>
<p>Организация корпоративного ивента в Северной Столице требует учета географических особенностей, формата площадки и специфики петербургской погоды. Выбирая данный формат, компании получают:</p>

<ul>
  <li><strong>Высокую вовлеченность (eNPS):</strong> До 95% положительных отзывов коллектива.</li>
  <li><strong>Сильный HR-бренд:</strong> Привлечение топовых кадров из IT и коммерческого сектора СПб.</li>
  <li><strong>Финансовую прозрачность:</strong> Четкое понимание структуры сметы без скрытых переплат.</li>
</ul>

<h2>Ключевые этапы и практические рекомендации по шагам</h2>
<p>При подготовке темы <em>корпоратив на мега-яхте по неве и выходу в балтику</em> в Санкт-Петербурге рекомендуется соблюдать следующий алгоритм:</p>

<ol>
  <li><strong>Анализ площадки и логистики:</strong> Проверка транспортной доступности (метро, Западный Скоростной Диаметр, трансфер), парковки и технической оснащенности.</li>
  <li><strong>Согласование меню и напитков:</strong> Расчет 1200-1500г еды на человека, дегустация блюд и согласование условий по алкоголю.</li>
  <li><strong>Сценарий и шоу-программа:</strong> Наполнение интерактивами, подбор профессионального ведущего и кавер-группы.</li>
  <li><strong>Техническое обеспечение:</strong> Аренда качественного звука (не менее 3 кВт), света, экранов и дежурство техников.</li>
</ol>

<h2>Примерная структура сметы для СПб (из расчета на 50 человек)</h2>
<table border=""1"" cellpadding=""10"" cellspacing=""0"" style=""width:100%; border-collapse:collapse; margin:15px 0;"">
  <thead>
    <tr style=""background-color:#1e293b; color:#ffffff;"">
      <th>Категория расходов</th>
      <th>Средняя стоимость в СПб</th>
      <th>Примечание</th>
    </tr>
  </thead>
  <tbody>
    <tr>
      <td>Аренда площадки / Банкет</td>
      <td>200 000 – 350 000 ₽</td>
      <td>От 4000 ₽/чел + обслуживание</td>
    </tr>
    <tr>
      <td>Ведущий + DJ и оборудование</td>
      <td>80 000 – 150 000 ₽</td>
      <td>5 часов программы, звук и свет</td>
    </tr>
    <tr>
      <td>Шоу-программа / Интерактивы</td>
      <td>50 000 – 120 000 ₽</td>
      <td>Кавер-группа, фотозона или квест</td>
    </tr>
    <tr>
      <td>Фото и видеосъемка</td>
      <td>35 000 – 60 000 ₽</td>
      <td>6 часов работы + Reels/SMM клип</td>
    </tr>
  </tbody>
</table>

<h2>Совет от ивент-продюсеров EventPro СПб</h2>
<blockquote style=""border-left: 4px solid #6366f1; padding-left: 15px; font-style: italic; color: #475569;"">
«Главный фактор успеха корпоратива в Петербурге — закладывать резерв по времени и погоде. Всегда проверяйте наличие отапливаемой закрытой зоны и заказывайте трансфер с запасом 20 минут.»
</blockquote>

<h2>Часто задаваемые вопросы (FAQ)</h2>
<h3>За сколько недель до даты нужно бронировать локацию?</h3>
<p>Для летнего сезона и декабря в СПб оптимальный срок — за 2-4 месяца. В обычные месяцы достаточно 3-4 недель.</p>

<h3>Можно ли привезти свой алкоголь?</h3>
<p>Большинство заведений СПб предоставляют такую возможность с уплатой пробкового сбора (от 300 до 800 руб/чел) либо при достижении минимального чека депозита.</p>

<h2>Бесплатный подбор площадок в Санкт-Петербурге</h2>
<p>Оставьте заявку, и наши специалисты бесплатно подготовят для вас расчет сметы и подборку из 5 лучших площадок под ваш бюджет за 30 минут!</p>",2027-01-15 12:00:00,2027-01-15 12:00:00,published,"Гайд СПб 2027: Премиальный формат: видовая палуба, фуршет с морепродуктами, джаз и встречный морской бриз.",article-70-корпоратив-на-мега-яхте-по,https://images.tildacdn.com/corporate_event_spb_1.jpg,Летние Корпоративы,"Летние Корпоративы, СПб, 2027, Гайд",Корпоратив на мега-яхте по Неве и Выходу в Балтику | Гайд СПб 2027,"Статья: Корпоратив на мега-яхте по Неве и Выходу в Балтику. Премиальный формат: видовая палуба, фуршет с морепродуктами, джаз и встречный морской бриз. Полный разбор смет, чек-листов и лучших мест в Санкт-Петербурге.","аренда яхты корпоратив спб, корпоратив спб, организация мероприятий петербург"
Дресс-код для летнего корпоратива у воды: White Party на заливе,"<p class=""lead""><strong>Дресс-код для летнего корпоратива у воды: White Party на заливе</strong> — ключевое руководство по организации идеального корпоративного мероприятия в Санкт-Петербурге и Ленинградской области в 2027 году. Белоснежные стильные луки, светлый декор, сосновый бор и эффектные закатные фотографии.</p>

<h2>Почему тема «Дресс-код для летнего корпоратива у воды: White Party на заливе» актуальна для бизнеса в Санкт-Петербурге</h2>
<p>Организация корпоративного ивента в Северной Столице требует учета географических особенностей, формата площадки и специфики петербургской погоды. Выбирая данный формат, компании получают:</p>

<ul>
  <li><strong>Высокую вовлеченность (eNPS):</strong> До 95% положительных отзывов коллектива.</li>
  <li><strong>Сильный HR-бренд:</strong> Привлечение топовых кадров из IT и коммерческого сектора СПб.</li>
  <li><strong>Финансовую прозрачность:</strong> Четкое понимание структуры сметы без скрытых переплат.</li>
</ul>

<h2>Ключевые этапы и практические рекомендации по шагам</h2>
<p>При подготовке темы <em>дресс-код для летнего корпоратива у воды: white party на заливе</em> в Санкт-Петербурге рекомендуется соблюдать следующий алгоритм:</p>

<ol>
  <li><strong>Анализ площадки и логистики:</strong> Проверка транспортной доступности (метро, Западный Скоростной Диаметр, трансфер), парковки и технической оснащенности.</li>
  <li><strong>Согласование меню и напитков:</strong> Расчет 1200-1500г еды на человека, дегустация блюд и согласование условий по алкоголю.</li>
  <li><strong>Сценарий и шоу-программа:</strong> Наполнение интерактивами, подбор профессионального ведущего и кавер-группы.</li>
  <li><strong>Техническое обеспечение:</strong> Аренда качественного звука (не менее 3 кВт), света, экранов и дежурство техников.</li>
</ol>

<h2>Примерная структура сметы для СПб (из расчета на 50 человек)</h2>
<table border=""1"" cellpadding=""10"" cellspacing=""0"" style=""width:100%; border-collapse:collapse; margin:15px 0;"">
  <thead>
    <tr style=""background-color:#1e293b; color:#ffffff;"">
      <th>Категория расходов</th>
      <th>Средняя стоимость в СПб</th>
      <th>Примечание</th>
    </tr>
  </thead>
  <tbody>
    <tr>
      <td>Аренда площадки / Банкет</td>
      <td>200 000 – 350 000 ₽</td>
      <td>От 4000 ₽/чел + обслуживание</td>
    </tr>
    <tr>
      <td>Ведущий + DJ и оборудование</td>
      <td>80 000 – 150 000 ₽</td>
      <td>5 часов программы, звук и свет</td>
    </tr>
    <tr>
      <td>Шоу-программа / Интерактивы</td>
      <td>50 000 – 120 000 ₽</td>
      <td>Кавер-группа, фотозона или квест</td>
    </tr>
    <tr>
      <td>Фото и видеосъемка</td>
      <td>35 000 – 60 000 ₽</td>
      <td>6 часов работы + Reels/SMM клип</td>
    </tr>
  </tbody>
</table>

<h2>Совет от ивент-продюсеров EventPro СПб</h2>
<blockquote style=""border-left: 4px solid #6366f1; padding-left: 15px; font-style: italic; color: #475569;"">
«Главный фактор успеха корпоратива в Петербурге — закладывать резерв по времени и погоде. Всегда проверяйте наличие отапливаемой закрытой зоны и заказывайте трансфер с запасом 20 минут.»
</blockquote>

<h2>Часто задаваемые вопросы (FAQ)</h2>
<h3>За сколько недель до даты нужно бронировать локацию?</h3>
<p>Для летнего сезона и декабря в СПб оптимальный срок — за 2-4 месяца. В обычные месяцы достаточно 3-4 недель.</p>

<h3>Можно ли привезти свой алкоголь?</h3>
<p>Большинство заведений СПб предоставляют такую возможность с уплатой пробкового сбора (от 300 до 800 руб/чел) либо при достижении минимального чека депозита.</p>

<h2>Бесплатный подбор площадок в Санкт-Петербурге</h2>
<p>Оставьте заявку, и наши специалисты бесплатно подготовят для вас расчет сметы и подборку из 5 лучших площадок под ваш бюджет за 30 минут!</p>",2027-01-16 12:00:00,2027-01-16 12:00:00,published,"Гайд СПб 2027: Белоснежные стильные луки, светлый декор, сосновый бор и эффектные закатные фотографии.",article-71-дресс-код-для-летнего-корпоратива,https://images.tildacdn.com/corporate_event_spb_2.jpg,Летние Корпоративы,"Летние Корпоративы, СПб, 2027, Гайд",Дресс-код для летнего корпоратива у воды: White Party на заливе | Гайд СПб 2027,"Статья: Дресс-код для летнего корпоратива у воды: White Party на заливе. Белоснежные стильные луки, светлый декор, сосновый бор и эффектные закатные фотографии. Полный разбор смет, чек-листов и лучших мест в Санкт-Петербурге.","white party финский залив, корпоратив спб, организация мероприятий петербург"
Защита корпоратива от Петербургской дождливой погоды: Чек-лист,"<p class=""lead""><strong>Защита корпоратива от Петербургской дождливой погоды: Чек-лист</strong> — ключевое руководство по организации идеального корпоративного мероприятия в Санкт-Петербурге и Ленинградской области в 2027 году. Шатровые конструкции, дождевики с логотипом, газовые обогреватели-пирамиды и прорезиненные настилы.</p>

<h2>Почему тема «Защита корпоратива от Петербургской дождливой погоды: Чек-лист» актуальна для бизнеса в Санкт-Петербурге</h2>
<p>Организация корпоративного ивента в Северной Столице требует учета географических особенностей, формата площадки и специфики петербургской погоды. Выбирая данный формат, компании получают:</p>

<ul>
  <li><strong>Высокую вовлеченность (eNPS):</strong> До 95% положительных отзывов коллектива.</li>
  <li><strong>Сильный HR-бренд:</strong> Привлечение топовых кадров из IT и коммерческого сектора СПб.</li>
  <li><strong>Финансовую прозрачность:</strong> Четкое понимание структуры сметы без скрытых переплат.</li>
</ul>

<h2>Ключевые этапы и практические рекомендации по шагам</h2>
<p>При подготовке темы <em>защита корпоратива от петербургской дождливой погоды: чек-лист</em> в Санкт-Петербурге рекомендуется соблюдать следующий алгоритм:</p>

<ol>
  <li><strong>Анализ площадки и логистики:</strong> Проверка транспортной доступности (метро, Западный Скоростной Диаметр, трансфер), парковки и технической оснащенности.</li>
  <li><strong>Согласование меню и напитков:</strong> Расчет 1200-1500г еды на человека, дегустация блюд и согласование условий по алкоголю.</li>
  <li><strong>Сценарий и шоу-программа:</strong> Наполнение интерактивами, подбор профессионального ведущего и кавер-группы.</li>
  <li><strong>Техническое обеспечение:</strong> Аренда качественного звука (не менее 3 кВт), света, экранов и дежурство техников.</li>
</ol>

<h2>Примерная структура сметы для СПб (из расчета на 50 человек)</h2>
<table border=""1"" cellpadding=""10"" cellspacing=""0"" style=""width:100%; border-collapse:collapse; margin:15px 0;"">
  <thead>
    <tr style=""background-color:#1e293b; color:#ffffff;"">
      <th>Категория расходов</th>
      <th>Средняя стоимость в СПб</th>
      <th>Примечание</th>
    </tr>
  </thead>
  <tbody>
    <tr>
      <td>Аренда площадки / Банкет</td>
      <td>200 000 – 350 000 ₽</td>
      <td>От 4000 ₽/чел + обслуживание</td>
    </tr>
    <tr>
      <td>Ведущий + DJ и оборудование</td>
      <td>80 000 – 150 000 ₽</td>
      <td>5 часов программы, звук и свет</td>
    </tr>
    <tr>
      <td>Шоу-программа / Интерактивы</td>
      <td>50 000 – 120 000 ₽</td>
      <td>Кавер-группа, фотозона или квест</td>
    </tr>
    <tr>
      <td>Фото и видеосъемка</td>
      <td>35 000 – 60 000 ₽</td>
      <td>6 часов работы + Reels/SMM клип</td>
    </tr>
  </tbody>
</table>

<h2>Совет от ивент-продюсеров EventPro СПб</h2>
<blockquote style=""border-left: 4px solid #6366f1; padding-left: 15px; font-style: italic; color: #475569;"">
«Главный фактор успеха корпоратива в Петербурге — закладывать резерв по времени и погоде. Всегда проверяйте наличие отапливаемой закрытой зоны и заказывайте трансфер с запасом 20 минут.»
</blockquote>

<h2>Часто задаваемые вопросы (FAQ)</h2>
<h3>За сколько недель до даты нужно бронировать локацию?</h3>
<p>Для летнего сезона и декабря в СПб оптимальный срок — за 2-4 месяца. В обычные месяцы достаточно 3-4 недель.</p>

<h3>Можно ли привезти свой алкоголь?</h3>
<p>Большинство заведений СПб предоставляют такую возможность с уплатой пробкового сбора (от 300 до 800 руб/чел) либо при достижении минимального чека депозита.</p>

<h2>Бесплатный подбор площадок в Санкт-Петербурге</h2>
<p>Оставьте заявку, и наши специалисты бесплатно подготовят для вас расчет сметы и подборку из 5 лучших площадок под ваш бюджет за 30 минут!</p>",2027-01-17 12:00:00,2027-01-17 12:00:00,published,"Гайд СПб 2027: Шатровые конструкции, дождевики с логотипом, газовые обогреватели-пирамиды и прорезиненные настилы.",article-72-защита-корпоратива-от-петербургской,https://images.tildacdn.com/corporate_event_spb_3.jpg,Летние Корпоративы,"Летние Корпоративы, СПб, 2027, Гайд",Защита корпоратива от Петербургской дождливой погоды: Чек-лист | Гайд СПб 2027,"Статья: Защита корпоратива от Петербургской дождливой погоды: Чек-лист. Шатровые конструкции, дождевики с логотипом, газовые обогреватели-пирамиды и прорезиненные настилы. Полный разбор смет, чек-листов и лучших мест в Санкт-Петербурге.","дождь корпоратив спб тенты, корпоратив спб, организация мероприятий петербург"
Выездной коктейль-бар и бармен-шоу на летний ивент в СПб,"<p class=""lead""><strong>Выездной коктейль-бар и бармен-шоу на летний ивент в СПб</strong> — ключевое руководство по организации идеального корпоративного мероприятия в Санкт-Петербурге и Ленинградской области в 2027 году. Мобильная стойка, флейринг, авторские алкогольные и безалкогольные миксы под тему вечера.</p>

<h2>Почему тема «Выездной коктейль-бар и бармен-шоу на летний ивент в СПб» актуальна для бизнеса в Санкт-Петербурге</h2>
<p>Организация корпоративного ивента в Северной Столице требует учета географических особенностей, формата площадки и специфики петербургской погоды. Выбирая данный формат, компании получают:</p>

<ul>
  <li><strong>Высокую вовлеченность (eNPS):</strong> До 95% положительных отзывов коллектива.</li>
  <li><strong>Сильный HR-бренд:</strong> Привлечение топовых кадров из IT и коммерческого сектора СПб.</li>
  <li><strong>Финансовую прозрачность:</strong> Четкое понимание структуры сметы без скрытых переплат.</li>
</ul>

<h2>Ключевые этапы и практические рекомендации по шагам</h2>
<p>При подготовке темы <em>выездной коктейль-бар и бармен-шоу на летний ивент в спб</em> в Санкт-Петербурге рекомендуется соблюдать следующий алгоритм:</p>

<ol>
  <li><strong>Анализ площадки и логистики:</strong> Проверка транспортной доступности (метро, Западный Скоростной Диаметр, трансфер), парковки и технической оснащенности.</li>
  <li><strong>Согласование меню и напитков:</strong> Расчет 1200-1500г еды на человека, дегустация блюд и согласование условий по алкоголю.</li>
  <li><strong>Сценарий и шоу-программа:</strong> Наполнение интерактивами, подбор профессионального ведущего и кавер-группы.</li>
  <li><strong>Техническое обеспечение:</strong> Аренда качественного звука (не менее 3 кВт), света, экранов и дежурство техников.</li>
</ol>

<h2>Примерная структура сметы для СПб (из расчета на 50 человек)</h2>
<table border=""1"" cellpadding=""10"" cellspacing=""0"" style=""width:100%; border-collapse:collapse; margin:15px 0;"">
  <thead>
    <tr style=""background-color:#1e293b; color:#ffffff;"">
      <th>Категория расходов</th>
      <th>Средняя стоимость в СПб</th>
      <th>Примечание</th>
    </tr>
  </thead>
  <tbody>
    <tr>
      <td>Аренда площадки / Банкет</td>
      <td>200 000 – 350 000 ₽</td>
      <td>От 4000 ₽/чел + обслуживание</td>
    </tr>
    <tr>
      <td>Ведущий + DJ и оборудование</td>
      <td>80 000 – 150 000 ₽</td>
      <td>5 часов программы, звук и свет</td>
    </tr>
    <tr>
      <td>Шоу-программа / Интерактивы</td>
      <td>50 000 – 120 000 ₽</td>
      <td>Кавер-группа, фотозона или квест</td>
    </tr>
    <tr>
      <td>Фото и видеосъемка</td>
      <td>35 000 – 60 000 ₽</td>
      <td>6 часов работы + Reels/SMM клип</td>
    </tr>
  </tbody>
</table>

<h2>Совет от ивент-продюсеров EventPro СПб</h2>
<blockquote style=""border-left: 4px solid #6366f1; padding-left: 15px; font-style: italic; color: #475569;"">
«Главный фактор успеха корпоратива в Петербурге — закладывать резерв по времени и погоде. Всегда проверяйте наличие отапливаемой закрытой зоны и заказывайте трансфер с запасом 20 минут.»
</blockquote>

<h2>Часто задаваемые вопросы (FAQ)</h2>
<h3>За сколько недель до даты нужно бронировать локацию?</h3>
<p>Для летнего сезона и декабря в СПб оптимальный срок — за 2-4 месяца. В обычные месяцы достаточно 3-4 недель.</p>

<h3>Можно ли привезти свой алкоголь?</h3>
<p>Большинство заведений СПб предоставляют такую возможность с уплатой пробкового сбора (от 300 до 800 руб/чел) либо при достижении минимального чека депозита.</p>

<h2>Бесплатный подбор площадок в Санкт-Петербурге</h2>
<p>Оставьте заявку, и наши специалисты бесплатно подготовят для вас расчет сметы и подборку из 5 лучших площадок под ваш бюджет за 30 минут!</p>",2027-01-18 12:00:00,2027-01-18 12:00:00,published,"Гайд СПб 2027: Мобильная стойка, флейринг, авторские алкогольные и безалкогольные миксы под тему вечера.",article-73-выездной-коктейль-бар-и-бармен-шоу,https://images.tildacdn.com/corporate_event_spb_4.jpg,Летние Корпоративы,"Летние Корпоративы, СПб, 2027, Гайд",Выездной коктейль-бар и бармен-шоу на летний ивент в СПб | Гайд СПб 2027,"Статья: Выездной коктейль-бар и бармен-шоу на летний ивент в СПб. Мобильная стойка, флейринг, авторские алкогольные и безалкогольные миксы под тему вечера. Полный разбор смет, чек-листов и лучших мест в Санкт-Петербурге.","выездной бар спб корпоратив, корпоратив спб, организация мероприятий петербург"
Станция мороженого и авторских лимонадов на корпоратив в СПб,"<p class=""lead""><strong>Станция мороженого и авторских лимонадов на корпоратив в СПб</strong> — ключевое руководство по организации идеального корпоративного мероприятия в Санкт-Петербурге и Ленинградской области в 2027 году. Крафтовое мороженое в вафельных рожках, крио-мороженое на жидком азоте и лимонады тархун/маракуйя.</p>

<h2>Почему тема «Станция мороженого и авторских лимонадов на корпоратив в СПб» актуальна для бизнеса в Санкт-Петербурге</h2>
<p>Организация корпоративного ивента в Северной Столице требует учета географических особенностей, формата площадки и специфики петербургской погоды. Выбирая данный формат, компании получают:</p>

<ul>
  <li><strong>Высокую вовлеченность (eNPS):</strong> До 95% положительных отзывов коллектива.</li>
  <li><strong>Сильный HR-бренд:</strong> Привлечение топовых кадров из IT и коммерческого сектора СПб.</li>
  <li><strong>Финансовую прозрачность:</strong> Четкое понимание структуры сметы без скрытых переплат.</li>
</ul>

<h2>Ключевые этапы и практические рекомендации по шагам</h2>
<p>При подготовке темы <em>станция мороженого и авторских лимонадов на корпоратив в спб</em> в Санкт-Петербурге рекомендуется соблюдать следующий алгоритм:</p>

<ol>
  <li><strong>Анализ площадки и логистики:</strong> Проверка транспортной доступности (метро, Западный Скоростной Диаметр, трансфер), парковки и технической оснащенности.</li>
  <li><strong>Согласование меню и напитков:</strong> Расчет 1200-1500г еды на человека, дегустация блюд и согласование условий по алкоголю.</li>
  <li><strong>Сценарий и шоу-программа:</strong> Наполнение интерактивами, подбор профессионального ведущего и кавер-группы.</li>
  <li><strong>Техническое обеспечение:</strong> Аренда качественного звука (не менее 3 кВт), света, экранов и дежурство техников.</li>
</ol>

<h2>Примерная структура сметы для СПб (из расчета на 50 человек)</h2>
<table border=""1"" cellpadding=""10"" cellspacing=""0"" style=""width:100%; border-collapse:collapse; margin:15px 0;"">
  <thead>
    <tr style=""background-color:#1e293b; color:#ffffff;"">
      <th>Категория расходов</th>
      <th>Средняя стоимость в СПб</th>
      <th>Примечание</th>
    </tr>
  </thead>
  <tbody>
    <tr>
      <td>Аренда площадки / Банкет</td>
      <td>200 000 – 350 000 ₽</td>
      <td>От 4000 ₽/чел + обслуживание</td>
    </tr>
    <tr>
      <td>Ведущий + DJ и оборудование</td>
      <td>80 000 – 150 000 ₽</td>
      <td>5 часов программы, звук и свет</td>
    </tr>
    <tr>
      <td>Шоу-программа / Интерактивы</td>
      <td>50 000 – 120 000 ₽</td>
      <td>Кавер-группа, фотозона или квест</td>
    </tr>
    <tr>
      <td>Фото и видеосъемка</td>
      <td>35 000 – 60 000 ₽</td>
      <td>6 часов работы + Reels/SMM клип</td>
    </tr>
  </tbody>
</table>

<h2>Совет от ивент-продюсеров EventPro СПб</h2>
<blockquote style=""border-left: 4px solid #6366f1; padding-left: 15px; font-style: italic; color: #475569;"">
«Главный фактор успеха корпоратива в Петербурге — закладывать резерв по времени и погоде. Всегда проверяйте наличие отапливаемой закрытой зоны и заказывайте трансфер с запасом 20 минут.»
</blockquote>

<h2>Часто задаваемые вопросы (FAQ)</h2>
<h3>За сколько недель до даты нужно бронировать локацию?</h3>
<p>Для летнего сезона и декабря в СПб оптимальный срок — за 2-4 месяца. В обычные месяцы достаточно 3-4 недель.</p>

<h3>Можно ли привезти свой алкоголь?</h3>
<p>Большинство заведений СПб предоставляют такую возможность с уплатой пробкового сбора (от 300 до 800 руб/чел) либо при достижении минимального чека депозита.</p>

<h2>Бесплатный подбор площадок в Санкт-Петербурге</h2>
<p>Оставьте заявку, и наши специалисты бесплатно подготовят для вас расчет сметы и подборку из 5 лучших площадок под ваш бюджет за 30 минут!</p>",2027-01-19 12:00:00,2027-01-19 12:00:00,published,"Гайд СПб 2027: Крафтовое мороженое в вафельных рожках, крио-мороженое на жидком азоте и лимонады тархун/маракуйя.",article-74-станция-мороженого-и-авторских,https://images.tildacdn.com/corporate_event_spb_5.jpg,Летние Корпоративы,"Летние Корпоративы, СПб, 2027, Гайд",Станция мороженого и авторских лимонадов на корпоратив в СПб | Гайд СПб 2027,"Статья: Станция мороженого и авторских лимонадов на корпоратив в СПб. Крафтовое мороженое в вафельных рожках, крио-мороженое на жидком азоте и лимонады тархун/маракуйя. Полный разбор смет, чек-листов и лучших мест в Санкт-Петербурге.","лимонадная станция спб, корпоратив спб, организация мероприятий петербург"
Ночной корпоратив под Белые Ночи Петербурга с разводкой мостов,"<p class=""lead""><strong>Ночной корпоратив под Белые Ночи Петербурга с разводкой мостов</strong> — ключевое руководство по организации идеального корпоративного мероприятия в Санкт-Петербурге и Ленинградской области в 2027 году. Самый романтичный формат СПб: полуночный банкет на корабле во время разводки Дворцового и Троицкого мостов.</p>

<h2>Почему тема «Ночной корпоратив под Белые Ночи Петербурга с разводкой мостов» актуальна для бизнеса в Санкт-Петербурге</h2>
<p>Организация корпоративного ивента в Северной Столице требует учета географических особенностей, формата площадки и специфики петербургской погоды. Выбирая данный формат, компании получают:</p>

<ul>
  <li><strong>Высокую вовлеченность (eNPS):</strong> До 95% положительных отзывов коллектива.</li>
  <li><strong>Сильный HR-бренд:</strong> Привлечение топовых кадров из IT и коммерческого сектора СПб.</li>
  <li><strong>Финансовую прозрачность:</strong> Четкое понимание структуры сметы без скрытых переплат.</li>
</ul>

<h2>Ключевые этапы и практические рекомендации по шагам</h2>
<p>При подготовке темы <em>ночной корпоратив под белые ночи петербурга с разводкой мостов</em> в Санкт-Петербурге рекомендуется соблюдать следующий алгоритм:</p>

<ol>
  <li><strong>Анализ площадки и логистики:</strong> Проверка транспортной доступности (метро, Западный Скоростной Диаметр, трансфер), парковки и технической оснащенности.</li>
  <li><strong>Согласование меню и напитков:</strong> Расчет 1200-1500г еды на человека, дегустация блюд и согласование условий по алкоголю.</li>
  <li><strong>Сценарий и шоу-программа:</strong> Наполнение интерактивами, подбор профессионального ведущего и кавер-группы.</li>
  <li><strong>Техническое обеспечение:</strong> Аренда качественного звука (не менее 3 кВт), света, экранов и дежурство техников.</li>
</ol>

<h2>Примерная структура сметы для СПб (из расчета на 50 человек)</h2>
<table border=""1"" cellpadding=""10"" cellspacing=""0"" style=""width:100%; border-collapse:collapse; margin:15px 0;"">
  <thead>
    <tr style=""background-color:#1e293b; color:#ffffff;"">
      <th>Категория расходов</th>
      <th>Средняя стоимость в СПб</th>
      <th>Примечание</th>
    </tr>
  </thead>
  <tbody>
    <tr>
      <td>Аренда площадки / Банкет</td>
      <td>200 000 – 350 000 ₽</td>
      <td>От 4000 ₽/чел + обслуживание</td>
    </tr>
    <tr>
      <td>Ведущий + DJ и оборудование</td>
      <td>80 000 – 150 000 ₽</td>
      <td>5 часов программы, звук и свет</td>
    </tr>
    <tr>
      <td>Шоу-программа / Интерактивы</td>
      <td>50 000 – 120 000 ₽</td>
      <td>Кавер-группа, фотозона или квест</td>
    </tr>
    <tr>
      <td>Фото и видеосъемка</td>
      <td>35 000 – 60 000 ₽</td>
      <td>6 часов работы + Reels/SMM клип</td>
    </tr>
  </tbody>
</table>

<h2>Совет от ивент-продюсеров EventPro СПб</h2>
<blockquote style=""border-left: 4px solid #6366f1; padding-left: 15px; font-style: italic; color: #475569;"">
«Главный фактор успеха корпоратива в Петербурге — закладывать резерв по времени и погоде. Всегда проверяйте наличие отапливаемой закрытой зоны и заказывайте трансфер с запасом 20 минут.»
</blockquote>

<h2>Часто задаваемые вопросы (FAQ)</h2>
<h3>За сколько недель до даты нужно бронировать локацию?</h3>
<p>Для летнего сезона и декабря в СПб оптимальный срок — за 2-4 месяца. В обычные месяцы достаточно 3-4 недель.</p>

<h3>Можно ли привезти свой алкоголь?</h3>
<p>Большинство заведений СПб предоставляют такую возможность с уплатой пробкового сбора (от 300 до 800 руб/чел) либо при достижении минимального чека депозита.</p>

<h2>Бесплатный подбор площадок в Санкт-Петербурге</h2>
<p>Оставьте заявку, и наши специалисты бесплатно подготовят для вас расчет сметы и подборку из 5 лучших площадок под ваш бюджет за 30 минут!</p>",2027-01-20 12:00:00,2027-01-20 12:00:00,published,Гайд СПб 2027: Самый романтичный формат СПб: полуночный банкет на корабле во время разводки Дворцового и Троицкого мостов.,article-75-ночной-корпоратив-под-белые,https://images.tildacdn.com/corporate_event_spb_6.jpg,Летние Корпоративы,"Летние Корпоративы, СПб, 2027, Гайд",Ночной корпоратив под Белые Ночи Петербурга с разводкой мостов | Гайд СПб 2027,"Статья: Ночной корпоратив под Белые Ночи Петербурга с разводкой мостов. Самый романтичный формат СПб: полуночный банкет на корабле во время разводки Дворцового и Троицкого мостов. Полный разбор смет, чек-листов и лучших мест в Санкт-Петербурге.","корпоратив белые ночи развод мостов, корпоратив спб, организация мероприятий петербург"
Новогодний корпоратив 2027 в СПб: когда начинать бронирование,"<p class=""lead""><strong>Новогодний корпоратив 2027 в СПб: когда начинать бронирование</strong> — ключевое руководство по организации идеального корпоративного мероприятия в Санкт-Петербурге и Ленинградской области в 2027 году. Почему в августе уже занято 50% пятниц декабря, и как зафиксировать прошлогоднюю цену.</p>

<h2>Почему тема «Новогодний корпоратив 2027 в СПб: когда начинать бронирование» актуальна для бизнеса в Санкт-Петербурге</h2>
<p>Организация корпоративного ивента в Северной Столице требует учета географических особенностей, формата площадки и специфики петербургской погоды. Выбирая данный формат, компании получают:</p>

<ul>
  <li><strong>Высокую вовлеченность (eNPS):</strong> До 95% положительных отзывов коллектива.</li>
  <li><strong>Сильный HR-бренд:</strong> Привлечение топовых кадров из IT и коммерческого сектора СПб.</li>
  <li><strong>Финансовую прозрачность:</strong> Четкое понимание структуры сметы без скрытых переплат.</li>
</ul>

<h2>Ключевые этапы и практические рекомендации по шагам</h2>
<p>При подготовке темы <em>новогодний корпоратив 2027 в спб: когда начинать бронирование</em> в Санкт-Петербурге рекомендуется соблюдать следующий алгоритм:</p>

<ol>
  <li><strong>Анализ площадки и логистики:</strong> Проверка транспортной доступности (метро, Западный Скоростной Диаметр, трансфер), парковки и технической оснащенности.</li>
  <li><strong>Согласование меню и напитков:</strong> Расчет 1200-1500г еды на человека, дегустация блюд и согласование условий по алкоголю.</li>
  <li><strong>Сценарий и шоу-программа:</strong> Наполнение интерактивами, подбор профессионального ведущего и кавер-группы.</li>
  <li><strong>Техническое обеспечение:</strong> Аренда качественного звука (не менее 3 кВт), света, экранов и дежурство техников.</li>
</ol>

<h2>Примерная структура сметы для СПб (из расчета на 50 человек)</h2>
<table border=""1"" cellpadding=""10"" cellspacing=""0"" style=""width:100%; border-collapse:collapse; margin:15px 0;"">
  <thead>
    <tr style=""background-color:#1e293b; color:#ffffff;"">
      <th>Категория расходов</th>
      <th>Средняя стоимость в СПб</th>
      <th>Примечание</th>
    </tr>
  </thead>
  <tbody>
    <tr>
      <td>Аренда площадки / Банкет</td>
      <td>200 000 – 350 000 ₽</td>
      <td>От 4000 ₽/чел + обслуживание</td>
    </tr>
    <tr>
      <td>Ведущий + DJ и оборудование</td>
      <td>80 000 – 150 000 ₽</td>
      <td>5 часов программы, звук и свет</td>
    </tr>
    <tr>
      <td>Шоу-программа / Интерактивы</td>
      <td>50 000 – 120 000 ₽</td>
      <td>Кавер-группа, фотозона или квест</td>
    </tr>
    <tr>
      <td>Фото и видеосъемка</td>
      <td>35 000 – 60 000 ₽</td>
      <td>6 часов работы + Reels/SMM клип</td>
    </tr>
  </tbody>
</table>

<h2>Совет от ивент-продюсеров EventPro СПб</h2>
<blockquote style=""border-left: 4px solid #6366f1; padding-left: 15px; font-style: italic; color: #475569;"">
«Главный фактор успеха корпоратива в Петербурге — закладывать резерв по времени и погоде. Всегда проверяйте наличие отапливаемой закрытой зоны и заказывайте трансфер с запасом 20 минут.»
</blockquote>

<h2>Часто задаваемые вопросы (FAQ)</h2>
<h3>За сколько недель до даты нужно бронировать локацию?</h3>
<p>Для летнего сезона и декабря в СПб оптимальный срок — за 2-4 месяца. В обычные месяцы достаточно 3-4 недель.</p>

<h3>Можно ли привезти свой алкоголь?</h3>
<p>Большинство заведений СПб предоставляют такую возможность с уплатой пробкового сбора (от 300 до 800 руб/чел) либо при достижении минимального чека депозита.</p>

<h2>Бесплатный подбор площадок в Санкт-Петербурге</h2>
<p>Оставьте заявку, и наши специалисты бесплатно подготовят для вас расчет сметы и подборку из 5 лучших площадок под ваш бюджет за 30 минут!</p>",2027-01-21 12:00:00,2027-01-21 12:00:00,published,"Гайд СПб 2027: Почему в августе уже занято 50% пятниц декабря, и как зафиксировать прошлогоднюю цену.",article-76-новогодний-корпоратив-2027-в,https://images.tildacdn.com/corporate_event_spb_7.jpg,Новогодние Корпоративы,"Новогодние Корпоративы, СПб, 2027, Гайд",Новогодний корпоратив 2027 в СПб: когда начинать бронирование | Гайд СПб 2027,"Статья: Новогодний корпоратив 2027 в СПб: когда начинать бронирование. Почему в августе уже занято 50% пятниц декабря, и как зафиксировать прошлогоднюю цену. Полный разбор смет, чек-листов и лучших мест в Санкт-Петербурге.","новогодний корпоратив 2027 спб бронирование, корпоратив спб, организация мероприятий петербург"
Топ-10 тем для Новогоднего корпоратива в ресторанах Питера,"<p class=""lead""><strong>Топ-10 тем для Новогоднего корпоратива в ресторанах Питера</strong> — ключевое руководство по организации идеального корпоративного мероприятия в Санкт-Петербурге и Ленинградской области в 2027 году. Новый год в стиле 'Маскарад', 'Карнавальная ночь', 'Снежная Королева', 'Casino Royale' и 'Щелкунчик'.</p>

<h2>Почему тема «Топ-10 тем для Новогоднего корпоратива в ресторанах Питера» актуальна для бизнеса в Санкт-Петербурге</h2>
<p>Организация корпоративного ивента в Северной Столице требует учета географических особенностей, формата площадки и специфики петербургской погоды. Выбирая данный формат, компании получают:</p>

<ul>
  <li><strong>Высокую вовлеченность (eNPS):</strong> До 95% положительных отзывов коллектива.</li>
  <li><strong>Сильный HR-бренд:</strong> Привлечение топовых кадров из IT и коммерческого сектора СПб.</li>
  <li><strong>Финансовую прозрачность:</strong> Четкое понимание структуры сметы без скрытых переплат.</li>
</ul>

<h2>Ключевые этапы и практические рекомендации по шагам</h2>
<p>При подготовке темы <em>топ-10 тем для новогоднего корпоратива в ресторанах питера</em> в Санкт-Петербурге рекомендуется соблюдать следующий алгоритм:</p>

<ol>
  <li><strong>Анализ площадки и логистики:</strong> Проверка транспортной доступности (метро, Западный Скоростной Диаметр, трансфер), парковки и технической оснащенности.</li>
  <li><strong>Согласование меню и напитков:</strong> Расчет 1200-1500г еды на человека, дегустация блюд и согласование условий по алкоголю.</li>
  <li><strong>Сценарий и шоу-программа:</strong> Наполнение интерактивами, подбор профессионального ведущего и кавер-группы.</li>
  <li><strong>Техническое обеспечение:</strong> Аренда качественного звука (не менее 3 кВт), света, экранов и дежурство техников.</li>
</ol>

<h2>Примерная структура сметы для СПб (из расчета на 50 человек)</h2>
<table border=""1"" cellpadding=""10"" cellspacing=""0"" style=""width:100%; border-collapse:collapse; margin:15px 0;"">
  <thead>
    <tr style=""background-color:#1e293b; color:#ffffff;"">
      <th>Категория расходов</th>
      <th>Средняя стоимость в СПб</th>
      <th>Примечание</th>
    </tr>
  </thead>
  <tbody>
    <tr>
      <td>Аренда площадки / Банкет</td>
      <td>200 000 – 350 000 ₽</td>
      <td>От 4000 ₽/чел + обслуживание</td>
    </tr>
    <tr>
      <td>Ведущий + DJ и оборудование</td>
      <td>80 000 – 150 000 ₽</td>
      <td>5 часов программы, звук и свет</td>
    </tr>
    <tr>
      <td>Шоу-программа / Интерактивы</td>
      <td>50 000 – 120 000 ₽</td>
      <td>Кавер-группа, фотозона или квест</td>
    </tr>
    <tr>
      <td>Фото и видеосъемка</td>
      <td>35 000 – 60 000 ₽</td>
      <td>6 часов работы + Reels/SMM клип</td>
    </tr>
  </tbody>
</table>

<h2>Совет от ивент-продюсеров EventPro СПб</h2>
<blockquote style=""border-left: 4px solid #6366f1; padding-left: 15px; font-style: italic; color: #475569;"">
«Главный фактор успеха корпоратива в Петербурге — закладывать резерв по времени и погоде. Всегда проверяйте наличие отапливаемой закрытой зоны и заказывайте трансфер с запасом 20 минут.»
</blockquote>

<h2>Часто задаваемые вопросы (FAQ)</h2>
<h3>За сколько недель до даты нужно бронировать локацию?</h3>
<p>Для летнего сезона и декабря в СПб оптимальный срок — за 2-4 месяца. В обычные месяцы достаточно 3-4 недель.</p>

<h3>Можно ли привезти свой алкоголь?</h3>
<p>Большинство заведений СПб предоставляют такую возможность с уплатой пробкового сбора (от 300 до 800 руб/чел) либо при достижении минимального чека депозита.</p>

<h2>Бесплатный подбор площадок в Санкт-Петербурге</h2>
<p>Оставьте заявку, и наши специалисты бесплатно подготовят для вас расчет сметы и подборку из 5 лучших площадок под ваш бюджет за 30 минут!</p>",2027-01-22 12:00:00,2027-01-22 12:00:00,published,"Гайд СПб 2027: Новый год в стиле 'Маскарад', 'Карнавальная ночь', 'Снежная Королева', 'Casino Royale' и 'Щелкунчик'.",article-77-топ-10-тем-для-новогоднего,https://images.tildacdn.com/corporate_event_spb_8.jpg,Новогодние Корпоративы,"Новогодние Корпоративы, СПб, 2027, Гайд",Топ-10 тем для Новогоднего корпоратива в ресторанах Питера | Гайд СПб 2027,"Статья: Топ-10 тем для Новогоднего корпоратива в ресторанах Питера. Новый год в стиле 'Маскарад', 'Карнавальная ночь', 'Снежная Королева', 'Casino Royale' и 'Щелкунчик'. Полный разбор смет, чек-листов и лучших мест в Санкт-Петербурге.","темы новогоднего корпоратива спб, корпоратив спб, организация мероприятий петербург"
Подарки сотрудникам на Новый Год в СПб: Тайный Санта и наборы,"<p class=""lead""><strong>Подарки сотрудникам на Новый Год в СПб: Тайный Санта и наборы</strong> — ключевое руководство по организации идеального корпоративного мероприятия в Санкт-Петербурге и Ленинградской области в 2027 году. Автоматизация Тайного Санты через Telegram-бота, подарочные карты и брендированные корпоративные сеты.</p>

<h2>Почему тема «Подарки сотрудникам на Новый Год в СПб: Тайный Санта и наборы» актуальна для бизнеса в Санкт-Петербурге</h2>
<p>Организация корпоративного ивента в Северной Столице требует учета географических особенностей, формата площадки и специфики петербургской погоды. Выбирая данный формат, компании получают:</p>

<ul>
  <li><strong>Высокую вовлеченность (eNPS):</strong> До 95% положительных отзывов коллектива.</li>
  <li><strong>Сильный HR-бренд:</strong> Привлечение топовых кадров из IT и коммерческого сектора СПб.</li>
  <li><strong>Финансовую прозрачность:</strong> Четкое понимание структуры сметы без скрытых переплат.</li>
</ul>

<h2>Ключевые этапы и практические рекомендации по шагам</h2>
<p>При подготовке темы <em>подарки сотрудникам на новый год в спб: тайный санта и наборы</em> в Санкт-Петербурге рекомендуется соблюдать следующий алгоритм:</p>

<ol>
  <li><strong>Анализ площадки и логистики:</strong> Проверка транспортной доступности (метро, Западный Скоростной Диаметр, трансфер), парковки и технической оснащенности.</li>
  <li><strong>Согласование меню и напитков:</strong> Расчет 1200-1500г еды на человека, дегустация блюд и согласование условий по алкоголю.</li>
  <li><strong>Сценарий и шоу-программа:</strong> Наполнение интерактивами, подбор профессионального ведущего и кавер-группы.</li>
  <li><strong>Техническое обеспечение:</strong> Аренда качественного звука (не менее 3 кВт), света, экранов и дежурство техников.</li>
</ol>

<h2>Примерная структура сметы для СПб (из расчета на 50 человек)</h2>
<table border=""1"" cellpadding=""10"" cellspacing=""0"" style=""width:100%; border-collapse:collapse; margin:15px 0;"">
  <thead>
    <tr style=""background-color:#1e293b; color:#ffffff;"">
      <th>Категория расходов</th>
      <th>Средняя стоимость в СПб</th>
      <th>Примечание</th>
    </tr>
  </thead>
  <tbody>
    <tr>
      <td>Аренда площадки / Банкет</td>
      <td>200 000 – 350 000 ₽</td>
      <td>От 4000 ₽/чел + обслуживание</td>
    </tr>
    <tr>
      <td>Ведущий + DJ и оборудование</td>
      <td>80 000 – 150 000 ₽</td>
      <td>5 часов программы, звук и свет</td>
    </tr>
    <tr>
      <td>Шоу-программа / Интерактивы</td>
      <td>50 000 – 120 000 ₽</td>
      <td>Кавер-группа, фотозона или квест</td>
    </tr>
    <tr>
      <td>Фото и видеосъемка</td>
      <td>35 000 – 60 000 ₽</td>
      <td>6 часов работы + Reels/SMM клип</td>
    </tr>
  </tbody>
</table>

<h2>Совет от ивент-продюсеров EventPro СПб</h2>
<blockquote style=""border-left: 4px solid #6366f1; padding-left: 15px; font-style: italic; color: #475569;"">
«Главный фактор успеха корпоратива в Петербурге — закладывать резерв по времени и погоде. Всегда проверяйте наличие отапливаемой закрытой зоны и заказывайте трансфер с запасом 20 минут.»
</blockquote>

<h2>Часто задаваемые вопросы (FAQ)</h2>
<h3>За сколько недель до даты нужно бронировать локацию?</h3>
<p>Для летнего сезона и декабря в СПб оптимальный срок — за 2-4 месяца. В обычные месяцы достаточно 3-4 недель.</p>

<h3>Можно ли привезти свой алкоголь?</h3>
<p>Большинство заведений СПб предоставляют такую возможность с уплатой пробкового сбора (от 300 до 800 руб/чел) либо при достижении минимального чека депозита.</p>

<h2>Бесплатный подбор площадок в Санкт-Петербурге</h2>
<p>Оставьте заявку, и наши специалисты бесплатно подготовят для вас расчет сметы и подборку из 5 лучших площадок под ваш бюджет за 30 минут!</p>",2027-01-23 12:00:00,2027-01-23 12:00:00,published,"Гайд СПб 2027: Автоматизация Тайного Санты через Telegram-бота, подарочные карты и брендированные корпоративные сеты.",article-78-подарки-сотрудникам-на-новый,https://images.tildacdn.com/corporate_event_spb_9.jpg,Новогодние Корпоративы,"Новогодние Корпоративы, СПб, 2027, Гайд",Подарки сотрудникам на Новый Год в СПб: Тайный Санта и наборы | Гайд СПб 2027,"Статья: Подарки сотрудникам на Новый Год в СПб: Тайный Санта и наборы. Автоматизация Тайного Санты через Telegram-бота, подарочные карты и брендированные корпоративные сеты. Полный разбор смет, чек-листов и лучших мест в Санкт-Петербурге.","подарки сотрудникам новый год спб, корпоратив спб, организация мероприятий петербург"
Новогоднее меню банкетных залов СПб: фуршет и сет-меню,"<p class=""lead""><strong>Новогоднее меню банкетных залов СПб: фуршет и сет-меню</strong> — ключевое руководство по организации идеального корпоративного мероприятия в Санкт-Петербурге и Ленинградской области в 2027 году. Традиционные оливье и утка vs суши-бар, запеченная стерлядь, ростбиф и фондан.</p>

<h2>Почему тема «Новогоднее меню банкетных залов СПб: фуршет и сет-меню» актуальна для бизнеса в Санкт-Петербурге</h2>
<p>Организация корпоративного ивента в Северной Столице требует учета географических особенностей, формата площадки и специфики петербургской погоды. Выбирая данный формат, компании получают:</p>

<ul>
  <li><strong>Высокую вовлеченность (eNPS):</strong> До 95% положительных отзывов коллектива.</li>
  <li><strong>Сильный HR-бренд:</strong> Привлечение топовых кадров из IT и коммерческого сектора СПб.</li>
  <li><strong>Финансовую прозрачность:</strong> Четкое понимание структуры сметы без скрытых переплат.</li>
</ul>

<h2>Ключевые этапы и практические рекомендации по шагам</h2>
<p>При подготовке темы <em>новогоднее меню банкетных залов спб: фуршет и сет-меню</em> в Санкт-Петербурге рекомендуется соблюдать следующий алгоритм:</p>

<ol>
  <li><strong>Анализ площадки и логистики:</strong> Проверка транспортной доступности (метро, Западный Скоростной Диаметр, трансфер), парковки и технической оснащенности.</li>
  <li><strong>Согласование меню и напитков:</strong> Расчет 1200-1500г еды на человека, дегустация блюд и согласование условий по алкоголю.</li>
  <li><strong>Сценарий и шоу-программа:</strong> Наполнение интерактивами, подбор профессионального ведущего и кавер-группы.</li>
  <li><strong>Техническое обеспечение:</strong> Аренда качественного звука (не менее 3 кВт), света, экранов и дежурство техников.</li>
</ol>

<h2>Примерная структура сметы для СПб (из расчета на 50 человек)</h2>
<table border=""1"" cellpadding=""10"" cellspacing=""0"" style=""width:100%; border-collapse:collapse; margin:15px 0;"">
  <thead>
    <tr style=""background-color:#1e293b; color:#ffffff;"">
      <th>Категория расходов</th>
      <th>Средняя стоимость в СПб</th>
      <th>Примечание</th>
    </tr>
  </thead>
  <tbody>
    <tr>
      <td>Аренда площадки / Банкет</td>
      <td>200 000 – 350 000 ₽</td>
      <td>От 4000 ₽/чел + обслуживание</td>
    </tr>
    <tr>
      <td>Ведущий + DJ и оборудование</td>
      <td>80 000 – 150 000 ₽</td>
      <td>5 часов программы, звук и свет</td>
    </tr>
    <tr>
      <td>Шоу-программа / Интерактивы</td>
      <td>50 000 – 120 000 ₽</td>
      <td>Кавер-группа, фотозона или квест</td>
    </tr>
    <tr>
      <td>Фото и видеосъемка</td>
      <td>35 000 – 60 000 ₽</td>
      <td>6 часов работы + Reels/SMM клип</td>
    </tr>
  </tbody>
</table>

<h2>Совет от ивент-продюсеров EventPro СПб</h2>
<blockquote style=""border-left: 4px solid #6366f1; padding-left: 15px; font-style: italic; color: #475569;"">
«Главный фактор успеха корпоратива в Петербурге — закладывать резерв по времени и погоде. Всегда проверяйте наличие отапливаемой закрытой зоны и заказывайте трансфер с запасом 20 минут.»
</blockquote>

<h2>Часто задаваемые вопросы (FAQ)</h2>
<h3>За сколько недель до даты нужно бронировать локацию?</h3>
<p>Для летнего сезона и декабря в СПб оптимальный срок — за 2-4 месяца. В обычные месяцы достаточно 3-4 недель.</p>

<h3>Можно ли привезти свой алкоголь?</h3>
<p>Большинство заведений СПб предоставляют такую возможность с уплатой пробкового сбора (от 300 до 800 руб/чел) либо при достижении минимального чека депозита.</p>

<h2>Бесплатный подбор площадок в Санкт-Петербурге</h2>
<p>Оставьте заявку, и наши специалисты бесплатно подготовят для вас расчет сметы и подборку из 5 лучших площадок под ваш бюджет за 30 минут!</p>",2027-01-24 12:00:00,2027-01-24 12:00:00,published,"Гайд СПб 2027: Традиционные оливье и утка vs суши-бар, запеченная стерлядь, ростбиф и фондан.",article-79-новогоднее-меню-банкетных-залов,https://images.tildacdn.com/corporate_event_spb_10.jpg,Новогодние Корпоративы,"Новогодние Корпоративы, СПб, 2027, Гайд",Новогоднее меню банкетных залов СПб: фуршет и сет-меню | Гайд СПб 2027,"Статья: Новогоднее меню банкетных залов СПб: фуршет и сет-меню. Традиционные оливье и утка vs суши-бар, запеченная стерлядь, ростбиф и фондан. Полный разбор смет, чек-листов и лучших мест в Санкт-Петербурге.","новогоднее меню банкет спб, корпоратив спб, организация мероприятий петербург"
Дед Мороз и Снегурочка на взрослый корпоратив в Петербурге,"<p class=""lead""><strong>Дед Мороз и Снегурочка на взрослый корпоратив в Петербурге</strong> — ключевое руководство по организации идеального корпоративного мероприятия в Санкт-Петербурге и Ленинградской области в 2027 году. Современный юморной Дед Мороз без детских стишков: интерактивный блок на 20 минут перед дискотекой.</p>

<h2>Почему тема «Дед Мороз и Снегурочка на взрослый корпоратив в Петербурге» актуальна для бизнеса в Санкт-Петербурге</h2>
<p>Организация корпоративного ивента в Северной Столице требует учета географических особенностей, формата площадки и специфики петербургской погоды. Выбирая данный формат, компании получают:</p>

<ul>
  <li><strong>Высокую вовлеченность (eNPS):</strong> До 95% положительных отзывов коллектива.</li>
  <li><strong>Сильный HR-бренд:</strong> Привлечение топовых кадров из IT и коммерческого сектора СПб.</li>
  <li><strong>Финансовую прозрачность:</strong> Четкое понимание структуры сметы без скрытых переплат.</li>
</ul>

<h2>Ключевые этапы и практические рекомендации по шагам</h2>
<p>При подготовке темы <em>дед мороз и снегурочка на взрослый корпоратив в петербурге</em> в Санкт-Петербурге рекомендуется соблюдать следующий алгоритм:</p>

<ol>
  <li><strong>Анализ площадки и логистики:</strong> Проверка транспортной доступности (метро, Западный Скоростной Диаметр, трансфер), парковки и технической оснащенности.</li>
  <li><strong>Согласование меню и напитков:</strong> Расчет 1200-1500г еды на человека, дегустация блюд и согласование условий по алкоголю.</li>
  <li><strong>Сценарий и шоу-программа:</strong> Наполнение интерактивами, подбор профессионального ведущего и кавер-группы.</li>
  <li><strong>Техническое обеспечение:</strong> Аренда качественного звука (не менее 3 кВт), света, экранов и дежурство техников.</li>
</ol>

<h2>Примерная структура сметы для СПб (из расчета на 50 человек)</h2>
<table border=""1"" cellpadding=""10"" cellspacing=""0"" style=""width:100%; border-collapse:collapse; margin:15px 0;"">
  <thead>
    <tr style=""background-color:#1e293b; color:#ffffff;"">
      <th>Категория расходов</th>
      <th>Средняя стоимость в СПб</th>
      <th>Примечание</th>
    </tr>
  </thead>
  <tbody>
    <tr>
      <td>Аренда площадки / Банкет</td>
      <td>200 000 – 350 000 ₽</td>
      <td>От 4000 ₽/чел + обслуживание</td>
    </tr>
    <tr>
      <td>Ведущий + DJ и оборудование</td>
      <td>80 000 – 150 000 ₽</td>
      <td>5 часов программы, звук и свет</td>
    </tr>
    <tr>
      <td>Шоу-программа / Интерактивы</td>
      <td>50 000 – 120 000 ₽</td>
      <td>Кавер-группа, фотозона или квест</td>
    </tr>
    <tr>
      <td>Фото и видеосъемка</td>
      <td>35 000 – 60 000 ₽</td>
      <td>6 часов работы + Reels/SMM клип</td>
    </tr>
  </tbody>
</table>

<h2>Совет от ивент-продюсеров EventPro СПб</h2>
<blockquote style=""border-left: 4px solid #6366f1; padding-left: 15px; font-style: italic; color: #475569;"">
«Главный фактор успеха корпоратива в Петербурге — закладывать резерв по времени и погоде. Всегда проверяйте наличие отапливаемой закрытой зоны и заказывайте трансфер с запасом 20 минут.»
</blockquote>

<h2>Часто задаваемые вопросы (FAQ)</h2>
<h3>За сколько недель до даты нужно бронировать локацию?</h3>
<p>Для летнего сезона и декабря в СПб оптимальный срок — за 2-4 месяца. В обычные месяцы достаточно 3-4 недель.</p>

<h3>Можно ли привезти свой алкоголь?</h3>
<p>Большинство заведений СПб предоставляют такую возможность с уплатой пробкового сбора (от 300 до 800 руб/чел) либо при достижении минимального чека депозита.</p>

<h2>Бесплатный подбор площадок в Санкт-Петербурге</h2>
<p>Оставьте заявку, и наши специалисты бесплатно подготовят для вас расчет сметы и подборку из 5 лучших площадок под ваш бюджет за 30 минут!</p>",2027-01-25 12:00:00,2027-01-25 12:00:00,published,Гайд СПб 2027: Современный юморной Дед Мороз без детских стишков: интерактивный блок на 20 минут перед дискотекой.,article-80-дед-мороз-и-снегурочка,https://images.tildacdn.com/corporate_event_spb_1.jpg,Новогодние Корпоративы,"Новогодние Корпоративы, СПб, 2027, Гайд",Дед Мороз и Снегурочка на взрослый корпоратив в Петербурге | Гайд СПб 2027,"Статья: Дед Мороз и Снегурочка на взрослый корпоратив в Петербурге. Современный юморной Дед Мороз без детских стишков: интерактивный блок на 20 минут перед дискотекой. Полный разбор смет, чек-листов и лучших мест в Санкт-Петербурге.","дед мороз ведущий корпоратив спб, корпоратив спб, организация мероприятий петербург"
Зимний загородный корпоратив в карельском стиле с коттеджами и баней,"<p class=""lead""><strong>Зимний загородный корпоратив в карельском стиле с коттеджами и баней</strong> — ключевое руководство по организации идеального корпоративного мероприятия в Санкт-Петербурге и Ленинградской области в 2027 году. Катание на хаски, снегоходы, русская баня с прорубью, чан на дровах и ужин в чуме.</p>

<h2>Почему тема «Зимний загородный корпоратив в карельском стиле с коттеджами и баней» актуальна для бизнеса в Санкт-Петербурге</h2>
<p>Организация корпоративного ивента в Северной Столице требует учета географических особенностей, формата площадки и специфики петербургской погоды. Выбирая данный формат, компании получают:</p>

<ul>
  <li><strong>Высокую вовлеченность (eNPS):</strong> До 95% положительных отзывов коллектива.</li>
  <li><strong>Сильный HR-бренд:</strong> Привлечение топовых кадров из IT и коммерческого сектора СПб.</li>
  <li><strong>Финансовую прозрачность:</strong> Четкое понимание структуры сметы без скрытых переплат.</li>
</ul>

<h2>Ключевые этапы и практические рекомендации по шагам</h2>
<p>При подготовке темы <em>зимний загородный корпоратив в карельском стиле с коттеджами и баней</em> в Санкт-Петербурге рекомендуется соблюдать следующий алгоритм:</p>

<ol>
  <li><strong>Анализ площадки и логистики:</strong> Проверка транспортной доступности (метро, Западный Скоростной Диаметр, трансфер), парковки и технической оснащенности.</li>
  <li><strong>Согласование меню и напитков:</strong> Расчет 1200-1500г еды на человека, дегустация блюд и согласование условий по алкоголю.</li>
  <li><strong>Сценарий и шоу-программа:</strong> Наполнение интерактивами, подбор профессионального ведущего и кавер-группы.</li>
  <li><strong>Техническое обеспечение:</strong> Аренда качественного звука (не менее 3 кВт), света, экранов и дежурство техников.</li>
</ol>

<h2>Примерная структура сметы для СПб (из расчета на 50 человек)</h2>
<table border=""1"" cellpadding=""10"" cellspacing=""0"" style=""width:100%; border-collapse:collapse; margin:15px 0;"">
  <thead>
    <tr style=""background-color:#1e293b; color:#ffffff;"">
      <th>Категория расходов</th>
      <th>Средняя стоимость в СПб</th>
      <th>Примечание</th>
    </tr>
  </thead>
  <tbody>
    <tr>
      <td>Аренда площадки / Банкет</td>
      <td>200 000 – 350 000 ₽</td>
      <td>От 4000 ₽/чел + обслуживание</td>
    </tr>
    <tr>
      <td>Ведущий + DJ и оборудование</td>
      <td>80 000 – 150 000 ₽</td>
      <td>5 часов программы, звук и свет</td>
    </tr>
    <tr>
      <td>Шоу-программа / Интерактивы</td>
      <td>50 000 – 120 000 ₽</td>
      <td>Кавер-группа, фотозона или квест</td>
    </tr>
    <tr>
      <td>Фото и видеосъемка</td>
      <td>35 000 – 60 000 ₽</td>
      <td>6 часов работы + Reels/SMM клип</td>
    </tr>
  </tbody>
</table>

<h2>Совет от ивент-продюсеров EventPro СПб</h2>
<blockquote style=""border-left: 4px solid #6366f1; padding-left: 15px; font-style: italic; color: #475569;"">
«Главный фактор успеха корпоратива в Петербурге — закладывать резерв по времени и погоде. Всегда проверяйте наличие отапливаемой закрытой зоны и заказывайте трансфер с запасом 20 минут.»
</blockquote>

<h2>Часто задаваемые вопросы (FAQ)</h2>
<h3>За сколько недель до даты нужно бронировать локацию?</h3>
<p>Для летнего сезона и декабря в СПб оптимальный срок — за 2-4 месяца. В обычные месяцы достаточно 3-4 недель.</p>

<h3>Можно ли привезти свой алкоголь?</h3>
<p>Большинство заведений СПб предоставляют такую возможность с уплатой пробкового сбора (от 300 до 800 руб/чел) либо при достижении минимального чека депозита.</p>

<h2>Бесплатный подбор площадок в Санкт-Петербурге</h2>
<p>Оставьте заявку, и наши специалисты бесплатно подготовят для вас расчет сметы и подборку из 5 лучших площадок под ваш бюджет за 30 минут!</p>",2027-01-26 12:00:00,2027-01-26 12:00:00,published,"Гайд СПб 2027: Катание на хаски, снегоходы, русская баня с прорубью, чан на дровах и ужин в чуме.",article-81-зимний-загородный-корпоратив-в,https://images.tildacdn.com/corporate_event_spb_2.jpg,Новогодние Корпоративы,"Новогодние Корпоративы, СПб, 2027, Гайд",Зимний загородный корпоратив в карельском стиле с коттеджами и баней | Гайд СПб 2027,"Статья: Зимний загородный корпоратив в карельском стиле с коттеджами и баней. Катание на хаски, снегоходы, русская баня с прорубью, чан на дровах и ужин в чуме. Полный разбор смет, чек-листов и лучших мест в Санкт-Петербурге.","зимний корпоратив карелия ленобласть, корпоратив спб, организация мероприятий петербург"
Онлайн новогодний корпоратив для распределенных IT-команд СПб,"<p class=""lead""><strong>Онлайн новогодний корпоратив для распределенных IT-команд СПб</strong> — ключевое руководство по организации идеального корпоративного мероприятия в Санкт-Петербурге и Ленинградской области в 2027 году. Доставка подарочных коробок с едой каждому сотруднику на дом, трансляция из студии и интерактивные игры.</p>

<h2>Почему тема «Онлайн новогодний корпоратив для распределенных IT-команд СПб» актуальна для бизнеса в Санкт-Петербурге</h2>
<p>Организация корпоративного ивента в Северной Столице требует учета географических особенностей, формата площадки и специфики петербургской погоды. Выбирая данный формат, компании получают:</p>

<ul>
  <li><strong>Высокую вовлеченность (eNPS):</strong> До 95% положительных отзывов коллектива.</li>
  <li><strong>Сильный HR-бренд:</strong> Привлечение топовых кадров из IT и коммерческого сектора СПб.</li>
  <li><strong>Финансовую прозрачность:</strong> Четкое понимание структуры сметы без скрытых переплат.</li>
</ul>

<h2>Ключевые этапы и практические рекомендации по шагам</h2>
<p>При подготовке темы <em>онлайн новогодний корпоратив для распределенных it-команд спб</em> в Санкт-Петербурге рекомендуется соблюдать следующий алгоритм:</p>

<ol>
  <li><strong>Анализ площадки и логистики:</strong> Проверка транспортной доступности (метро, Западный Скоростной Диаметр, трансфер), парковки и технической оснащенности.</li>
  <li><strong>Согласование меню и напитков:</strong> Расчет 1200-1500г еды на человека, дегустация блюд и согласование условий по алкоголю.</li>
  <li><strong>Сценарий и шоу-программа:</strong> Наполнение интерактивами, подбор профессионального ведущего и кавер-группы.</li>
  <li><strong>Техническое обеспечение:</strong> Аренда качественного звука (не менее 3 кВт), света, экранов и дежурство техников.</li>
</ol>

<h2>Примерная структура сметы для СПб (из расчета на 50 человек)</h2>
<table border=""1"" cellpadding=""10"" cellspacing=""0"" style=""width:100%; border-collapse:collapse; margin:15px 0;"">
  <thead>
    <tr style=""background-color:#1e293b; color:#ffffff;"">
      <th>Категория расходов</th>
      <th>Средняя стоимость в СПб</th>
      <th>Примечание</th>
    </tr>
  </thead>
  <tbody>
    <tr>
      <td>Аренда площадки / Банкет</td>
      <td>200 000 – 350 000 ₽</td>
      <td>От 4000 ₽/чел + обслуживание</td>
    </tr>
    <tr>
      <td>Ведущий + DJ и оборудование</td>
      <td>80 000 – 150 000 ₽</td>
      <td>5 часов программы, звук и свет</td>
    </tr>
    <tr>
      <td>Шоу-программа / Интерактивы</td>
      <td>50 000 – 120 000 ₽</td>
      <td>Кавер-группа, фотозона или квест</td>
    </tr>
    <tr>
      <td>Фото и видеосъемка</td>
      <td>35 000 – 60 000 ₽</td>
      <td>6 часов работы + Reels/SMM клип</td>
    </tr>
  </tbody>
</table>

<h2>Совет от ивент-продюсеров EventPro СПб</h2>
<blockquote style=""border-left: 4px solid #6366f1; padding-left: 15px; font-style: italic; color: #475569;"">
«Главный фактор успеха корпоратива в Петербурге — закладывать резерв по времени и погоде. Всегда проверяйте наличие отапливаемой закрытой зоны и заказывайте трансфер с запасом 20 минут.»
</blockquote>

<h2>Часто задаваемые вопросы (FAQ)</h2>
<h3>За сколько недель до даты нужно бронировать локацию?</h3>
<p>Для летнего сезона и декабря в СПб оптимальный срок — за 2-4 месяца. В обычные месяцы достаточно 3-4 недель.</p>

<h3>Можно ли привезти свой алкоголь?</h3>
<p>Большинство заведений СПб предоставляют такую возможность с уплатой пробкового сбора (от 300 до 800 руб/чел) либо при достижении минимального чека депозита.</p>

<h2>Бесплатный подбор площадок в Санкт-Петербурге</h2>
<p>Оставьте заявку, и наши специалисты бесплатно подготовят для вас расчет сметы и подборку из 5 лучших площадок под ваш бюджет за 30 минут!</p>",2027-01-27 12:00:00,2027-01-27 12:00:00,published,"Гайд СПб 2027: Доставка подарочных коробок с едой каждому сотруднику на дом, трансляция из студии и интерактивные игры.",article-82-онлайн-новогодний-корпоратив-для,https://images.tildacdn.com/corporate_event_spb_3.jpg,Новогодние Корпоративы,"Новогодние Корпоративы, СПб, 2027, Гайд",Онлайн новогодний корпоратив для распределенных IT-команд СПб | Гайд СПб 2027,"Статья: Онлайн новогодний корпоратив для распределенных IT-команд СПб. Доставка подарочных коробок с едой каждому сотруднику на дом, трансляция из студии и интерактивные игры. Полный разбор смет, чек-листов и лучших мест в Санкт-Петербурге.","онлайн новогодний корпоратив спб, корпоратив спб, организация мероприятий петербург"
Благотворительный новогодний аукцион и лотерея для компании,"<p class=""lead""><strong>Благотворительный новогодний аукцион и лотерея для компании</strong> — ключевое руководство по организации идеального корпоративного мероприятия в Санкт-Петербурге и Ленинградской области в 2027 году. Продажа лотов, сделанных руками сотрудников или топ-менеджеров, передача средств в детские фонды СПб.</p>

<h2>Почему тема «Благотворительный новогодний аукцион и лотерея для компании» актуальна для бизнеса в Санкт-Петербурге</h2>
<p>Организация корпоративного ивента в Северной Столице требует учета географических особенностей, формата площадки и специфики петербургской погоды. Выбирая данный формат, компании получают:</p>

<ul>
  <li><strong>Высокую вовлеченность (eNPS):</strong> До 95% положительных отзывов коллектива.</li>
  <li><strong>Сильный HR-бренд:</strong> Привлечение топовых кадров из IT и коммерческого сектора СПб.</li>
  <li><strong>Финансовую прозрачность:</strong> Четкое понимание структуры сметы без скрытых переплат.</li>
</ul>

<h2>Ключевые этапы и практические рекомендации по шагам</h2>
<p>При подготовке темы <em>благотворительный новогодний аукцион и лотерея для компании</em> в Санкт-Петербурге рекомендуется соблюдать следующий алгоритм:</p>

<ol>
  <li><strong>Анализ площадки и логистики:</strong> Проверка транспортной доступности (метро, Западный Скоростной Диаметр, трансфер), парковки и технической оснащенности.</li>
  <li><strong>Согласование меню и напитков:</strong> Расчет 1200-1500г еды на человека, дегустация блюд и согласование условий по алкоголю.</li>
  <li><strong>Сценарий и шоу-программа:</strong> Наполнение интерактивами, подбор профессионального ведущего и кавер-группы.</li>
  <li><strong>Техническое обеспечение:</strong> Аренда качественного звука (не менее 3 кВт), света, экранов и дежурство техников.</li>
</ol>

<h2>Примерная структура сметы для СПб (из расчета на 50 человек)</h2>
<table border=""1"" cellpadding=""10"" cellspacing=""0"" style=""width:100%; border-collapse:collapse; margin:15px 0;"">
  <thead>
    <tr style=""background-color:#1e293b; color:#ffffff;"">
      <th>Категория расходов</th>
      <th>Средняя стоимость в СПб</th>
      <th>Примечание</th>
    </tr>
  </thead>
  <tbody>
    <tr>
      <td>Аренда площадки / Банкет</td>
      <td>200 000 – 350 000 ₽</td>
      <td>От 4000 ₽/чел + обслуживание</td>
    </tr>
    <tr>
      <td>Ведущий + DJ и оборудование</td>
      <td>80 000 – 150 000 ₽</td>
      <td>5 часов программы, звук и свет</td>
    </tr>
    <tr>
      <td>Шоу-программа / Интерактивы</td>
      <td>50 000 – 120 000 ₽</td>
      <td>Кавер-группа, фотозона или квест</td>
    </tr>
    <tr>
      <td>Фото и видеосъемка</td>
      <td>35 000 – 60 000 ₽</td>
      <td>6 часов работы + Reels/SMM клип</td>
    </tr>
  </tbody>
</table>

<h2>Совет от ивент-продюсеров EventPro СПб</h2>
<blockquote style=""border-left: 4px solid #6366f1; padding-left: 15px; font-style: italic; color: #475569;"">
«Главный фактор успеха корпоратива в Петербурге — закладывать резерв по времени и погоде. Всегда проверяйте наличие отапливаемой закрытой зоны и заказывайте трансфер с запасом 20 минут.»
</blockquote>

<h2>Часто задаваемые вопросы (FAQ)</h2>
<h3>За сколько недель до даты нужно бронировать локацию?</h3>
<p>Для летнего сезона и декабря в СПб оптимальный срок — за 2-4 месяца. В обычные месяцы достаточно 3-4 недель.</p>

<h3>Можно ли привезти свой алкоголь?</h3>
<p>Большинство заведений СПб предоставляют такую возможность с уплатой пробкового сбора (от 300 до 800 руб/чел) либо при достижении минимального чека депозита.</p>

<h2>Бесплатный подбор площадок в Санкт-Петербурге</h2>
<p>Оставьте заявку, и наши специалисты бесплатно подготовят для вас расчет сметы и подборку из 5 лучших площадок под ваш бюджет за 30 минут!</p>",2027-01-28 12:00:00,2027-01-28 12:00:00,published,"Гайд СПб 2027: Продажа лотов, сделанных руками сотрудников или топ-менеджеров, передача средств в детские фонды СПб.",article-83-благотворительный-новогодний-аукцион-и,https://images.tildacdn.com/corporate_event_spb_4.jpg,Новогодние Корпоративы,"Новогодние Корпоративы, СПб, 2027, Гайд",Благотворительный новогодний аукцион и лотерея для компании | Гайд СПб 2027,"Статья: Благотворительный новогодний аукцион и лотерея для компании. Продажа лотов, сделанных руками сотрудников или топ-менеджеров, передача средств в детские фонды СПб. Полный разбор смет, чек-листов и лучших мест в Санкт-Петербурге.","лотерея аукцион подарков спб, корпоратив спб, организация мероприятий петербург"
Фаер-шоу и салют на Новый Год компании: согласования в СПб,"<p class=""lead""><strong>Фаер-шоу и салют на Новый Год компании: согласования в СПб</strong> — ключевое руководство по организации идеального корпоративного мероприятия в Санкт-Петербурге и Ленинградской области в 2027 году. Правила запуска пиротехники в СПб: разрешенные площадки, согласование с МЧС и безопасное огненное шоу.</p>

<h2>Почему тема «Фаер-шоу и салют на Новый Год компании: согласования в СПб» актуальна для бизнеса в Санкт-Петербурге</h2>
<p>Организация корпоративного ивента в Северной Столице требует учета географических особенностей, формата площадки и специфики петербургской погоды. Выбирая данный формат, компании получают:</p>

<ul>
  <li><strong>Высокую вовлеченность (eNPS):</strong> До 95% положительных отзывов коллектива.</li>
  <li><strong>Сильный HR-бренд:</strong> Привлечение топовых кадров из IT и коммерческого сектора СПб.</li>
  <li><strong>Финансовую прозрачность:</strong> Четкое понимание структуры сметы без скрытых переплат.</li>
</ul>

<h2>Ключевые этапы и практические рекомендации по шагам</h2>
<p>При подготовке темы <em>фаер-шоу и салют на новый год компании: согласования в спб</em> в Санкт-Петербурге рекомендуется соблюдать следующий алгоритм:</p>

<ol>
  <li><strong>Анализ площадки и логистики:</strong> Проверка транспортной доступности (метро, Западный Скоростной Диаметр, трансфер), парковки и технической оснащенности.</li>
  <li><strong>Согласование меню и напитков:</strong> Расчет 1200-1500г еды на человека, дегустация блюд и согласование условий по алкоголю.</li>
  <li><strong>Сценарий и шоу-программа:</strong> Наполнение интерактивами, подбор профессионального ведущего и кавер-группы.</li>
  <li><strong>Техническое обеспечение:</strong> Аренда качественного звука (не менее 3 кВт), света, экранов и дежурство техников.</li>
</ol>

<h2>Примерная структура сметы для СПб (из расчета на 50 человек)</h2>
<table border=""1"" cellpadding=""10"" cellspacing=""0"" style=""width:100%; border-collapse:collapse; margin:15px 0;"">
  <thead>
    <tr style=""background-color:#1e293b; color:#ffffff;"">
      <th>Категория расходов</th>
      <th>Средняя стоимость в СПб</th>
      <th>Примечание</th>
    </tr>
  </thead>
  <tbody>
    <tr>
      <td>Аренда площадки / Банкет</td>
      <td>200 000 – 350 000 ₽</td>
      <td>От 4000 ₽/чел + обслуживание</td>
    </tr>
    <tr>
      <td>Ведущий + DJ и оборудование</td>
      <td>80 000 – 150 000 ₽</td>
      <td>5 часов программы, звук и свет</td>
    </tr>
    <tr>
      <td>Шоу-программа / Интерактивы</td>
      <td>50 000 – 120 000 ₽</td>
      <td>Кавер-группа, фотозона или квест</td>
    </tr>
    <tr>
      <td>Фото и видеосъемка</td>
      <td>35 000 – 60 000 ₽</td>
      <td>6 часов работы + Reels/SMM клип</td>
    </tr>
  </tbody>
</table>

<h2>Совет от ивент-продюсеров EventPro СПб</h2>
<blockquote style=""border-left: 4px solid #6366f1; padding-left: 15px; font-style: italic; color: #475569;"">
«Главный фактор успеха корпоратива в Петербурге — закладывать резерв по времени и погоде. Всегда проверяйте наличие отапливаемой закрытой зоны и заказывайте трансфер с запасом 20 минут.»
</blockquote>

<h2>Часто задаваемые вопросы (FAQ)</h2>
<h3>За сколько недель до даты нужно бронировать локацию?</h3>
<p>Для летнего сезона и декабря в СПб оптимальный срок — за 2-4 месяца. В обычные месяцы достаточно 3-4 недель.</p>

<h3>Можно ли привезти свой алкоголь?</h3>
<p>Большинство заведений СПб предоставляют такую возможность с уплатой пробкового сбора (от 300 до 800 руб/чел) либо при достижении минимального чека депозита.</p>

<h2>Бесплатный подбор площадок в Санкт-Петербурге</h2>
<p>Оставьте заявку, и наши специалисты бесплатно подготовят для вас расчет сметы и подборку из 5 лучших площадок под ваш бюджет за 30 минут!</p>",2027-01-01 12:00:00,2027-01-01 12:00:00,published,"Гайд СПб 2027: Правила запуска пиротехники в СПб: разрешенные площадки, согласование с МЧС и безопасное огненное шоу.",article-84-фаер-шоу-и-салют-на,https://images.tildacdn.com/corporate_event_spb_5.jpg,Новогодние Корпоративы,"Новогодние Корпоративы, СПб, 2027, Гайд",Фаер-шоу и салют на Новый Год компании: согласования в СПб | Гайд СПб 2027,"Статья: Фаер-шоу и салют на Новый Год компании: согласования в СПб. Правила запуска пиротехники в СПб: разрешенные площадки, согласование с МЧС и безопасное огненное шоу. Полный разбор смет, чек-листов и лучших мест в Санкт-Петербурге.","фаер шоу салют корпоратив спб, корпоратив спб, организация мероприятий петербург"
Новогодняя фотозона в стиле Зимнего Дворца и пайеток,"<p class=""lead""><strong>Новогодняя фотозона в стиле Зимнего Дворца и пайеток</strong> — ключевое руководство по организации идеального корпоративного мероприятия в Санкт-Петербурге и Ленинградской области в 2027 году. Зеркальные пайетки, подсветка, искусственный снег, хрустальные люстры и объёмные логотипы.</p>

<h2>Почему тема «Новогодняя фотозона в стиле Зимнего Дворца и пайеток» актуальна для бизнеса в Санкт-Петербурге</h2>
<p>Организация корпоративного ивента в Северной Столице требует учета географических особенностей, формата площадки и специфики петербургской погоды. Выбирая данный формат, компании получают:</p>

<ul>
  <li><strong>Высокую вовлеченность (eNPS):</strong> До 95% положительных отзывов коллектива.</li>
  <li><strong>Сильный HR-бренд:</strong> Привлечение топовых кадров из IT и коммерческого сектора СПб.</li>
  <li><strong>Финансовую прозрачность:</strong> Четкое понимание структуры сметы без скрытых переплат.</li>
</ul>

<h2>Ключевые этапы и практические рекомендации по шагам</h2>
<p>При подготовке темы <em>новогодняя фотозона в стиле зимнего дворца и пайеток</em> в Санкт-Петербурге рекомендуется соблюдать следующий алгоритм:</p>

<ol>
  <li><strong>Анализ площадки и логистики:</strong> Проверка транспортной доступности (метро, Западный Скоростной Диаметр, трансфер), парковки и технической оснащенности.</li>
  <li><strong>Согласование меню и напитков:</strong> Расчет 1200-1500г еды на человека, дегустация блюд и согласование условий по алкоголю.</li>
  <li><strong>Сценарий и шоу-программа:</strong> Наполнение интерактивами, подбор профессионального ведущего и кавер-группы.</li>
  <li><strong>Техническое обеспечение:</strong> Аренда качественного звука (не менее 3 кВт), света, экранов и дежурство техников.</li>
</ol>

<h2>Примерная структура сметы для СПб (из расчета на 50 человек)</h2>
<table border=""1"" cellpadding=""10"" cellspacing=""0"" style=""width:100%; border-collapse:collapse; margin:15px 0;"">
  <thead>
    <tr style=""background-color:#1e293b; color:#ffffff;"">
      <th>Категория расходов</th>
      <th>Средняя стоимость в СПб</th>
      <th>Примечание</th>
    </tr>
  </thead>
  <tbody>
    <tr>
      <td>Аренда площадки / Банкет</td>
      <td>200 000 – 350 000 ₽</td>
      <td>От 4000 ₽/чел + обслуживание</td>
    </tr>
    <tr>
      <td>Ведущий + DJ и оборудование</td>
      <td>80 000 – 150 000 ₽</td>
      <td>5 часов программы, звук и свет</td>
    </tr>
    <tr>
      <td>Шоу-программа / Интерактивы</td>
      <td>50 000 – 120 000 ₽</td>
      <td>Кавер-группа, фотозона или квест</td>
    </tr>
    <tr>
      <td>Фото и видеосъемка</td>
      <td>35 000 – 60 000 ₽</td>
      <td>6 часов работы + Reels/SMM клип</td>
    </tr>
  </tbody>
</table>

<h2>Совет от ивент-продюсеров EventPro СПб</h2>
<blockquote style=""border-left: 4px solid #6366f1; padding-left: 15px; font-style: italic; color: #475569;"">
«Главный фактор успеха корпоратива в Петербурге — закладывать резерв по времени и погоде. Всегда проверяйте наличие отапливаемой закрытой зоны и заказывайте трансфер с запасом 20 минут.»
</blockquote>

<h2>Часто задаваемые вопросы (FAQ)</h2>
<h3>За сколько недель до даты нужно бронировать локацию?</h3>
<p>Для летнего сезона и декабря в СПб оптимальный срок — за 2-4 месяца. В обычные месяцы достаточно 3-4 недель.</p>

<h3>Можно ли привезти свой алкоголь?</h3>
<p>Большинство заведений СПб предоставляют такую возможность с уплатой пробкового сбора (от 300 до 800 руб/чел) либо при достижении минимального чека депозита.</p>

<h2>Бесплатный подбор площадок в Санкт-Петербурге</h2>
<p>Оставьте заявку, и наши специалисты бесплатно подготовят для вас расчет сметы и подборку из 5 лучших площадок под ваш бюджет за 30 минут!</p>",2027-01-02 12:00:00,2027-01-02 12:00:00,published,"Гайд СПб 2027: Зеркальные пайетки, подсветка, искусственный снег, хрустальные люстры и объёмные логотипы.",article-85-новогодняя-фотозона-в-стиле,https://images.tildacdn.com/corporate_event_spb_6.jpg,Новогодние Корпоративы,"Новогодние Корпоративы, СПб, 2027, Гайд",Новогодняя фотозона в стиле Зимнего Дворца и пайеток | Гайд СПб 2027,"Статья: Новогодняя фотозона в стиле Зимнего Дворца и пайеток. Зеркальные пайетки, подсветка, искусственный снег, хрустальные люстры и объёмные логотипы. Полный разбор смет, чек-листов и лучших мест в Санкт-Петербурге.","фотозона новогодний корпоратив спб, корпоратив спб, организация мероприятий петербург"
Как провести новогодний корпоратив в офисе СПб при минимальном бюджете,"<p class=""lead""><strong>Как провести новогодний корпоратив в офисе СПб при минимальном бюджете</strong> — ключевое руководство по организации идеального корпоративного мероприятия в Санкт-Петербурге и Ленинградской области в 2027 году. Трансформация опенспейса: гирлянды, заказ фуршета, приглашенный DJ со своим звуком и ведущий-активист.</p>

<h2>Почему тема «Как провести новогодний корпоратив в офисе СПб при минимальном бюджете» актуальна для бизнеса в Санкт-Петербурге</h2>
<p>Организация корпоративного ивента в Северной Столице требует учета географических особенностей, формата площадки и специфики петербургской погоды. Выбирая данный формат, компании получают:</p>

<ul>
  <li><strong>Высокую вовлеченность (eNPS):</strong> До 95% положительных отзывов коллектива.</li>
  <li><strong>Сильный HR-бренд:</strong> Привлечение топовых кадров из IT и коммерческого сектора СПб.</li>
  <li><strong>Финансовую прозрачность:</strong> Четкое понимание структуры сметы без скрытых переплат.</li>
</ul>

<h2>Ключевые этапы и практические рекомендации по шагам</h2>
<p>При подготовке темы <em>как провести новогодний корпоратив в офисе спб при минимальном бюджете</em> в Санкт-Петербурге рекомендуется соблюдать следующий алгоритм:</p>

<ol>
  <li><strong>Анализ площадки и логистики:</strong> Проверка транспортной доступности (метро, Западный Скоростной Диаметр, трансфер), парковки и технической оснащенности.</li>
  <li><strong>Согласование меню и напитков:</strong> Расчет 1200-1500г еды на человека, дегустация блюд и согласование условий по алкоголю.</li>
  <li><strong>Сценарий и шоу-программа:</strong> Наполнение интерактивами, подбор профессионального ведущего и кавер-группы.</li>
  <li><strong>Техническое обеспечение:</strong> Аренда качественного звука (не менее 3 кВт), света, экранов и дежурство техников.</li>
</ol>

<h2>Примерная структура сметы для СПб (из расчета на 50 человек)</h2>
<table border=""1"" cellpadding=""10"" cellspacing=""0"" style=""width:100%; border-collapse:collapse; margin:15px 0;"">
  <thead>
    <tr style=""background-color:#1e293b; color:#ffffff;"">
      <th>Категория расходов</th>
      <th>Средняя стоимость в СПб</th>
      <th>Примечание</th>
    </tr>
  </thead>
  <tbody>
    <tr>
      <td>Аренда площадки / Банкет</td>
      <td>200 000 – 350 000 ₽</td>
      <td>От 4000 ₽/чел + обслуживание</td>
    </tr>
    <tr>
      <td>Ведущий + DJ и оборудование</td>
      <td>80 000 – 150 000 ₽</td>
      <td>5 часов программы, звук и свет</td>
    </tr>
    <tr>
      <td>Шоу-программа / Интерактивы</td>
      <td>50 000 – 120 000 ₽</td>
      <td>Кавер-группа, фотозона или квест</td>
    </tr>
    <tr>
      <td>Фото и видеосъемка</td>
      <td>35 000 – 60 000 ₽</td>
      <td>6 часов работы + Reels/SMM клип</td>
    </tr>
  </tbody>
</table>

<h2>Совет от ивент-продюсеров EventPro СПб</h2>
<blockquote style=""border-left: 4px solid #6366f1; padding-left: 15px; font-style: italic; color: #475569;"">
«Главный фактор успеха корпоратива в Петербурге — закладывать резерв по времени и погоде. Всегда проверяйте наличие отапливаемой закрытой зоны и заказывайте трансфер с запасом 20 минут.»
</blockquote>

<h2>Часто задаваемые вопросы (FAQ)</h2>
<h3>За сколько недель до даты нужно бронировать локацию?</h3>
<p>Для летнего сезона и декабря в СПб оптимальный срок — за 2-4 месяца. В обычные месяцы достаточно 3-4 недель.</p>

<h3>Можно ли привезти свой алкоголь?</h3>
<p>Большинство заведений СПб предоставляют такую возможность с уплатой пробкового сбора (от 300 до 800 руб/чел) либо при достижении минимального чека депозита.</p>

<h2>Бесплатный подбор площадок в Санкт-Петербурге</h2>
<p>Оставьте заявку, и наши специалисты бесплатно подготовят для вас расчет сметы и подборку из 5 лучших площадок под ваш бюджет за 30 минут!</p>",2027-01-03 12:00:00,2027-01-03 12:00:00,published,"Гайд СПб 2027: Трансформация опенспейса: гирлянды, заказ фуршета, приглашенный DJ со своим звуком и ведущий-активист.",article-86-как-провести-новогодний-корпоратив,https://images.tildacdn.com/corporate_event_spb_7.jpg,Новогодние Корпоративы,"Новогодние Корпоративы, СПб, 2027, Гайд",Как провести новогодний корпоратив в офисе СПб при минимальном бюджете | Гайд СПб 2027,"Статья: Как провести новогодний корпоратив в офисе СПб при минимальном бюджете. Трансформация опенспейса: гирлянды, заказ фуршета, приглашенный DJ со своим звуком и ведущий-активист. Полный разбор смет, чек-листов и лучших мест в Санкт-Петербурге.","бюджетный новогодний корпоратив офис спб, корпоратив спб, организация мероприятий петербург"
Новогодний корпоратив в стиле «Ленинградский Голубой Огонек»,"<p class=""lead""><strong>Новогодний корпоратив в стиле «Ленинградский Голубой Огонек»</strong> — ключевое руководство по организации идеального корпоративного мероприятия в Санкт-Петербурге и Ленинградской области в 2027 году. Серпантин, советское шампанское, мандарины, ретро-шлягеры и атмосфера любимого телевизионного концерта.</p>

<h2>Почему тема «Новогодний корпоратив в стиле «Ленинградский Голубой Огонек»» актуальна для бизнеса в Санкт-Петербурге</h2>
<p>Организация корпоративного ивента в Северной Столице требует учета географических особенностей, формата площадки и специфики петербургской погоды. Выбирая данный формат, компании получают:</p>

<ul>
  <li><strong>Высокую вовлеченность (eNPS):</strong> До 95% положительных отзывов коллектива.</li>
  <li><strong>Сильный HR-бренд:</strong> Привлечение топовых кадров из IT и коммерческого сектора СПб.</li>
  <li><strong>Финансовую прозрачность:</strong> Четкое понимание структуры сметы без скрытых переплат.</li>
</ul>

<h2>Ключевые этапы и практические рекомендации по шагам</h2>
<p>При подготовке темы <em>новогодний корпоратив в стиле «ленинградский голубой огонек»</em> в Санкт-Петербурге рекомендуется соблюдать следующий алгоритм:</p>

<ol>
  <li><strong>Анализ площадки и логистики:</strong> Проверка транспортной доступности (метро, Западный Скоростной Диаметр, трансфер), парковки и технической оснащенности.</li>
  <li><strong>Согласование меню и напитков:</strong> Расчет 1200-1500г еды на человека, дегустация блюд и согласование условий по алкоголю.</li>
  <li><strong>Сценарий и шоу-программа:</strong> Наполнение интерактивами, подбор профессионального ведущего и кавер-группы.</li>
  <li><strong>Техническое обеспечение:</strong> Аренда качественного звука (не менее 3 кВт), света, экранов и дежурство техников.</li>
</ol>

<h2>Примерная структура сметы для СПб (из расчета на 50 человек)</h2>
<table border=""1"" cellpadding=""10"" cellspacing=""0"" style=""width:100%; border-collapse:collapse; margin:15px 0;"">
  <thead>
    <tr style=""background-color:#1e293b; color:#ffffff;"">
      <th>Категория расходов</th>
      <th>Средняя стоимость в СПб</th>
      <th>Примечание</th>
    </tr>
  </thead>
  <tbody>
    <tr>
      <td>Аренда площадки / Банкет</td>
      <td>200 000 – 350 000 ₽</td>
      <td>От 4000 ₽/чел + обслуживание</td>
    </tr>
    <tr>
      <td>Ведущий + DJ и оборудование</td>
      <td>80 000 – 150 000 ₽</td>
      <td>5 часов программы, звук и свет</td>
    </tr>
    <tr>
      <td>Шоу-программа / Интерактивы</td>
      <td>50 000 – 120 000 ₽</td>
      <td>Кавер-группа, фотозона или квест</td>
    </tr>
    <tr>
      <td>Фото и видеосъемка</td>
      <td>35 000 – 60 000 ₽</td>
      <td>6 часов работы + Reels/SMM клип</td>
    </tr>
  </tbody>
</table>

<h2>Совет от ивент-продюсеров EventPro СПб</h2>
<blockquote style=""border-left: 4px solid #6366f1; padding-left: 15px; font-style: italic; color: #475569;"">
«Главный фактор успеха корпоратива в Петербурге — закладывать резерв по времени и погоде. Всегда проверяйте наличие отапливаемой закрытой зоны и заказывайте трансфер с запасом 20 минут.»
</blockquote>

<h2>Часто задаваемые вопросы (FAQ)</h2>
<h3>За сколько недель до даты нужно бронировать локацию?</h3>
<p>Для летнего сезона и декабря в СПб оптимальный срок — за 2-4 месяца. В обычные месяцы достаточно 3-4 недель.</p>

<h3>Можно ли привезти свой алкоголь?</h3>
<p>Большинство заведений СПб предоставляют такую возможность с уплатой пробкового сбора (от 300 до 800 руб/чел) либо при достижении минимального чека депозита.</p>

<h2>Бесплатный подбор площадок в Санкт-Петербурге</h2>
<p>Оставьте заявку, и наши специалисты бесплатно подготовят для вас расчет сметы и подборку из 5 лучших площадок под ваш бюджет за 30 минут!</p>",2027-01-04 12:00:00,2027-01-04 12:00:00,published,"Гайд СПб 2027: Серпантин, советское шампанское, мандарины, ретро-шлягеры и атмосфера любимого телевизионного концерта.",article-87-новогодний-корпоратив-в-стиле,https://images.tildacdn.com/corporate_event_spb_8.jpg,Новогодние Корпоративы,"Новогодние Корпоративы, СПб, 2027, Гайд",Новогодний корпоратив в стиле «Ленинградский Голубой Огонек» | Гайд СПб 2027,"Статья: Новогодний корпоратив в стиле «Ленинградский Голубой Огонек». Серпантин, советское шампанское, мандарины, ретро-шлягеры и атмосфера любимого телевизионного концерта. Полный разбор смет, чек-листов и лучших мест в Санкт-Петербурге.","ретро новогодний корпоратив спб, корпоратив спб, организация мероприятий петербург"
Лучшие кавер-группы и музыканты Санкт-Петербурга на Новый Год,"<p class=""lead""><strong>Лучшие кавер-группы и музыканты Санкт-Петербурга на Новый Год</strong> — ключевое руководство по организации идеального корпоративного мероприятия в Санкт-Петербурге и Ленинградской области в 2027 году. Живой звук: танцевальные хиты 90-х, 2000-х и современного топ-чарта в исполнении профессионалов.</p>

<h2>Почему тема «Лучшие кавер-группы и музыканты Санкт-Петербурга на Новый Год» актуальна для бизнеса в Санкт-Петербурге</h2>
<p>Организация корпоративного ивента в Северной Столице требует учета географических особенностей, формата площадки и специфики петербургской погоды. Выбирая данный формат, компании получают:</p>

<ul>
  <li><strong>Высокую вовлеченность (eNPS):</strong> До 95% положительных отзывов коллектива.</li>
  <li><strong>Сильный HR-бренд:</strong> Привлечение топовых кадров из IT и коммерческого сектора СПб.</li>
  <li><strong>Финансовую прозрачность:</strong> Четкое понимание структуры сметы без скрытых переплат.</li>
</ul>

<h2>Ключевые этапы и практические рекомендации по шагам</h2>
<p>При подготовке темы <em>лучшие кавер-группы и музыканты санкт-петербурга на новый год</em> в Санкт-Петербурге рекомендуется соблюдать следующий алгоритм:</p>

<ol>
  <li><strong>Анализ площадки и логистики:</strong> Проверка транспортной доступности (метро, Западный Скоростной Диаметр, трансфер), парковки и технической оснащенности.</li>
  <li><strong>Согласование меню и напитков:</strong> Расчет 1200-1500г еды на человека, дегустация блюд и согласование условий по алкоголю.</li>
  <li><strong>Сценарий и шоу-программа:</strong> Наполнение интерактивами, подбор профессионального ведущего и кавер-группы.</li>
  <li><strong>Техническое обеспечение:</strong> Аренда качественного звука (не менее 3 кВт), света, экранов и дежурство техников.</li>
</ol>

<h2>Примерная структура сметы для СПб (из расчета на 50 человек)</h2>
<table border=""1"" cellpadding=""10"" cellspacing=""0"" style=""width:100%; border-collapse:collapse; margin:15px 0;"">
  <thead>
    <tr style=""background-color:#1e293b; color:#ffffff;"">
      <th>Категория расходов</th>
      <th>Средняя стоимость в СПб</th>
      <th>Примечание</th>
    </tr>
  </thead>
  <tbody>
    <tr>
      <td>Аренда площадки / Банкет</td>
      <td>200 000 – 350 000 ₽</td>
      <td>От 4000 ₽/чел + обслуживание</td>
    </tr>
    <tr>
      <td>Ведущий + DJ и оборудование</td>
      <td>80 000 – 150 000 ₽</td>
      <td>5 часов программы, звук и свет</td>
    </tr>
    <tr>
      <td>Шоу-программа / Интерактивы</td>
      <td>50 000 – 120 000 ₽</td>
      <td>Кавер-группа, фотозона или квест</td>
    </tr>
    <tr>
      <td>Фото и видеосъемка</td>
      <td>35 000 – 60 000 ₽</td>
      <td>6 часов работы + Reels/SMM клип</td>
    </tr>
  </tbody>
</table>

<h2>Совет от ивент-продюсеров EventPro СПб</h2>
<blockquote style=""border-left: 4px solid #6366f1; padding-left: 15px; font-style: italic; color: #475569;"">
«Главный фактор успеха корпоратива в Петербурге — закладывать резерв по времени и погоде. Всегда проверяйте наличие отапливаемой закрытой зоны и заказывайте трансфер с запасом 20 минут.»
</blockquote>

<h2>Часто задаваемые вопросы (FAQ)</h2>
<h3>За сколько недель до даты нужно бронировать локацию?</h3>
<p>Для летнего сезона и декабря в СПб оптимальный срок — за 2-4 месяца. В обычные месяцы достаточно 3-4 недель.</p>

<h3>Можно ли привезти свой алкоголь?</h3>
<p>Большинство заведений СПб предоставляют такую возможность с уплатой пробкового сбора (от 300 до 800 руб/чел) либо при достижении минимального чека депозита.</p>

<h2>Бесплатный подбор площадок в Санкт-Петербурге</h2>
<p>Оставьте заявку, и наши специалисты бесплатно подготовят для вас расчет сметы и подборку из 5 лучших площадок под ваш бюджет за 30 минут!</p>",2027-01-05 12:00:00,2027-01-05 12:00:00,published,"Гайд СПб 2027: Живой звук: танцевальные хиты 90-х, 2000-х и современного топ-чарта в исполнении профессионалов.",article-88-лучшие-кавер-группы-и-музыканты,https://images.tildacdn.com/corporate_event_spb_9.jpg,Новогодние Корпоративы,"Новогодние Корпоративы, СПб, 2027, Гайд",Лучшие кавер-группы и музыканты Санкт-Петербурга на Новый Год | Гайд СПб 2027,"Статья: Лучшие кавер-группы и музыканты Санкт-Петербурга на Новый Год. Живой звук: танцевальные хиты 90-х, 2000-х и современного топ-чарта в исполнении профессионалов. Полный разбор смет, чек-листов и лучших мест в Санкт-Петербурге.","кавер группа на новогодний корпоратив спб, корпоратив спб, организация мероприятий петербург"
Пиротехническое и лазерное шоу на корпоратив в Петербурге,"<p class=""lead""><strong>Пиротехническое и лазерное шоу на корпоратив в Петербурге</strong> — ключевое руководство по организации идеального корпоративного мероприятия в Санкт-Петербурге и Ленинградской области в 2027 году. Проекция истории развития компании лазерами на стены здания или внутренний экран зала.</p>

<h2>Почему тема «Пиротехническое и лазерное шоу на корпоратив в Петербурге» актуальна для бизнеса в Санкт-Петербурге</h2>
<p>Организация корпоративного ивента в Северной Столице требует учета географических особенностей, формата площадки и специфики петербургской погоды. Выбирая данный формат, компании получают:</p>

<ul>
  <li><strong>Высокую вовлеченность (eNPS):</strong> До 95% положительных отзывов коллектива.</li>
  <li><strong>Сильный HR-бренд:</strong> Привлечение топовых кадров из IT и коммерческого сектора СПб.</li>
  <li><strong>Финансовую прозрачность:</strong> Четкое понимание структуры сметы без скрытых переплат.</li>
</ul>

<h2>Ключевые этапы и практические рекомендации по шагам</h2>
<p>При подготовке темы <em>пиротехническое и лазерное шоу на корпоратив в петербурге</em> в Санкт-Петербурге рекомендуется соблюдать следующий алгоритм:</p>

<ol>
  <li><strong>Анализ площадки и логистики:</strong> Проверка транспортной доступности (метро, Западный Скоростной Диаметр, трансфер), парковки и технической оснащенности.</li>
  <li><strong>Согласование меню и напитков:</strong> Расчет 1200-1500г еды на человека, дегустация блюд и согласование условий по алкоголю.</li>
  <li><strong>Сценарий и шоу-программа:</strong> Наполнение интерактивами, подбор профессионального ведущего и кавер-группы.</li>
  <li><strong>Техническое обеспечение:</strong> Аренда качественного звука (не менее 3 кВт), света, экранов и дежурство техников.</li>
</ol>

<h2>Примерная структура сметы для СПб (из расчета на 50 человек)</h2>
<table border=""1"" cellpadding=""10"" cellspacing=""0"" style=""width:100%; border-collapse:collapse; margin:15px 0;"">
  <thead>
    <tr style=""background-color:#1e293b; color:#ffffff;"">
      <th>Категория расходов</th>
      <th>Средняя стоимость в СПб</th>
      <th>Примечание</th>
    </tr>
  </thead>
  <tbody>
    <tr>
      <td>Аренда площадки / Банкет</td>
      <td>200 000 – 350 000 ₽</td>
      <td>От 4000 ₽/чел + обслуживание</td>
    </tr>
    <tr>
      <td>Ведущий + DJ и оборудование</td>
      <td>80 000 – 150 000 ₽</td>
      <td>5 часов программы, звук и свет</td>
    </tr>
    <tr>
      <td>Шоу-программа / Интерактивы</td>
      <td>50 000 – 120 000 ₽</td>
      <td>Кавер-группа, фотозона или квест</td>
    </tr>
    <tr>
      <td>Фото и видеосъемка</td>
      <td>35 000 – 60 000 ₽</td>
      <td>6 часов работы + Reels/SMM клип</td>
    </tr>
  </tbody>
</table>

<h2>Совет от ивент-продюсеров EventPro СПб</h2>
<blockquote style=""border-left: 4px solid #6366f1; padding-left: 15px; font-style: italic; color: #475569;"">
«Главный фактор успеха корпоратива в Петербурге — закладывать резерв по времени и погоде. Всегда проверяйте наличие отапливаемой закрытой зоны и заказывайте трансфер с запасом 20 минут.»
</blockquote>

<h2>Часто задаваемые вопросы (FAQ)</h2>
<h3>За сколько недель до даты нужно бронировать локацию?</h3>
<p>Для летнего сезона и декабря в СПб оптимальный срок — за 2-4 месяца. В обычные месяцы достаточно 3-4 недель.</p>

<h3>Можно ли привезти свой алкоголь?</h3>
<p>Большинство заведений СПб предоставляют такую возможность с уплатой пробкового сбора (от 300 до 800 руб/чел) либо при достижении минимального чека депозита.</p>

<h2>Бесплатный подбор площадок в Санкт-Петербурге</h2>
<p>Оставьте заявку, и наши специалисты бесплатно подготовят для вас расчет сметы и подборку из 5 лучших площадок под ваш бюджет за 30 минут!</p>",2027-01-06 12:00:00,2027-01-06 12:00:00,published,Гайд СПб 2027: Проекция истории развития компании лазерами на стены здания или внутренний экран зала.,article-89-пиротехническое-и-лазерное-шоу,https://images.tildacdn.com/corporate_event_spb_10.jpg,Новогодние Корпоративы,"Новогодние Корпоративы, СПб, 2027, Гайд",Пиротехническое и лазерное шоу на корпоратив в Петербурге | Гайд СПб 2027,"Статья: Пиротехническое и лазерное шоу на корпоратив в Петербурге. Проекция истории развития компании лазерами на стены здания или внутренний экран зала. Полный разбор смет, чек-листов и лучших мест в Санкт-Петербурге.","лазерное шоу корпоратив спб, корпоратив спб, организация мероприятий петербург"
Похмельный чек-лист и СПА-восстановление команды после Нового Года,"<p class=""lead""><strong>Похмельный чек-лист и СПА-восстановление команды после Нового Года</strong> — ключевое руководство по организации идеального корпоративного мероприятия в Санкт-Петербурге и Ленинградской области в 2027 году. Забота о здоровье: детокс-коктейли, поздний выезд из отеля, посещение банного комплекса и легкий график.</p>

<h2>Почему тема «Похмельный чек-лист и СПА-восстановление команды после Нового Года» актуальна для бизнеса в Санкт-Петербурге</h2>
<p>Организация корпоративного ивента в Северной Столице требует учета географических особенностей, формата площадки и специфики петербургской погоды. Выбирая данный формат, компании получают:</p>

<ul>
  <li><strong>Высокую вовлеченность (eNPS):</strong> До 95% положительных отзывов коллектива.</li>
  <li><strong>Сильный HR-бренд:</strong> Привлечение топовых кадров из IT и коммерческого сектора СПб.</li>
  <li><strong>Финансовую прозрачность:</strong> Четкое понимание структуры сметы без скрытых переплат.</li>
</ul>

<h2>Ключевые этапы и практические рекомендации по шагам</h2>
<p>При подготовке темы <em>похмельный чек-лист и спа-восстановление команды после нового года</em> в Санкт-Петербурге рекомендуется соблюдать следующий алгоритм:</p>

<ol>
  <li><strong>Анализ площадки и логистики:</strong> Проверка транспортной доступности (метро, Западный Скоростной Диаметр, трансфер), парковки и технической оснащенности.</li>
  <li><strong>Согласование меню и напитков:</strong> Расчет 1200-1500г еды на человека, дегустация блюд и согласование условий по алкоголю.</li>
  <li><strong>Сценарий и шоу-программа:</strong> Наполнение интерактивами, подбор профессионального ведущего и кавер-группы.</li>
  <li><strong>Техническое обеспечение:</strong> Аренда качественного звука (не менее 3 кВт), света, экранов и дежурство техников.</li>
</ol>

<h2>Примерная структура сметы для СПб (из расчета на 50 человек)</h2>
<table border=""1"" cellpadding=""10"" cellspacing=""0"" style=""width:100%; border-collapse:collapse; margin:15px 0;"">
  <thead>
    <tr style=""background-color:#1e293b; color:#ffffff;"">
      <th>Категория расходов</th>
      <th>Средняя стоимость в СПб</th>
      <th>Примечание</th>
    </tr>
  </thead>
  <tbody>
    <tr>
      <td>Аренда площадки / Банкет</td>
      <td>200 000 – 350 000 ₽</td>
      <td>От 4000 ₽/чел + обслуживание</td>
    </tr>
    <tr>
      <td>Ведущий + DJ и оборудование</td>
      <td>80 000 – 150 000 ₽</td>
      <td>5 часов программы, звук и свет</td>
    </tr>
    <tr>
      <td>Шоу-программа / Интерактивы</td>
      <td>50 000 – 120 000 ₽</td>
      <td>Кавер-группа, фотозона или квест</td>
    </tr>
    <tr>
      <td>Фото и видеосъемка</td>
      <td>35 000 – 60 000 ₽</td>
      <td>6 часов работы + Reels/SMM клип</td>
    </tr>
  </tbody>
</table>

<h2>Совет от ивент-продюсеров EventPro СПб</h2>
<blockquote style=""border-left: 4px solid #6366f1; padding-left: 15px; font-style: italic; color: #475569;"">
«Главный фактор успеха корпоратива в Петербурге — закладывать резерв по времени и погоде. Всегда проверяйте наличие отапливаемой закрытой зоны и заказывайте трансфер с запасом 20 минут.»
</blockquote>

<h2>Часто задаваемые вопросы (FAQ)</h2>
<h3>За сколько недель до даты нужно бронировать локацию?</h3>
<p>Для летнего сезона и декабря в СПб оптимальный срок — за 2-4 месяца. В обычные месяцы достаточно 3-4 недель.</p>

<h3>Можно ли привезти свой алкоголь?</h3>
<p>Большинство заведений СПб предоставляют такую возможность с уплатой пробкового сбора (от 300 до 800 руб/чел) либо при достижении минимального чека депозита.</p>

<h2>Бесплатный подбор площадок в Санкт-Петербурге</h2>
<p>Оставьте заявку, и наши специалисты бесплатно подготовят для вас расчет сметы и подборку из 5 лучших площадок под ваш бюджет за 30 минут!</p>",2027-01-07 12:00:00,2027-01-07 12:00:00,published,"Гайд СПб 2027: Забота о здоровье: детокс-коктейли, поздний выезд из отеля, посещение банного комплекса и легкий график.",article-90-похмельный-чек-лист-и-спа-восстановление,https://images.tildacdn.com/corporate_event_spb_1.jpg,Новогодние Корпоративы,"Новогодние Корпоративы, СПб, 2027, Гайд",Похмельный чек-лист и СПА-восстановление команды после Нового Года | Гайд СПб 2027,"Статья: Похмельный чек-лист и СПА-восстановление команды после Нового Года. Забота о здоровье: детокс-коктейли, поздний выезд из отеля, посещение банного комплекса и легкий график. Полный разбор смет, чек-листов и лучших мест в Санкт-Петербурге.","после корпоратива советы спа спб, корпоратив спб, организация мероприятий петербург"
Чек-лист подготовки корпоратива от А до Я от ивент-агентств СПб,"<p class=""lead""><strong>Чек-лист подготовки корпоратива от А до Я от ивент-агентств СПб</strong> — ключевое руководство по организации идеального корпоративного мероприятия в Санкт-Петербурге и Ленинградской области в 2027 году. 50 пунктов: от утверждения концепции до финальной подписанной акт-сверки с площадкой.</p>

<h2>Почему тема «Чек-лист подготовки корпоратива от А до Я от ивент-агентств СПб» актуальна для бизнеса в Санкт-Петербурге</h2>
<p>Организация корпоративного ивента в Северной Столице требует учета географических особенностей, формата площадки и специфики петербургской погоды. Выбирая данный формат, компании получают:</p>

<ul>
  <li><strong>Высокую вовлеченность (eNPS):</strong> До 95% положительных отзывов коллектива.</li>
  <li><strong>Сильный HR-бренд:</strong> Привлечение топовых кадров из IT и коммерческого сектора СПб.</li>
  <li><strong>Финансовую прозрачность:</strong> Четкое понимание структуры сметы без скрытых переплат.</li>
</ul>

<h2>Ключевые этапы и практические рекомендации по шагам</h2>
<p>При подготовке темы <em>чек-лист подготовки корпоратива от а до я от ивент-агентств спб</em> в Санкт-Петербурге рекомендуется соблюдать следующий алгоритм:</p>

<ol>
  <li><strong>Анализ площадки и логистики:</strong> Проверка транспортной доступности (метро, Западный Скоростной Диаметр, трансфер), парковки и технической оснащенности.</li>
  <li><strong>Согласование меню и напитков:</strong> Расчет 1200-1500г еды на человека, дегустация блюд и согласование условий по алкоголю.</li>
  <li><strong>Сценарий и шоу-программа:</strong> Наполнение интерактивами, подбор профессионального ведущего и кавер-группы.</li>
  <li><strong>Техническое обеспечение:</strong> Аренда качественного звука (не менее 3 кВт), света, экранов и дежурство техников.</li>
</ol>

<h2>Примерная структура сметы для СПб (из расчета на 50 человек)</h2>
<table border=""1"" cellpadding=""10"" cellspacing=""0"" style=""width:100%; border-collapse:collapse; margin:15px 0;"">
  <thead>
    <tr style=""background-color:#1e293b; color:#ffffff;"">
      <th>Категория расходов</th>
      <th>Средняя стоимость в СПб</th>
      <th>Примечание</th>
    </tr>
  </thead>
  <tbody>
    <tr>
      <td>Аренда площадки / Банкет</td>
      <td>200 000 – 350 000 ₽</td>
      <td>От 4000 ₽/чел + обслуживание</td>
    </tr>
    <tr>
      <td>Ведущий + DJ и оборудование</td>
      <td>80 000 – 150 000 ₽</td>
      <td>5 часов программы, звук и свет</td>
    </tr>
    <tr>
      <td>Шоу-программа / Интерактивы</td>
      <td>50 000 – 120 000 ₽</td>
      <td>Кавер-группа, фотозона или квест</td>
    </tr>
    <tr>
      <td>Фото и видеосъемка</td>
      <td>35 000 – 60 000 ₽</td>
      <td>6 часов работы + Reels/SMM клип</td>
    </tr>
  </tbody>
</table>

<h2>Совет от ивент-продюсеров EventPro СПб</h2>
<blockquote style=""border-left: 4px solid #6366f1; padding-left: 15px; font-style: italic; color: #475569;"">
«Главный фактор успеха корпоратива в Петербурге — закладывать резерв по времени и погоде. Всегда проверяйте наличие отапливаемой закрытой зоны и заказывайте трансфер с запасом 20 минут.»
</blockquote>

<h2>Часто задаваемые вопросы (FAQ)</h2>
<h3>За сколько недель до даты нужно бронировать локацию?</h3>
<p>Для летнего сезона и декабря в СПб оптимальный срок — за 2-4 месяца. В обычные месяцы достаточно 3-4 недель.</p>

<h3>Можно ли привезти свой алкоголь?</h3>
<p>Большинство заведений СПб предоставляют такую возможность с уплатой пробкового сбора (от 300 до 800 руб/чел) либо при достижении минимального чека депозита.</p>

<h2>Бесплатный подбор площадок в Санкт-Петербурге</h2>
<p>Оставьте заявку, и наши специалисты бесплатно подготовят для вас расчет сметы и подборку из 5 лучших площадок под ваш бюджет за 30 минут!</p>",2027-01-08 12:00:00,2027-01-08 12:00:00,published,Гайд СПб 2027: 50 пунктов: от утверждения концепции до финальной подписанной акт-сверки с площадкой.,article-91-чек-лист-подготовки-корпоратива-от,https://images.tildacdn.com/corporate_event_spb_2.jpg,Организация и Чек-листы,"Организация и Чек-листы, СПб, 2027, Гайд",Чек-лист подготовки корпоратива от А до Я от ивент-агентств СПб | Гайд СПб 2027,"Статья: Чек-лист подготовки корпоратива от А до Я от ивент-агентств СПб. 50 пунктов: от утверждения концепции до финальной подписанной акт-сверки с площадкой. Полный разбор смет, чек-листов и лучших мест в Санкт-Петербурге.","чек лист подготовки корпоратива спб, корпоратив спб, организация мероприятий петербург"
Тайминг корпоративного вечера: стандарты площадок Санкт-Петербурга,"<p class=""lead""><strong>Тайминг корпоративного вечера: стандарты площадок Санкт-Петербурга</strong> — ключевое руководство по организации идеального корпоративного мероприятия в Санкт-Петербурге и Ленинградской области в 2027 году. Схема 6-часового вечера: 18:00 сбор и сбор информации -> 19:00 банкет -> 21:00 шоу -> 22:30 дискотека -> 00:00 финал.</p>

<h2>Почему тема «Тайминг корпоративного вечера: стандарты площадок Санкт-Петербурга» актуальна для бизнеса в Санкт-Петербурге</h2>
<p>Организация корпоративного ивента в Северной Столице требует учета географических особенностей, формата площадки и специфики петербургской погоды. Выбирая данный формат, компании получают:</p>

<ul>
  <li><strong>Высокую вовлеченность (eNPS):</strong> До 95% положительных отзывов коллектива.</li>
  <li><strong>Сильный HR-бренд:</strong> Привлечение топовых кадров из IT и коммерческого сектора СПб.</li>
  <li><strong>Финансовую прозрачность:</strong> Четкое понимание структуры сметы без скрытых переплат.</li>
</ul>

<h2>Ключевые этапы и практические рекомендации по шагам</h2>
<p>При подготовке темы <em>тайминг корпоративного вечера: стандарты площадок санкт-петербурга</em> в Санкт-Петербурге рекомендуется соблюдать следующий алгоритм:</p>

<ol>
  <li><strong>Анализ площадки и логистики:</strong> Проверка транспортной доступности (метро, Западный Скоростной Диаметр, трансфер), парковки и технической оснащенности.</li>
  <li><strong>Согласование меню и напитков:</strong> Расчет 1200-1500г еды на человека, дегустация блюд и согласование условий по алкоголю.</li>
  <li><strong>Сценарий и шоу-программа:</strong> Наполнение интерактивами, подбор профессионального ведущего и кавер-группы.</li>
  <li><strong>Техническое обеспечение:</strong> Аренда качественного звука (не менее 3 кВт), света, экранов и дежурство техников.</li>
</ol>

<h2>Примерная структура сметы для СПб (из расчета на 50 человек)</h2>
<table border=""1"" cellpadding=""10"" cellspacing=""0"" style=""width:100%; border-collapse:collapse; margin:15px 0;"">
  <thead>
    <tr style=""background-color:#1e293b; color:#ffffff;"">
      <th>Категория расходов</th>
      <th>Средняя стоимость в СПб</th>
      <th>Примечание</th>
    </tr>
  </thead>
  <tbody>
    <tr>
      <td>Аренда площадки / Банкет</td>
      <td>200 000 – 350 000 ₽</td>
      <td>От 4000 ₽/чел + обслуживание</td>
    </tr>
    <tr>
      <td>Ведущий + DJ и оборудование</td>
      <td>80 000 – 150 000 ₽</td>
      <td>5 часов программы, звук и свет</td>
    </tr>
    <tr>
      <td>Шоу-программа / Интерактивы</td>
      <td>50 000 – 120 000 ₽</td>
      <td>Кавер-группа, фотозона или квест</td>
    </tr>
    <tr>
      <td>Фото и видеосъемка</td>
      <td>35 000 – 60 000 ₽</td>
      <td>6 часов работы + Reels/SMM клип</td>
    </tr>
  </tbody>
</table>

<h2>Совет от ивент-продюсеров EventPro СПб</h2>
<blockquote style=""border-left: 4px solid #6366f1; padding-left: 15px; font-style: italic; color: #475569;"">
«Главный фактор успеха корпоратива в Петербурге — закладывать резерв по времени и погоде. Всегда проверяйте наличие отапливаемой закрытой зоны и заказывайте трансфер с запасом 20 минут.»
</blockquote>

<h2>Часто задаваемые вопросы (FAQ)</h2>
<h3>За сколько недель до даты нужно бронировать локацию?</h3>
<p>Для летнего сезона и декабря в СПб оптимальный срок — за 2-4 месяца. В обычные месяцы достаточно 3-4 недель.</p>

<h3>Можно ли привезти свой алкоголь?</h3>
<p>Большинство заведений СПб предоставляют такую возможность с уплатой пробкового сбора (от 300 до 800 руб/чел) либо при достижении минимального чека депозита.</p>

<h2>Бесплатный подбор площадок в Санкт-Петербурге</h2>
<p>Оставьте заявку, и наши специалисты бесплатно подготовят для вас расчет сметы и подборку из 5 лучших площадок под ваш бюджет за 30 минут!</p>",2027-01-09 12:00:00,2027-01-09 12:00:00,published,Гайд СПб 2027: Схема 6-часового вечера: 18:00 сбор и сбор информации -> 19:00 банкет -> 21:00 шоу -> 22:30 дискотека -> 00:00 финал.,article-92-тайминг-корпоративного-вечера-стандарты,https://images.tildacdn.com/corporate_event_spb_3.jpg,Организация и Чек-листы,"Организация и Чек-листы, СПб, 2027, Гайд",Тайминг корпоративного вечера: стандарты площадок Санкт-Петербурга | Гайд СПб 2027,"Статья: Тайминг корпоративного вечера: стандарты площадок Санкт-Петербурга. Схема 6-часового вечера: 18:00 сбор и сбор информации -> 19:00 банкет -> 21:00 шоу -> 22:30 дискотека -> 00:00 финал. Полный разбор смет, чек-листов и лучших мест в Санкт-Петербурге.","тайминг мероприятия пример спб, корпоратив спб, организация мероприятий петербург"
Технический райдер ведущего и артистов: нюансы площадок СПб,"<p class=""lead""><strong>Технический райдер ведущего и артистов: нюансы площадок СПб</strong> — ключевое руководство по организации идеального корпоративного мероприятия в Санкт-Петербурге и Ленинградской области в 2027 году. Гримерки, минеральная вода, отпариватель, задержка по звуковому чеку и согласование питания артистов.</p>

<h2>Почему тема «Технический райдер ведущего и артистов: нюансы площадок СПб» актуальна для бизнеса в Санкт-Петербурге</h2>
<p>Организация корпоративного ивента в Северной Столице требует учета географических особенностей, формата площадки и специфики петербургской погоды. Выбирая данный формат, компании получают:</p>

<ul>
  <li><strong>Высокую вовлеченность (eNPS):</strong> До 95% положительных отзывов коллектива.</li>
  <li><strong>Сильный HR-бренд:</strong> Привлечение топовых кадров из IT и коммерческого сектора СПб.</li>
  <li><strong>Финансовую прозрачность:</strong> Четкое понимание структуры сметы без скрытых переплат.</li>
</ul>

<h2>Ключевые этапы и практические рекомендации по шагам</h2>
<p>При подготовке темы <em>технический райдер ведущего и артистов: нюансы площадок спб</em> в Санкт-Петербурге рекомендуется соблюдать следующий алгоритм:</p>

<ol>
  <li><strong>Анализ площадки и логистики:</strong> Проверка транспортной доступности (метро, Западный Скоростной Диаметр, трансфер), парковки и технической оснащенности.</li>
  <li><strong>Согласование меню и напитков:</strong> Расчет 1200-1500г еды на человека, дегустация блюд и согласование условий по алкоголю.</li>
  <li><strong>Сценарий и шоу-программа:</strong> Наполнение интерактивами, подбор профессионального ведущего и кавер-группы.</li>
  <li><strong>Техническое обеспечение:</strong> Аренда качественного звука (не менее 3 кВт), света, экранов и дежурство техников.</li>
</ol>

<h2>Примерная структура сметы для СПб (из расчета на 50 человек)</h2>
<table border=""1"" cellpadding=""10"" cellspacing=""0"" style=""width:100%; border-collapse:collapse; margin:15px 0;"">
  <thead>
    <tr style=""background-color:#1e293b; color:#ffffff;"">
      <th>Категория расходов</th>
      <th>Средняя стоимость в СПб</th>
      <th>Примечание</th>
    </tr>
  </thead>
  <tbody>
    <tr>
      <td>Аренда площадки / Банкет</td>
      <td>200 000 – 350 000 ₽</td>
      <td>От 4000 ₽/чел + обслуживание</td>
    </tr>
    <tr>
      <td>Ведущий + DJ и оборудование</td>
      <td>80 000 – 150 000 ₽</td>
      <td>5 часов программы, звук и свет</td>
    </tr>
    <tr>
      <td>Шоу-программа / Интерактивы</td>
      <td>50 000 – 120 000 ₽</td>
      <td>Кавер-группа, фотозона или квест</td>
    </tr>
    <tr>
      <td>Фото и видеосъемка</td>
      <td>35 000 – 60 000 ₽</td>
      <td>6 часов работы + Reels/SMM клип</td>
    </tr>
  </tbody>
</table>

<h2>Совет от ивент-продюсеров EventPro СПб</h2>
<blockquote style=""border-left: 4px solid #6366f1; padding-left: 15px; font-style: italic; color: #475569;"">
«Главный фактор успеха корпоратива в Петербурге — закладывать резерв по времени и погоде. Всегда проверяйте наличие отапливаемой закрытой зоны и заказывайте трансфер с запасом 20 минут.»
</blockquote>

<h2>Часто задаваемые вопросы (FAQ)</h2>
<h3>За сколько недель до даты нужно бронировать локацию?</h3>
<p>Для летнего сезона и декабря в СПб оптимальный срок — за 2-4 месяца. В обычные месяцы достаточно 3-4 недель.</p>

<h3>Можно ли привезти свой алкоголь?</h3>
<p>Большинство заведений СПб предоставляют такую возможность с уплатой пробкового сбора (от 300 до 800 руб/чел) либо при достижении минимального чека депозита.</p>

<h2>Бесплатный подбор площадок в Санкт-Петербурге</h2>
<p>Оставьте заявку, и наши специалисты бесплатно подготовят для вас расчет сметы и подборку из 5 лучших площадок под ваш бюджет за 30 минут!</p>",2027-01-10 12:00:00,2027-01-10 12:00:00,published,"Гайд СПб 2027: Гримерки, минеральная вода, отпариватель, задержка по звуковому чеку и согласование питания артистов.",article-93-технический-райдер-ведущего-и,https://images.tildacdn.com/corporate_event_spb_4.jpg,Организация и Чек-листы,"Организация и Чек-листы, СПб, 2027, Гайд",Технический райдер ведущего и артистов: нюансы площадок СПб | Гайд СПб 2027,"Статья: Технический райдер ведущего и артистов: нюансы площадок СПб. Гримерки, минеральная вода, отпариватель, задержка по звуковому чеку и согласование питания артистов. Полный разбор смет, чек-листов и лучших мест в Санкт-Петербурге.","бытовой технический райдер спб, корпоратив спб, организация мероприятий петербург"
Безопасность и первая помощь на загородных ивентах в Ленобласти,"<p class=""lead""><strong>Безопасность и первая помощь на загородных ивентах в Ленобласти</strong> — ключевое руководство по организации идеального корпоративного мероприятия в Санкт-Петербурге и Ленинградской области в 2027 году. Дежурство скорой помощи на спортивных тимбилдингах, аптечка, спасатели у воды и охрана локации.</p>

<h2>Почему тема «Безопасность и первая помощь на загородных ивентах в Ленобласти» актуальна для бизнеса в Санкт-Петербурге</h2>
<p>Организация корпоративного ивента в Северной Столице требует учета географических особенностей, формата площадки и специфики петербургской погоды. Выбирая данный формат, компании получают:</p>

<ul>
  <li><strong>Высокую вовлеченность (eNPS):</strong> До 95% положительных отзывов коллектива.</li>
  <li><strong>Сильный HR-бренд:</strong> Привлечение топовых кадров из IT и коммерческого сектора СПб.</li>
  <li><strong>Финансовую прозрачность:</strong> Четкое понимание структуры сметы без скрытых переплат.</li>
</ul>

<h2>Ключевые этапы и практические рекомендации по шагам</h2>
<p>При подготовке темы <em>безопасность и первая помощь на загородных ивентах в ленобласти</em> в Санкт-Петербурге рекомендуется соблюдать следующий алгоритм:</p>

<ol>
  <li><strong>Анализ площадки и логистики:</strong> Проверка транспортной доступности (метро, Западный Скоростной Диаметр, трансфер), парковки и технической оснащенности.</li>
  <li><strong>Согласование меню и напитков:</strong> Расчет 1200-1500г еды на человека, дегустация блюд и согласование условий по алкоголю.</li>
  <li><strong>Сценарий и шоу-программа:</strong> Наполнение интерактивами, подбор профессионального ведущего и кавер-группы.</li>
  <li><strong>Техническое обеспечение:</strong> Аренда качественного звука (не менее 3 кВт), света, экранов и дежурство техников.</li>
</ol>

<h2>Примерная структура сметы для СПб (из расчета на 50 человек)</h2>
<table border=""1"" cellpadding=""10"" cellspacing=""0"" style=""width:100%; border-collapse:collapse; margin:15px 0;"">
  <thead>
    <tr style=""background-color:#1e293b; color:#ffffff;"">
      <th>Категория расходов</th>
      <th>Средняя стоимость в СПб</th>
      <th>Примечание</th>
    </tr>
  </thead>
  <tbody>
    <tr>
      <td>Аренда площадки / Банкет</td>
      <td>200 000 – 350 000 ₽</td>
      <td>От 4000 ₽/чел + обслуживание</td>
    </tr>
    <tr>
      <td>Ведущий + DJ и оборудование</td>
      <td>80 000 – 150 000 ₽</td>
      <td>5 часов программы, звук и свет</td>
    </tr>
    <tr>
      <td>Шоу-программа / Интерактивы</td>
      <td>50 000 – 120 000 ₽</td>
      <td>Кавер-группа, фотозона или квест</td>
    </tr>
    <tr>
      <td>Фото и видеосъемка</td>
      <td>35 000 – 60 000 ₽</td>
      <td>6 часов работы + Reels/SMM клип</td>
    </tr>
  </tbody>
</table>

<h2>Совет от ивент-продюсеров EventPro СПб</h2>
<blockquote style=""border-left: 4px solid #6366f1; padding-left: 15px; font-style: italic; color: #475569;"">
«Главный фактор успеха корпоратива в Петербурге — закладывать резерв по времени и погоде. Всегда проверяйте наличие отапливаемой закрытой зоны и заказывайте трансфер с запасом 20 минут.»
</blockquote>

<h2>Часто задаваемые вопросы (FAQ)</h2>
<h3>За сколько недель до даты нужно бронировать локацию?</h3>
<p>Для летнего сезона и декабря в СПб оптимальный срок — за 2-4 месяца. В обычные месяцы достаточно 3-4 недель.</p>

<h3>Можно ли привезти свой алкоголь?</h3>
<p>Большинство заведений СПб предоставляют такую возможность с уплатой пробкового сбора (от 300 до 800 руб/чел) либо при достижении минимального чека депозита.</p>

<h2>Бесплатный подбор площадок в Санкт-Петербурге</h2>
<p>Оставьте заявку, и наши специалисты бесплатно подготовят для вас расчет сметы и подборку из 5 лучших площадок под ваш бюджет за 30 минут!</p>",2027-01-11 12:00:00,2027-01-11 12:00:00,published,"Гайд СПб 2027: Дежурство скорой помощи на спортивных тимбилдингах, аптечка, спасатели у воды и охрана локации.",article-94-безопасность-и-первая-помощь,https://images.tildacdn.com/corporate_event_spb_5.jpg,Организация и Чек-листы,"Организация и Чек-листы, СПб, 2027, Гайд",Безопасность и первая помощь на загородных ивентах в Ленобласти | Гайд СПб 2027,"Статья: Безопасность и первая помощь на загородных ивентах в Ленобласти. Дежурство скорой помощи на спортивных тимбилдингах, аптечка, спасатели у воды и охрана локации. Полный разбор смет, чек-листов и лучших мест в Санкт-Петербурге.","безопасность на мероприятии ленобласть, корпоратив спб, организация мероприятий петербург"
Как правильно составить ТЗ для event-агентства в Санкт-Петербурге,"<p class=""lead""><strong>Как правильно составить ТЗ для event-агентства в Санкт-Петербурге</strong> — ключевое руководство по организации идеального корпоративного мероприятия в Санкт-Петербурге и Ленинградской области в 2027 году. Бриф: даты, бюджет, количество гостей, предпочтения по еде, табу и желаемые результаты ивента.</p>

<h2>Почему тема «Как правильно составить ТЗ для event-агентства в Санкт-Петербурге» актуальна для бизнеса в Санкт-Петербурге</h2>
<p>Организация корпоративного ивента в Северной Столице требует учета географических особенностей, формата площадки и специфики петербургской погоды. Выбирая данный формат, компании получают:</p>

<ul>
  <li><strong>Высокую вовлеченность (eNPS):</strong> До 95% положительных отзывов коллектива.</li>
  <li><strong>Сильный HR-бренд:</strong> Привлечение топовых кадров из IT и коммерческого сектора СПб.</li>
  <li><strong>Финансовую прозрачность:</strong> Четкое понимание структуры сметы без скрытых переплат.</li>
</ul>

<h2>Ключевые этапы и практические рекомендации по шагам</h2>
<p>При подготовке темы <em>как правильно составить тз для event-агентства в санкт-петербурге</em> в Санкт-Петербурге рекомендуется соблюдать следующий алгоритм:</p>

<ol>
  <li><strong>Анализ площадки и логистики:</strong> Проверка транспортной доступности (метро, Западный Скоростной Диаметр, трансфер), парковки и технической оснащенности.</li>
  <li><strong>Согласование меню и напитков:</strong> Расчет 1200-1500г еды на человека, дегустация блюд и согласование условий по алкоголю.</li>
  <li><strong>Сценарий и шоу-программа:</strong> Наполнение интерактивами, подбор профессионального ведущего и кавер-группы.</li>
  <li><strong>Техническое обеспечение:</strong> Аренда качественного звука (не менее 3 кВт), света, экранов и дежурство техников.</li>
</ol>

<h2>Примерная структура сметы для СПб (из расчета на 50 человек)</h2>
<table border=""1"" cellpadding=""10"" cellspacing=""0"" style=""width:100%; border-collapse:collapse; margin:15px 0;"">
  <thead>
    <tr style=""background-color:#1e293b; color:#ffffff;"">
      <th>Категория расходов</th>
      <th>Средняя стоимость в СПб</th>
      <th>Примечание</th>
    </tr>
  </thead>
  <tbody>
    <tr>
      <td>Аренда площадки / Банкет</td>
      <td>200 000 – 350 000 ₽</td>
      <td>От 4000 ₽/чел + обслуживание</td>
    </tr>
    <tr>
      <td>Ведущий + DJ и оборудование</td>
      <td>80 000 – 150 000 ₽</td>
      <td>5 часов программы, звук и свет</td>
    </tr>
    <tr>
      <td>Шоу-программа / Интерактивы</td>
      <td>50 000 – 120 000 ₽</td>
      <td>Кавер-группа, фотозона или квест</td>
    </tr>
    <tr>
      <td>Фото и видеосъемка</td>
      <td>35 000 – 60 000 ₽</td>
      <td>6 часов работы + Reels/SMM клип</td>
    </tr>
  </tbody>
</table>

<h2>Совет от ивент-продюсеров EventPro СПб</h2>
<blockquote style=""border-left: 4px solid #6366f1; padding-left: 15px; font-style: italic; color: #475569;"">
«Главный фактор успеха корпоратива в Петербурге — закладывать резерв по времени и погоде. Всегда проверяйте наличие отапливаемой закрытой зоны и заказывайте трансфер с запасом 20 минут.»
</blockquote>

<h2>Часто задаваемые вопросы (FAQ)</h2>
<h3>За сколько недель до даты нужно бронировать локацию?</h3>
<p>Для летнего сезона и декабря в СПб оптимальный срок — за 2-4 месяца. В обычные месяцы достаточно 3-4 недель.</p>

<h3>Можно ли привезти свой алкоголь?</h3>
<p>Большинство заведений СПб предоставляют такую возможность с уплатой пробкового сбора (от 300 до 800 руб/чел) либо при достижении минимального чека депозита.</p>

<h2>Бесплатный подбор площадок в Санкт-Петербурге</h2>
<p>Оставьте заявку, и наши специалисты бесплатно подготовят для вас расчет сметы и подборку из 5 лучших площадок под ваш бюджет за 30 минут!</p>",2027-01-12 12:00:00,2027-01-12 12:00:00,published,"Гайд СПб 2027: Бриф: даты, бюджет, количество гостей, предпочтения по еде, табу и желаемые результаты ивента.",article-95-как-правильно-составить-тз,https://images.tildacdn.com/corporate_event_spb_6.jpg,Организация и Чек-листы,"Организация и Чек-листы, СПб, 2027, Гайд",Как правильно составить ТЗ для event-агентства в Санкт-Петербурге | Гайд СПб 2027,"Статья: Как правильно составить ТЗ для event-агентства в Санкт-Петербурге. Бриф: даты, бюджет, количество гостей, предпочтения по еде, табу и желаемые результаты ивента. Полный разбор смет, чек-листов и лучших мест в Санкт-Петербурге.","тз для ивент агентства спб, корпоратив спб, организация мероприятий петербург"
Опрос сотрудников перед корпоративом: как угодить всей команде,"<p class=""lead""><strong>Опрос сотрудников перед корпоративом: как угодить всей команде</strong> — ключевое руководство по организации идеального корпоративного мероприятия в Санкт-Петербурге и Ленинградской области в 2027 году. Онлайн-анкета Google Forms / Яндекс Формы: выбор даты, предпочтения по алкоголю и аллергиям.</p>

<h2>Почему тема «Опрос сотрудников перед корпоративом: как угодить всей команде» актуальна для бизнеса в Санкт-Петербурге</h2>
<p>Организация корпоративного ивента в Северной Столице требует учета географических особенностей, формата площадки и специфики петербургской погоды. Выбирая данный формат, компании получают:</p>

<ul>
  <li><strong>Высокую вовлеченность (eNPS):</strong> До 95% положительных отзывов коллектива.</li>
  <li><strong>Сильный HR-бренд:</strong> Привлечение топовых кадров из IT и коммерческого сектора СПб.</li>
  <li><strong>Финансовую прозрачность:</strong> Четкое понимание структуры сметы без скрытых переплат.</li>
</ul>

<h2>Ключевые этапы и практические рекомендации по шагам</h2>
<p>При подготовке темы <em>опрос сотрудников перед корпоративом: как угодить всей команде</em> в Санкт-Петербурге рекомендуется соблюдать следующий алгоритм:</p>

<ol>
  <li><strong>Анализ площадки и логистики:</strong> Проверка транспортной доступности (метро, Западный Скоростной Диаметр, трансфер), парковки и технической оснащенности.</li>
  <li><strong>Согласование меню и напитков:</strong> Расчет 1200-1500г еды на человека, дегустация блюд и согласование условий по алкоголю.</li>
  <li><strong>Сценарий и шоу-программа:</strong> Наполнение интерактивами, подбор профессионального ведущего и кавер-группы.</li>
  <li><strong>Техническое обеспечение:</strong> Аренда качественного звука (не менее 3 кВт), света, экранов и дежурство техников.</li>
</ol>

<h2>Примерная структура сметы для СПб (из расчета на 50 человек)</h2>
<table border=""1"" cellpadding=""10"" cellspacing=""0"" style=""width:100%; border-collapse:collapse; margin:15px 0;"">
  <thead>
    <tr style=""background-color:#1e293b; color:#ffffff;"">
      <th>Категория расходов</th>
      <th>Средняя стоимость в СПб</th>
      <th>Примечание</th>
    </tr>
  </thead>
  <tbody>
    <tr>
      <td>Аренда площадки / Банкет</td>
      <td>200 000 – 350 000 ₽</td>
      <td>От 4000 ₽/чел + обслуживание</td>
    </tr>
    <tr>
      <td>Ведущий + DJ и оборудование</td>
      <td>80 000 – 150 000 ₽</td>
      <td>5 часов программы, звук и свет</td>
    </tr>
    <tr>
      <td>Шоу-программа / Интерактивы</td>
      <td>50 000 – 120 000 ₽</td>
      <td>Кавер-группа, фотозона или квест</td>
    </tr>
    <tr>
      <td>Фото и видеосъемка</td>
      <td>35 000 – 60 000 ₽</td>
      <td>6 часов работы + Reels/SMM клип</td>
    </tr>
  </tbody>
</table>

<h2>Совет от ивент-продюсеров EventPro СПб</h2>
<blockquote style=""border-left: 4px solid #6366f1; padding-left: 15px; font-style: italic; color: #475569;"">
«Главный фактор успеха корпоратива в Петербурге — закладывать резерв по времени и погоде. Всегда проверяйте наличие отапливаемой закрытой зоны и заказывайте трансфер с запасом 20 минут.»
</blockquote>

<h2>Часто задаваемые вопросы (FAQ)</h2>
<h3>За сколько недель до даты нужно бронировать локацию?</h3>
<p>Для летнего сезона и декабря в СПб оптимальный срок — за 2-4 месяца. В обычные месяцы достаточно 3-4 недель.</p>

<h3>Можно ли привезти свой алкоголь?</h3>
<p>Большинство заведений СПб предоставляют такую возможность с уплатой пробкового сбора (от 300 до 800 руб/чел) либо при достижении минимального чека депозита.</p>

<h2>Бесплатный подбор площадок в Санкт-Петербурге</h2>
<p>Оставьте заявку, и наши специалисты бесплатно подготовят для вас расчет сметы и подборку из 5 лучших площадок под ваш бюджет за 30 минут!</p>",2027-01-13 12:00:00,2027-01-13 12:00:00,published,"Гайд СПб 2027: Онлайн-анкета Google Forms / Яндекс Формы: выбор даты, предпочтения по алкоголю и аллергиям.",article-96-опрос-сотрудников-перед-корпоративом,https://images.tildacdn.com/corporate_event_spb_7.jpg,Организация и Чек-листы,"Организация и Чек-листы, СПб, 2027, Гайд",Опрос сотрудников перед корпоративом: как угодить всей команде | Гайд СПб 2027,"Статья: Опрос сотрудников перед корпоративом: как угодить всей команде. Онлайн-анкета Google Forms / Яндекс Формы: выбор даты, предпочтения по алкоголю и аллергиям. Полный разбор смет, чек-листов и лучших мест в Санкт-Петербурге.","анкета сотрудников перед корпоративом, корпоратив спб, организация мероприятий петербург"
Дресс-код в пригласительном: правила Петербургского этикета,"<p class=""lead""><strong>Дресс-код в пригласительном: правила Петербургского этикета</strong> — ключевое руководство по организации идеального корпоративного мероприятия в Санкт-Петербурге и Ленинградской области в 2027 году. Как вежливо объяснить сотрудникам разницу между Black Tie, Cocktail и Casual в стильной открытке.</p>

<h2>Почему тема «Дресс-код в пригласительном: правила Петербургского этикета» актуальна для бизнеса в Санкт-Петербурге</h2>
<p>Организация корпоративного ивента в Северной Столице требует учета географических особенностей, формата площадки и специфики петербургской погоды. Выбирая данный формат, компании получают:</p>

<ul>
  <li><strong>Высокую вовлеченность (eNPS):</strong> До 95% положительных отзывов коллектива.</li>
  <li><strong>Сильный HR-бренд:</strong> Привлечение топовых кадров из IT и коммерческого сектора СПб.</li>
  <li><strong>Финансовую прозрачность:</strong> Четкое понимание структуры сметы без скрытых переплат.</li>
</ul>

<h2>Ключевые этапы и практические рекомендации по шагам</h2>
<p>При подготовке темы <em>дресс-код в пригласительном: правила петербургского этикета</em> в Санкт-Петербурге рекомендуется соблюдать следующий алгоритм:</p>

<ol>
  <li><strong>Анализ площадки и логистики:</strong> Проверка транспортной доступности (метро, Западный Скоростной Диаметр, трансфер), парковки и технической оснащенности.</li>
  <li><strong>Согласование меню и напитков:</strong> Расчет 1200-1500г еды на человека, дегустация блюд и согласование условий по алкоголю.</li>
  <li><strong>Сценарий и шоу-программа:</strong> Наполнение интерактивами, подбор профессионального ведущего и кавер-группы.</li>
  <li><strong>Техническое обеспечение:</strong> Аренда качественного звука (не менее 3 кВт), света, экранов и дежурство техников.</li>
</ol>

<h2>Примерная структура сметы для СПб (из расчета на 50 человек)</h2>
<table border=""1"" cellpadding=""10"" cellspacing=""0"" style=""width:100%; border-collapse:collapse; margin:15px 0;"">
  <thead>
    <tr style=""background-color:#1e293b; color:#ffffff;"">
      <th>Категория расходов</th>
      <th>Средняя стоимость в СПб</th>
      <th>Примечание</th>
    </tr>
  </thead>
  <tbody>
    <tr>
      <td>Аренда площадки / Банкет</td>
      <td>200 000 – 350 000 ₽</td>
      <td>От 4000 ₽/чел + обслуживание</td>
    </tr>
    <tr>
      <td>Ведущий + DJ и оборудование</td>
      <td>80 000 – 150 000 ₽</td>
      <td>5 часов программы, звук и свет</td>
    </tr>
    <tr>
      <td>Шоу-программа / Интерактивы</td>
      <td>50 000 – 120 000 ₽</td>
      <td>Кавер-группа, фотозона или квест</td>
    </tr>
    <tr>
      <td>Фото и видеосъемка</td>
      <td>35 000 – 60 000 ₽</td>
      <td>6 часов работы + Reels/SMM клип</td>
    </tr>
  </tbody>
</table>

<h2>Совет от ивент-продюсеров EventPro СПб</h2>
<blockquote style=""border-left: 4px solid #6366f1; padding-left: 15px; font-style: italic; color: #475569;"">
«Главный фактор успеха корпоратива в Петербурге — закладывать резерв по времени и погоде. Всегда проверяйте наличие отапливаемой закрытой зоны и заказывайте трансфер с запасом 20 минут.»
</blockquote>

<h2>Часто задаваемые вопросы (FAQ)</h2>
<h3>За сколько недель до даты нужно бронировать локацию?</h3>
<p>Для летнего сезона и декабря в СПб оптимальный срок — за 2-4 месяца. В обычные месяцы достаточно 3-4 недель.</p>

<h3>Можно ли привезти свой алкоголь?</h3>
<p>Большинство заведений СПб предоставляют такую возможность с уплатой пробкового сбора (от 300 до 800 руб/чел) либо при достижении минимального чека депозита.</p>

<h2>Бесплатный подбор площадок в Санкт-Петербурге</h2>
<p>Оставьте заявку, и наши специалисты бесплатно подготовят для вас расчет сметы и подборку из 5 лучших площадок под ваш бюджет за 30 минут!</p>",2027-01-14 12:00:00,2027-01-14 12:00:00,published,"Гайд СПб 2027: Как вежливо объяснить сотрудникам разницу между Black Tie, Cocktail и Casual в стильной открытке.",article-97-дресс-код-в-пригласительном-правила,https://images.tildacdn.com/corporate_event_spb_8.jpg,Организация и Чек-листы,"Организация и Чек-листы, СПб, 2027, Гайд",Дресс-код в пригласительном: правила Петербургского этикета | Гайд СПб 2027,"Статья: Дресс-код в пригласительном: правила Петербургского этикета. Как вежливо объяснить сотрудникам разницу между Black Tie, Cocktail и Casual в стильной открытке. Полный разбор смет, чек-листов и лучших мест в Санкт-Петербурге.","дресс код в приглашении спб, корпоратив спб, организация мероприятий петербург"
Оценка ROI и HR-эффективности корпоратива для компаний СПб,"<p class=""lead""><strong>Оценка ROI и HR-эффективности корпоратива для компаний СПб</strong> — ключевое руководство по организации идеального корпоративного мероприятия в Санкт-Петербурге и Ленинградской области в 2027 году. Метрики: eNPS сотрудников, снижения процента увольнений, активность в соцсетях и динамика продаж.</p>

<h2>Почему тема «Оценка ROI и HR-эффективности корпоратива для компаний СПб» актуальна для бизнеса в Санкт-Петербурге</h2>
<p>Организация корпоративного ивента в Северной Столице требует учета географических особенностей, формата площадки и специфики петербургской погоды. Выбирая данный формат, компании получают:</p>

<ul>
  <li><strong>Высокую вовлеченность (eNPS):</strong> До 95% положительных отзывов коллектива.</li>
  <li><strong>Сильный HR-бренд:</strong> Привлечение топовых кадров из IT и коммерческого сектора СПб.</li>
  <li><strong>Финансовую прозрачность:</strong> Четкое понимание структуры сметы без скрытых переплат.</li>
</ul>

<h2>Ключевые этапы и практические рекомендации по шагам</h2>
<p>При подготовке темы <em>оценка roi и hr-эффективности корпоратива для компаний спб</em> в Санкт-Петербурге рекомендуется соблюдать следующий алгоритм:</p>

<ol>
  <li><strong>Анализ площадки и логистики:</strong> Проверка транспортной доступности (метро, Западный Скоростной Диаметр, трансфер), парковки и технической оснащенности.</li>
  <li><strong>Согласование меню и напитков:</strong> Расчет 1200-1500г еды на человека, дегустация блюд и согласование условий по алкоголю.</li>
  <li><strong>Сценарий и шоу-программа:</strong> Наполнение интерактивами, подбор профессионального ведущего и кавер-группы.</li>
  <li><strong>Техническое обеспечение:</strong> Аренда качественного звука (не менее 3 кВт), света, экранов и дежурство техников.</li>
</ol>

<h2>Примерная структура сметы для СПб (из расчета на 50 человек)</h2>
<table border=""1"" cellpadding=""10"" cellspacing=""0"" style=""width:100%; border-collapse:collapse; margin:15px 0;"">
  <thead>
    <tr style=""background-color:#1e293b; color:#ffffff;"">
      <th>Категория расходов</th>
      <th>Средняя стоимость в СПб</th>
      <th>Примечание</th>
    </tr>
  </thead>
  <tbody>
    <tr>
      <td>Аренда площадки / Банкет</td>
      <td>200 000 – 350 000 ₽</td>
      <td>От 4000 ₽/чел + обслуживание</td>
    </tr>
    <tr>
      <td>Ведущий + DJ и оборудование</td>
      <td>80 000 – 150 000 ₽</td>
      <td>5 часов программы, звук и свет</td>
    </tr>
    <tr>
      <td>Шоу-программа / Интерактивы</td>
      <td>50 000 – 120 000 ₽</td>
      <td>Кавер-группа, фотозона или квест</td>
    </tr>
    <tr>
      <td>Фото и видеосъемка</td>
      <td>35 000 – 60 000 ₽</td>
      <td>6 часов работы + Reels/SMM клип</td>
    </tr>
  </tbody>
</table>

<h2>Совет от ивент-продюсеров EventPro СПб</h2>
<blockquote style=""border-left: 4px solid #6366f1; padding-left: 15px; font-style: italic; color: #475569;"">
«Главный фактор успеха корпоратива в Петербурге — закладывать резерв по времени и погоде. Всегда проверяйте наличие отапливаемой закрытой зоны и заказывайте трансфер с запасом 20 минут.»
</blockquote>

<h2>Часто задаваемые вопросы (FAQ)</h2>
<h3>За сколько недель до даты нужно бронировать локацию?</h3>
<p>Для летнего сезона и декабря в СПб оптимальный срок — за 2-4 месяца. В обычные месяцы достаточно 3-4 недель.</p>

<h3>Можно ли привезти свой алкоголь?</h3>
<p>Большинство заведений СПб предоставляют такую возможность с уплатой пробкового сбора (от 300 до 800 руб/чел) либо при достижении минимального чека депозита.</p>

<h2>Бесплатный подбор площадок в Санкт-Петербурге</h2>
<p>Оставьте заявку, и наши специалисты бесплатно подготовят для вас расчет сметы и подборку из 5 лучших площадок под ваш бюджет за 30 минут!</p>",2027-01-15 12:00:00,2027-01-15 12:00:00,published,"Гайд СПб 2027: Метрики: eNPS сотрудников, снижения процента увольнений, активность в соцсетях и динамика продаж.",article-98-оценка-roi-и-hr-эффективности,https://images.tildacdn.com/corporate_event_spb_9.jpg,Организация и Чек-листы,"Организация и Чек-листы, СПб, 2027, Гайд",Оценка ROI и HR-эффективности корпоратива для компаний СПб | Гайд СПб 2027,"Статья: Оценка ROI и HR-эффективности корпоратива для компаний СПб. Метрики: eNPS сотрудников, снижения процента увольнений, активность в соцсетях и динамика продаж. Полный разбор смет, чек-листов и лучших мест в Санкт-Петербурге.","roi корпоратива эффективность спб, корпоратив спб, организация мероприятий петербург"
"Договор с площадками СПб: юр-тонкости, отмена из-за погоды и форс-мажор","<p class=""lead""><strong>Договор с площадками СПб: юр-тонкости, отмена из-за погоды и форс-мажор</strong> — ключевое руководство по организации идеального корпоративного мероприятия в Санкт-Петербурге и Ленинградской области в 2027 году. Штрафные санкции при отмене, форс-мажорные оговорки, материальная ответственность за посуду и декор.</p>

<h2>Почему тема «Договор с площадками СПб: юр-тонкости, отмена из-за погоды и форс-мажор» актуальна для бизнеса в Санкт-Петербурге</h2>
<p>Организация корпоративного ивента в Северной Столице требует учета географических особенностей, формата площадки и специфики петербургской погоды. Выбирая данный формат, компании получают:</p>

<ul>
  <li><strong>Высокую вовлеченность (eNPS):</strong> До 95% положительных отзывов коллектива.</li>
  <li><strong>Сильный HR-бренд:</strong> Привлечение топовых кадров из IT и коммерческого сектора СПб.</li>
  <li><strong>Финансовую прозрачность:</strong> Четкое понимание структуры сметы без скрытых переплат.</li>
</ul>

<h2>Ключевые этапы и практические рекомендации по шагам</h2>
<p>При подготовке темы <em>договор с площадками спб: юр-тонкости, отмена из-за погоды и форс-мажор</em> в Санкт-Петербурге рекомендуется соблюдать следующий алгоритм:</p>

<ol>
  <li><strong>Анализ площадки и логистики:</strong> Проверка транспортной доступности (метро, Западный Скоростной Диаметр, трансфер), парковки и технической оснащенности.</li>
  <li><strong>Согласование меню и напитков:</strong> Расчет 1200-1500г еды на человека, дегустация блюд и согласование условий по алкоголю.</li>
  <li><strong>Сценарий и шоу-программа:</strong> Наполнение интерактивами, подбор профессионального ведущего и кавер-группы.</li>
  <li><strong>Техническое обеспечение:</strong> Аренда качественного звука (не менее 3 кВт), света, экранов и дежурство техников.</li>
</ol>

<h2>Примерная структура сметы для СПб (из расчета на 50 человек)</h2>
<table border=""1"" cellpadding=""10"" cellspacing=""0"" style=""width:100%; border-collapse:collapse; margin:15px 0;"">
  <thead>
    <tr style=""background-color:#1e293b; color:#ffffff;"">
      <th>Категория расходов</th>
      <th>Средняя стоимость в СПб</th>
      <th>Примечание</th>
    </tr>
  </thead>
  <tbody>
    <tr>
      <td>Аренда площадки / Банкет</td>
      <td>200 000 – 350 000 ₽</td>
      <td>От 4000 ₽/чел + обслуживание</td>
    </tr>
    <tr>
      <td>Ведущий + DJ и оборудование</td>
      <td>80 000 – 150 000 ₽</td>
      <td>5 часов программы, звук и свет</td>
    </tr>
    <tr>
      <td>Шоу-программа / Интерактивы</td>
      <td>50 000 – 120 000 ₽</td>
      <td>Кавер-группа, фотозона или квест</td>
    </tr>
    <tr>
      <td>Фото и видеосъемка</td>
      <td>35 000 – 60 000 ₽</td>
      <td>6 часов работы + Reels/SMM клип</td>
    </tr>
  </tbody>
</table>

<h2>Совет от ивент-продюсеров EventPro СПб</h2>
<blockquote style=""border-left: 4px solid #6366f1; padding-left: 15px; font-style: italic; color: #475569;"">
«Главный фактор успеха корпоратива в Петербурге — закладывать резерв по времени и погоде. Всегда проверяйте наличие отапливаемой закрытой зоны и заказывайте трансфер с запасом 20 минут.»
</blockquote>

<h2>Часто задаваемые вопросы (FAQ)</h2>
<h3>За сколько недель до даты нужно бронировать локацию?</h3>
<p>Для летнего сезона и декабря в СПб оптимальный срок — за 2-4 месяца. В обычные месяцы достаточно 3-4 недель.</p>

<h3>Можно ли привезти свой алкоголь?</h3>
<p>Большинство заведений СПб предоставляют такую возможность с уплатой пробкового сбора (от 300 до 800 руб/чел) либо при достижении минимального чека депозита.</p>

<h2>Бесплатный подбор площадок в Санкт-Петербурге</h2>
<p>Оставьте заявку, и наши специалисты бесплатно подготовят для вас расчет сметы и подборку из 5 лучших площадок под ваш бюджет за 30 минут!</p>",2027-01-16 12:00:00,2027-01-16 12:00:00,published,"Гайд СПб 2027: Штрафные санкции при отмене, форс-мажорные оговорки, материальная ответственность за посуду и декор.",article-99-договор-с-площадками-спб,https://images.tildacdn.com/corporate_event_spb_10.jpg,Организация и Чек-листы,"Организация и Чек-листы, СПб, 2027, Гайд","Договор с площадками СПб: юр-тонкости, отмена из-за погоды и форс-мажор | Гайд СПб 2027","Статья: Договор с площадками СПб: юр-тонкости, отмена из-за погоды и форс-мажор. Штрафные санкции при отмене, форс-мажорные оговорки, материальная ответственность за посуду и декор. Полный разбор смет, чек-листов и лучших мест в Санкт-Петербурге.","договор аренды площадки спб форс мажор, корпоратив спб, организация мероприятий петербург"
Топ-10 ошибок при организации корпоратива в Санкт-Петербурге,"<p class=""lead""><strong>Топ-10 ошибок при организации корпоратива в Санкт-Петербурге</strong> — ключевое руководство по организации идеального корпоративного мероприятия в Санкт-Петербурге и Ленинградской области в 2027 году. Чего нельзя делать: длинные официальные речи более 15 минут, экономия на звуке, отсутствие трансфера.</p>

<h2>Почему тема «Топ-10 ошибок при организации корпоратива в Санкт-Петербурге» актуальна для бизнеса в Санкт-Петербурге</h2>
<p>Организация корпоративного ивента в Северной Столице требует учета географических особенностей, формата площадки и специфики петербургской погоды. Выбирая данный формат, компании получают:</p>

<ul>
  <li><strong>Высокую вовлеченность (eNPS):</strong> До 95% положительных отзывов коллектива.</li>
  <li><strong>Сильный HR-бренд:</strong> Привлечение топовых кадров из IT и коммерческого сектора СПб.</li>
  <li><strong>Финансовую прозрачность:</strong> Четкое понимание структуры сметы без скрытых переплат.</li>
</ul>

<h2>Ключевые этапы и практические рекомендации по шагам</h2>
<p>При подготовке темы <em>топ-10 ошибок при организации корпоратива в санкт-петербурге</em> в Санкт-Петербурге рекомендуется соблюдать следующий алгоритм:</p>

<ol>
  <li><strong>Анализ площадки и логистики:</strong> Проверка транспортной доступности (метро, Западный Скоростной Диаметр, трансфер), парковки и технической оснащенности.</li>
  <li><strong>Согласование меню и напитков:</strong> Расчет 1200-1500г еды на человека, дегустация блюд и согласование условий по алкоголю.</li>
  <li><strong>Сценарий и шоу-программа:</strong> Наполнение интерактивами, подбор профессионального ведущего и кавер-группы.</li>
  <li><strong>Техническое обеспечение:</strong> Аренда качественного звука (не менее 3 кВт), света, экранов и дежурство техников.</li>
</ol>

<h2>Примерная структура сметы для СПб (из расчета на 50 человек)</h2>
<table border=""1"" cellpadding=""10"" cellspacing=""0"" style=""width:100%; border-collapse:collapse; margin:15px 0;"">
  <thead>
    <tr style=""background-color:#1e293b; color:#ffffff;"">
      <th>Категория расходов</th>
      <th>Средняя стоимость в СПб</th>
      <th>Примечание</th>
    </tr>
  </thead>
  <tbody>
    <tr>
      <td>Аренда площадки / Банкет</td>
      <td>200 000 – 350 000 ₽</td>
      <td>От 4000 ₽/чел + обслуживание</td>
    </tr>
    <tr>
      <td>Ведущий + DJ и оборудование</td>
      <td>80 000 – 150 000 ₽</td>
      <td>5 часов программы, звук и свет</td>
    </tr>
    <tr>
      <td>Шоу-программа / Интерактивы</td>
      <td>50 000 – 120 000 ₽</td>
      <td>Кавер-группа, фотозона или квест</td>
    </tr>
    <tr>
      <td>Фото и видеосъемка</td>
      <td>35 000 – 60 000 ₽</td>
      <td>6 часов работы + Reels/SMM клип</td>
    </tr>
  </tbody>
</table>

<h2>Совет от ивент-продюсеров EventPro СПб</h2>
<blockquote style=""border-left: 4px solid #6366f1; padding-left: 15px; font-style: italic; color: #475569;"">
«Главный фактор успеха корпоратива в Петербурге — закладывать резерв по времени и погоде. Всегда проверяйте наличие отапливаемой закрытой зоны и заказывайте трансфер с запасом 20 минут.»
</blockquote>

<h2>Часто задаваемые вопросы (FAQ)</h2>
<h3>За сколько недель до даты нужно бронировать локацию?</h3>
<p>Для летнего сезона и декабря в СПб оптимальный срок — за 2-4 месяца. В обычные месяцы достаточно 3-4 недель.</p>

<h3>Можно ли привезти свой алкоголь?</h3>
<p>Большинство заведений СПб предоставляют такую возможность с уплатой пробкового сбора (от 300 до 800 руб/чел) либо при достижении минимального чека депозита.</p>

<h2>Бесплатный подбор площадок в Санкт-Петербурге</h2>
<p>Оставьте заявку, и наши специалисты бесплатно подготовят для вас расчет сметы и подборку из 5 лучших площадок под ваш бюджет за 30 минут!</p>",2027-01-17 12:00:00,2027-01-17 12:00:00,published,"Гайд СПб 2027: Чего нельзя делать: длинные официальные речи более 15 минут, экономия на звуке, отсутствие трансфера.",article-100-топ-10-ошибок-при-организации,https://images.tildacdn.com/corporate_event_spb_1.jpg,Организация и Чек-листы,"Организация и Чек-листы, СПб, 2027, Гайд",Топ-10 ошибок при организации корпоратива в Санкт-Петербурге | Гайд СПб 2027,"Статья: Топ-10 ошибок при организации корпоратива в Санкт-Петербурге. Чего нельзя делать: длинные официальные речи более 15 минут, экономия на звуке, отсутствие трансфера. Полный разбор смет, чек-листов и лучших мест в Санкт-Петербурге.","ошибки при организации корпоратива спб, корпоратив спб, организация мероприятий петербург"
